relno,rtype,rlamt3,rlamt4,rdisc,order1,yearm,purno,faddover,indexs
109[車牌][電話],支票  ,,5700.0,0.0,訂金  ,,,,1.0
109[車牌][電話],    ,0.0,0.0,0.0,,,,,3.0
109[車牌][電話],支票  ,0.0,8350.0,0.0,訂金  ,,,,1.0
109[車牌][電話],支票  ,0.0,3450.0,0.0,訂金  ,,,,1.0
109[車牌][電話],現金  ,0.0,4000.0,0.0,訂金  ,,,,1.0
109[車牌][電話],支票  ,0.0,12000.0,0.0,訂金  ,,,,1.0
109[車牌][電話],支票  ,4540.0,4540.0,0.0,,202006.0,,,1.0
109[車牌][電話],支票  ,1750.0,1750.0,0.0,,202007.0,,,1.0
109[車牌][電話],支票  ,3250.0,3250.0,0.0,,202008.0,,,2.0
109[車牌][電話],支票  ,15210.0,15500.0,0.0,溢付  ,202007.0,,,1.0
109[車牌][電話],    ,0.0,0.0,0.0,,,,,3.0
109[車牌][電話],    ,0.0,0.0,0.0,,,,,2.0
109[車牌][電話],支票  ,0.0,6400.0,0.0,訂金  ,,,,1.0
109[車牌][電話],    ,0.0,0.0,0.0,,,,,2.0
109[車牌][電話],現金  ,1500.0,1500.0,0.0,,202008.0,,,1.0
109[車牌][電話],現金  ,1600.0,1600.0,0.0,,202008.0,,,1.0
109[車牌][電話],現金  ,0.0,2600.0,0.0,訂金  ,,,,1.0
109[車牌][電話],支票  ,0.0,24600.0,0.0,訂金  ,,,,1.0
109[車牌][電話],    ,0.0,0.0,0.0,,,,,2.0
109[車牌][電話],現金  ,0.0,1770.0,0.0,訂金  ,,,,1.0
109[車牌][電話],現金  ,2195.0,2085.0,0.0,訂金  ,,,,1.0
109[車牌][電話],    ,0.0,0.0,0.0,,,,,3.0
109[車牌][電話],    ,0.0,0.0,0.0,,,,,2.0
109[車牌][電話],現金  ,0.0,3497.0,0.0,訂金  ,,,,1.0
109[車牌][電話],現金  ,1050.0,1050.0,0.0,,202008.0,,,1.0
109[車牌][電話],現金  ,1400.0,1400.0,0.0,,202009.0,,,2.0
109[車牌][電話],支票  ,5000.0,3780.0,1220.0,    ,202007.0,,,1.0
109[車牌][電話],    ,0.0,0.0,0.0,,,,,2.0
109[車牌][電話],現金  ,3600.0,2850.0,750.0,    ,202005.0,,,1.0
109[車牌][電話],支票  ,2000.0,2000.0,0.0,,202008.0,,,1.0
109[車牌][電話],支票  ,9200.0,7700.0,1500.0,    ,191209.0,,,2.0
109[車牌][電話],支票  ,10400.0,10400.0,0.0,,202008.0,,,1.0
109[車牌][電話],支票  ,11300.0,11300.0,0.0,,202009.0,,,1.0
109[車牌][電話],    ,0.0,0.0,0.0,,,,,2.0
109[車牌][電話],支票  ,3480.0,3480.0,0.0,訂金  ,,,,2.0
109[車牌][電話],    ,0.0,0.0,0.0,,,,,4.0
109[車牌][電話],現金  ,1420.0,1420.0,0.0,,202008.0,,,1.0
109[車牌][電話],現金  ,-450.0,-450.0,0.0,,202009.0,,,2.0
109[車牌][電話],現金  ,6100.0,5900.0,200.0,    ,202008.0,,,1.0
109[車牌][電話],現金  ,0.0,2035.0,0.0,訂金  ,,,,1.0
109[車牌][電話],    ,0.0,0.0,0.0,,,,,2.0
109[車牌][電話],現金  ,0.0,2090.0,0.0,訂金  ,,,,1.0
109[車牌][電話],現金  ,3260.0,3090.0,170.0,    ,202009.0,,,1.0
109[車牌][電話],支票  ,23980.0,19700.0,4280.0,    ,202009.0,,,1.0
109[車牌][電話],支票  ,14800.0,14800.0,0.0,,202009.0,,,1.0
109[車牌][電話],支票  ,21350.0,21100.0,250.0,    ,202009.0,,,1.0
109[車牌][電話],支票  ,4502.0,2776.0,1726.0,    ,202009.0,,,1.0
109[車牌][電話],現金  ,0.0,3270.0,0.0,訂金  ,,,,1.0
109[車牌][電話],現金  ,0.0,3430.0,0.0,訂金  ,,,,3.0
109[車牌][電話],現金  ,150.0,150.0,0.0,,202008.0,,,1.0
109[車牌][電話],現金  ,900.0,900.0,0.0,,202009.0,,,2.0
109[車牌][電話],現金  ,2600.0,2600.0,0.0,,202010.0,,,3.0
109[車牌][電話],現金  ,200.0,200.0,0.0,,202011.0,,,4.0
109[車牌][電話],支票  ,1140.0,1140.0,0.0,,202009.0,,,1.0
109[車牌][電話],支票  ,4350.0,3050.0,1300.0,    ,202010.0,,,2.0
109[車牌][電話],現金  ,2550.0,2550.0,0.0,,202008.0,,,1.0
109[車牌][電話],現金  ,1200.0,1200.0,0.0,,202010.0,,,2.0
109[車牌][電話],現金  ,300.0,300.0,0.0,,202011.0,,,3.0
109[車牌][電話],支票  ,5250.0,5250.0,0.0,,202011.0,,,1.0
109[車牌][電話],支票  ,4710.0,4700.0,10.0,    ,202010.0,,,1.0
109[車牌][電話],支票  ,3000.0,3000.0,0.0,,202010.0,,,1.0
109[車牌][電話],支票  ,3600.0,3600.0,0.0,,202010.0,,,1.0
109[車牌][電話],支票  ,0.0,0.0,0.0,,202010.0,,,4.0
109[車牌][電話],支票  ,0.0,0.0,0.0,,202010.0,,,1.0
109[車牌][電話],支票  ,10448.0,14200.0,0.0,溢付  ,202010.0,,,2.0
109[車牌][電話],支票  ,0.0,11385.0,0.0,訂金  ,,,,3.0
109[車牌][電話],    ,0.0,0.0,0.0,,,,,5.0
109[車牌][電話],支票  ,9800.0,9800.0,0.0,,202010.0,,,2.0
109[車牌][電話],現金  ,6900.0,6900.0,0.0,,202007.0,,,1.0
109[車牌][電話],現金  ,0.0,0.0,0.0,,,,,2.0
109[車牌][電話],現金  ,2900.0,2900.0,0.0,,202012.0,,,1.0
109[車牌][電話],現金  ,5700.0,5700.0,0.0,,202011.0,,,1.0
109[車牌][電話],現金  ,0.0,0.0,0.0,,,,,2.0
109[車牌][電話],現金  ,0.0,0.0,0.0,,,,,1.0
109[車牌][電話],現金  ,12400.0,12400.0,0.0,,202012.0,,,1.0
109[車牌][電話],現金  ,0.0,3409.0,0.0,訂金  ,,,,1.0
109[車牌][電話],支票  ,6315.0,6300.0,15.0,    ,202011.0,,,1.0
109[車牌][電話],支票  ,9888.0,9200.0,688.0,    ,202012.0,,,1.0
109[車牌][電話],支票  ,7402.0,7402.0,0.0,,202011.0,,,1.0
109[車牌][電話],支票  ,16280.0,12400.0,3880.0,    ,202011.0,,,1.0
109[車牌][電話],現金  ,4500.0,4500.0,0.0,,202012.0,,,1.0
109[車牌][電話],現金  ,0.0,0.0,0.0,,,,,1.0
109[車牌][電話],現金  ,3888.0,3690.0,198.0,    ,202010.0,,,1.0
109[車牌][電話],現金  ,3850.0,3850.0,0.0,,202012.0,,,1.0
109[車牌][電話],現金  ,350.0,350.0,0.0,,202101.0,,,2.0
110[車牌][電話],現金  ,23000.0,23000.0,0.0,,202101.0,,,1.0
110[車牌][電話],現金  ,1200.0,1200.0,0.0,,202012.0,,,1.0
110[車牌][電話],現金  ,350.0,350.0,0.0,,202101.0,,,2.0
110[車牌][電話],現金  ,600.0,600.0,0.0,,202101.0,,,1.0
110[車牌][電話],現金  ,3660.0,3660.0,0.0,    ,202011.0,,,1.0
110[車牌][電話],現金  ,119.0,119.0,0.0,,202008.0,,,3.0
110[車牌][電話],現金  ,300.0,300.0,0.0,,202101.0,,,1.0
109[車牌][電話],支票  ,0.0,0.0,0.0,,202008.0,,,2.0
109[車牌][電話],現金  ,0.0,0.0,0.0,,202011.0,,,3.0
110[車牌][電話],現金  ,2200.0,2200.0,0.0,,202008.0,,,1.0
110[車牌][電話],現金  ,0.0,0.0,0.0,,,,,1.0
110[車牌][電話],支票  ,0.0,7390.0,0.0,訂金  ,,,,2.0
110[車牌][電話],現金  ,20000.0,20000.0,0.0,訂金  ,,,,1.0
110[車牌][電話],現金  ,2600.0,2600.0,0.0,,202008.0,,,1.0
110[車牌][電話],現金  ,0.0,0.0,0.0,,,,,2.0
110[車牌][電話],現金  ,20000.0,20000.0,0.0,,202012.0,,,1.0
110[車牌][電話],現金  ,938.0,938.0,0.0,,192199.0,,,1.0
110[車牌][電話],現金  ,0.0,0.0,0.0,,,,,2.0
110[車牌][電話],現金  ,1270.0,1270.0,0.0,,202004.0,,,1.0
110[車牌][電話],現金  ,0.0,0.0,0.0,,,,,2.0
110[車牌][電話],現金  ,1900.0,1900.0,0.0,訂金  ,,,,1.0
110[車牌][電話],現金  ,6200.0,6010.0,190.0,    ,202011.0,,,1.0
110[車牌][電話],現金  ,2600.0,2500.0,100.0,    ,202012.0,,,2.0
110[車牌][電話],現金  ,1600.0,1600.0,0.0,訂金  ,,,,1.0
110[車牌][電話],支票  ,21100.0,21100.0,0.0,訂金  ,,,,1.0
110[車牌][電話],現金  ,4200.0,4200.0,0.0,訂金  ,,,,3.0
110[車牌][電話],現金  ,23000.0,23000.0,0.0,訂金  ,,,,4.0
110[車牌][電話],現金  ,4336.0,4336.0,0.0,,202009.0,,,1.0
110[車牌][電話],現金  ,0.0,6468.0,0.0,訂金  ,,,,2.0
110[車牌][電話],現金  ,1010.0,1000.0,10.0,    ,202101.0,,,1.0
110[車牌][電話],現金  ,3500.0,3300.0,200.0,    ,202012.0,,,1.0
110[車牌][電話],支票  ,15135.0,16300.0,0.0,溢付  ,202012.0,,,1.0
110[車牌][電話],支票  ,7970.0,8100.0,0.0,溢付  ,202012.0,,,1.0
110[車牌][電話],支票  ,3520.0,3360.0,160.0,    ,202012.0,,,1.0
110[車牌][電話],支票  ,11270.0,11200.0,70.0,    ,202012.0,,,1.0
110[車牌][電話],支票  ,15450.0,14100.0,1350.0,    ,202012.0,,,1.0
110[車牌][電話],支票  ,11000.0,11000.0,0.0,,202101.0,,,1.0
110[車牌][電話],支票  ,12000.0,12000.0,0.0,,202101.0,,,1.0
110[車牌][電話],支票  ,0.0,0.0,0.0,,202101.0,,,1.0
110[車牌][電話],支票  ,0.0,0.0,0.0,,,,,1.0
110[車牌][電話],支票  ,10387.0,12800.0,0.0,溢付  ,202101.0,,,1.0
110[車牌][電話],支票  ,12000.0,12000.0,0.0,,202006.0,,,1.0
110[車牌][電話],支票  ,13000.0,13000.0,0.0,,202101.0,,,1.0
110[車牌][電話],支票  ,8600.0,8600.0,0.0,,202102.0,,,1.0
110[車牌][電話],支票  ,3380.0,3380.0,0.0,,202101.0,,,1.0
110[車牌][電話],支票  ,4800.0,4800.0,0.0,,202012.0,,,1.0
110[車牌][電話],支票  ,11500.0,11500.0,0.0,,202101.0,,,1.0
110[車牌][電話],現金  ,250.0,250.0,0.0,,202010.0,,,1.0
110[車牌][電話],現金  ,0.0,0.0,0.0,,,,,1.0
110[車牌][電話],現金  ,1220.0,1220.0,0.0,,202012.0,,,1.0
110[車牌][電話],現金  ,3450.0,3450.0,0.0,,202103.0,,,1.0
110[車牌][電話],支票  ,3896.0,3896.0,0.0,,202102.0,,,1.0
110[車牌][電話],支票  ,10118.0,10120.0,0.0,溢付  ,202101.0,,,1.0
110[車牌][電話],現金  ,0.0,0.0,0.0,,,,,1.0
110[車牌][電話],支票  ,5867.0,5600.0,267.0,    ,202103.0,,,1.0
110[車牌][電話],支票  ,5620.0,5620.0,0.0,,201909.0,,,1.0
110[車牌][電話],支票  ,7300.0,7300.0,0.0,,202006.0,,,2.0
110[車牌][電話],支票  ,5780.0,5780.0,0.0,,202008.0,,,3.0
110[車牌][電話],支票  ,-6110.0,-6110.0,0.0,,202009.0,,,4.0
110[車牌][電話],現金  ,3750.0,3750.0,0.0,,202102.0,,,2.0
110[車牌][電話],現金  ,7000.0,7000.0,0.0,,202104.0,,,3.0
110[車牌][電話],支票  ,22469.0,26900.0,0.0,溢付  ,202103.0,,,1.0
110[車牌][電話],支票  ,15000.0,16000.0,0.0,溢付  ,202103.0,,,1.0
110[車牌][電話],支票  ,6914.0,6914.0,0.0,,202101.0,,,1.0
110[車牌][電話],支票  ,5962.0,5700.0,262.0,    ,202104.0,,,2.0
110[車牌][電話],支票  ,2000.0,2000.0,0.0,,202002.0,,,1.0
110[車牌][電話],現金  ,4000.0,4000.0,0.0,,202006.0,,,2.0
110[車牌][電話],支票  ,21100.0,21100.0,0.0,,202011.0,,,3.0
110[車牌][電話],支票  ,4200.0,4200.0,0.0,,202012.0,,,4.0
110[車牌][電話],支票  ,33000.0,33000.0,0.0,,202101.0,,,5.0
110[車牌][電話],支票  ,10000.0,10000.0,0.0,,202102.0,,,6.0
110[車牌][電話],支票  ,20800.0,20800.0,0.0,,202103.0,,,7.0
110[車牌][電話],現金  ,300.0,300.0,0.0,,202104.0,,,1.0
110[車牌][電話],現金  ,600.0,600.0,0.0,,202105.0,,,2.0
110[車牌][電話],現金  ,4750.0,4750.0,0.0,,202008.0,,,1.0
110[車牌][電話],現金  ,2430.0,2430.0,0.0,,202105.0,,,2.0
110[車牌][電話],現金  ,10384.0,10384.0,0.0,,202005.0,,,1.0
110[車牌][電話],現金  ,3700.0,3700.0,0.0,,202006.0,,,2.0
110[車牌][電話],現金  ,-250.0,-250.0,0.0,,202008.0,,,3.0
110[車牌][電話],現金  ,2480.0,2480.0,0.0,,202009.0,,,4.0
110[車牌][電話],現金  ,1097.0,1097.0,0.0,,202010.0,,,5.0
110[車牌][電話],現金  ,1929.0,1929.0,0.0,,202011.0,,,6.0
110[車牌][電話],現金  ,724.0,724.0,0.0,,202101.0,,,7.0
110[車牌][電話],支票  ,23588.0,20900.0,2688.0,    ,202102.0,,,5.0
110[車牌][電話],現金  ,6240.0,3648.0,2592.0,    ,202102.0,,,1.0
110[車牌][電話],現金  ,850.0,850.0,0.0,,202011.0,,,1.0
110[車牌][電話],現金  ,0.0,0.0,0.0,,,,,2.0
110[車牌][電話],現金  ,0.0,0.0,0.0,,,,,1.0
110[車牌][電話],現金  ,1400.0,1400.0,0.0,,202103.0,,,1.0
110[車牌][電話],現金  ,10150.0,10150.0,0.0,,202004.0,,,1.0
110[車牌][電話],現金  ,15270.0,15270.0,0.0,,202006.0,,,2.0
110[車牌][電話],現金  ,0.0,0.0,0.0,,,,,3.0
110[車牌][電話],現金  ,1900.0,1900.0,0.0,,202005.0,,,1.0
110[車牌][電話],現金  ,0.0,0.0,0.0,,,,,1.0
110[車牌][電話],現金  ,3720.0,3720.0,0.0,,202006.0,,,1.0
110[車牌][電話],支票  ,3732.0,3700.0,32.0,    ,202102.0,,,1.0
110[車牌][電話],支票  ,1600.0,1600.0,0.0,,202101.0,,,1.0
110[車牌][電話],現金  ,1200.0,1200.0,0.0,,202102.0,,,2.0
110[車牌][電話],現金  ,600.0,600.0,0.0,,202103.0,,,3.0
110[車牌][電話],現金  ,600.0,600.0,0.0,,202104.0,,,4.0
110[車牌][電話],現金  ,4170.0,4170.0,0.0,,201906.0,,,1.0
110[車牌][電話],現金  ,2090.0,2090.0,0.0,,201912.0,,,2.0
110[車牌][電話],現金  ,5435.0,5435.0,0.0,,202004.0,,,3.0
110[車牌][電話],現金  ,1650.0,1650.0,0.0,,202005.0,,,4.0
110[車牌][電話],支票  ,3170.0,3075.0,95.0,    ,202101.0,,,5.0
110[車牌][電話],現金  ,,3341.0,0.0,訂金  ,,,,1.0
110[車牌][電話],現金  ,4650.0,4650.0,0.0,,202012.0,,,1.0
110[車牌][電話],現金  ,5180.0,4300.0,880.0,    ,202103.0,,,8.0
110[車牌][電話],現金  ,4500.0,4500.0,0.0,,202104.0,,,1.0
110[車牌][電話],現金  ,7990.0,7990.0,0.0,,202007.0,,,1.0
110[車牌][電話],現金  ,1400.0,1400.0,0.0,,202010.0,,,2.0
110[車牌][電話],現金  ,2810.0,2810.0,0.0,,202011.0,,,3.0
110[車牌][電話],現金  ,3070.0,3070.0,0.0,,202102.0,,,4.0
110[車牌][電話],現金  ,3580.0,3472.0,108.0,    ,202103.0,,,5.0
110[車牌][電話],現金  ,130.0,130.0,0.0,,202101.0,,,1.0
110[車牌][電話],現金  ,1140.0,1140.0,0.0,,202105.0,,,2.0
110[車牌][電話],現金  ,4850.0,4850.0,0.0,,202101.0,,,1.0
110[車牌][電話],現金  ,1350.0,1350.0,0.0,,202105.0,,,2.0
110[車牌][電話],現金  ,1080.0,1080.0,0.0,,202105.0,,,1.0
110[車牌][電話],現金  ,3127.0,3034.0,93.0,    ,202104.0,,,1.0
110[車牌][電話],支票  ,6409.0,6400.0,9.0,    ,202104.0,,,1.0
110[車牌][電話],支票  ,13600.0,13600.0,0.0,,202104.0,,,1.0
110[車牌][電話],現金  ,4190.0,4000.0,190.0,    ,202104.0,,,1.0
110[車牌][電話],現金  ,3335.0,3335.0,0.0,,202101.0,,,1.0
110[車牌][電話],現金  ,2000.0,1900.0,100.0,    ,202104.0,,,1.0
110[車牌][電話],支票  ,10400.0,10400.0,0.0,,202004.0,,,1.0
110[車牌][電話],刷卡  ,3000.0,3000.0,0.0,,202007.0,,,2.0
110[車牌][電話],現金  ,5950.0,1700.0,4250.0,    ,202105.0,,,1.0
110[車牌][電話],現金  ,2510.0,2435.0,75.0,    ,202103.0,,,1.0
110[車牌][電話],現金  ,9850.0,9850.0,0.0,,202106.0,,,1.0
110[車牌][電話],現金  ,2860.0,2740.0,120.0,    ,202104.0,,,1.0
110[車牌][電話],現金  ,1734.0,1260.0,474.0,    ,202104.0,,,1.0
110[車牌][電話],現金  ,2195.0,2195.0,0.0,,202007.0,,,1.0
110[車牌][電話],現金  ,2500.0,2500.0,0.0,,202103.0,,,2.0
110[車牌][電話],現金  ,900.0,900.0,0.0,,202104.0,,,3.0
110[車牌][電話],現金  ,1600.0,1600.0,0.0,,202105.0,,,4.0
110[車牌][電話],現金  ,,3684.0,0.0,訂金  ,,,,1.0
110[車牌][電話],現金  ,550.0,550.0,0.0,,202105.0,,,1.0
110[車牌][電話],現金  ,1302.0,1300.0,2.0,    ,202105.0,,,1.0
110[車牌][電話],現金  ,3450.0,3381.0,69.0,    ,202106.0,,,1.0
110[車牌][電話],支票  ,6800.0,6800.0,0.0,,202105.0,,,1.0
110[車牌][電話],支票  ,4860.0,4850.0,10.0,    ,202105.0,,,1.0
110[車牌][電話],支票  ,2745.0,2745.0,0.0,,202106.0,,,1.0
110[車牌][電話],支票  ,10400.0,10400.0,0.0,,202105.0,,,1.0
110[車牌][電話],現金  ,-1090.0,3190.0,0.0,溢付  ,202104.0,,,1.0
110[車牌][電話],現金  ,1250.0,1250.0,0.0,,202012.0,,,1.0
110[車牌][電話],現金  ,1600.0,1600.0,0.0,,202101.0,,,2.0
110[車牌][電話],現金  ,1100.0,1100.0,0.0,,202102.0,,,3.0
110[車牌][電話],現金  ,1100.0,1100.0,0.0,,202103.0,,,4.0
110[車牌][電話],現金  ,1400.0,1400.0,0.0,,202104.0,,,5.0
110[車牌][電話],現金  ,2100.0,2100.0,0.0,,202105.0,,,6.0
110[車牌][電話],現金  ,1120.0,1120.0,0.0,,202106.0,,,7.0
110[車牌][電話],現金  ,1350.0,1350.0,0.0,,202107.0,,,8.0
110[車牌][電話],現金  ,2420.0,2312.0,108.0,    ,202104.0,,,1.0
110[車牌][電話],現金  ,3100.0,3100.0,0.0,,202007.0,,,1.0
110[車牌][電話],現金  ,600.0,600.0,0.0,,202009.0,,,2.0
110[車牌][電話],現金  ,15500.0,15500.0,0.0,,202102.0,,,3.0
110[車牌][電話],現金  ,24000.0,24000.0,0.0,,202106.0,,,4.0
110[車牌][電話],現金  ,2000.0,2000.0,0.0,,202107.0,,,1.0
110[車牌][電話],現金  ,3500.0,3500.0,0.0,,202106.0,,,1.0
110[車牌][電話],現金  ,1300.0,1300.0,0.0,,202107.0,,,2.0
110[車牌][電話],現金  ,3854.0,3779.0,75.0,    ,202107.0,,,1.0
110[車牌][電話],支票  ,16233.0,13000.0,3233.0,    ,202106.0,,,1.0
110[車牌][電話],支票  ,8550.0,8550.0,0.0,,202107.0,,,1.0
110[車牌][電話],現金  ,4800.0,4800.0,0.0,,202105.0,,,1.0
110[車牌][電話],現金  ,0.0,3000.0,0.0,訂金  ,,,,1.0
110[車牌][電話],現金  ,5000.0,4750.0,250.0,    ,202106.0,,,1.0
110[車牌][電話],現金  ,2819.0,2500.0,319.0,    ,202106.0,,,1.0
110[車牌][電話],現金  ,300.0,300.0,0.0,,202108.0,,,1.0
110[車牌][電話],現金  ,2280.0,2417.0,0.0,溢付  ,202106.0,,,1.0
110[車牌][電話],現金  ,6088.0,6088.0,0.0,,202006.0,,,1.0
110[車牌][電話],現金  ,1050.0,1050.0,0.0,,202105.0,,,2.0
110[車牌][電話],現金  ,3295.0,2900.0,395.0,    ,202107.0,,,3.0
110[車牌][電話],現金  ,,4597.0,0.0,訂金  ,,,,1.0
110[車牌][電話],支票  ,12152.0,11600.0,552.0,    ,202108.0,,,1.0
110[車牌][電話],支票  ,9580.0,12900.0,0.0,溢付  ,202107.0,,,1.0
110[車牌][電話],支票  ,4620.0,4620.0,0.0,,202002.0,,,1.0
110[車牌][電話],支票  ,8878.0,8878.0,0.0,,202003.0,,,2.0
110[車牌][電話],現金  ,5770.0,5597.0,173.0,    ,202107.0,,,1.0
110[車牌][電話],支票  ,9155.0,9155.0,0.0,,202005.0,,,3.0
110[車牌][電話],支票  ,10119.0,10119.0,0.0,,202006.0,,,4.0
110[車牌][電話],支票  ,3480.0,3480.0,0.0,,202008.0,,,5.0
110[車牌][電話],支票  ,5592.0,5592.0,0.0,,202101.0,,,6.0
110[車牌][電話],支票  ,7425.0,7400.0,25.0,    ,202107.0,,,7.0
110[車牌][電話],現金  ,289.0,280.0,9.0,    ,202108.0,,,2.0
110[車牌][電話],現金  ,0.0,1000.0,0.0,訂金  ,,,,1.0
110[車牌][電話],現金  ,4144.0,4144.0,0.0,,202105.0,,,1.0
110[車牌][電話],現金  ,2410.0,2300.0,110.0,    ,202107.0,,,2.0
110[車牌][電話],現金  ,6510.0,6500.0,10.0,    ,202108.0,,,1.0
110[車牌][電話],現金  ,1000.0,1000.0,0.0,,202105.0,,,1.0
110[車牌][電話],現金  ,2200.0,2200.0,0.0,,202108.0,,,1.0
110[車牌][電話],支票  ,0.0,26500.0,0.0,訂金  ,,,,1.0
110[車牌][電話],支票  ,5660.0,5660.0,0.0,,202107.0,,,1.0
110[車牌][電話],現金  ,9627.0,9627.0,0.0,,202011.0,,,1.0
110[車牌][電話],支票  ,4127.0,4127.0,0.0,,202012.0,,,2.0
110[車牌][電話],現金  ,161.0,161.0,0.0,,202102.0,,,3.0
110[車牌][電話],支票  ,8470.0,8470.0,0.0,,202103.0,,,4.0
110[車牌][電話],現金  ,4970.0,4800.0,170.0,    ,202107.0,,,5.0
110[車牌][電話],現金  ,2110.0,1900.0,210.0,    ,202107.0,,,1.0
110[車牌][電話],支票  ,13890.0,13300.0,590.0,    ,202108.0,,,1.0
110[車牌][電話],支票  ,4200.0,4200.0,0.0,,202107.0,,,1.0
110[車牌][電話],支票  ,7300.0,7300.0,0.0,,202108.0,,,2.0
110[車牌][電話],支票  ,23611.0,18700.0,4911.0,    ,202108.0,,,1.0
110[車牌][電話],支票  ,10800.0,10800.0,0.0,,202108.0,,,1.0
110[車牌][電話],現金  ,5783.0,3850.0,1933.0,    ,202109.0,,,1.0
110[車牌][電話],現金  ,4130.0,4000.0,130.0,    ,202108.0,,,1.0
110[車牌][電話],現金  ,2000.0,2000.0,0.0,,202109.0,,,1.0
110[車牌][電話],現金  ,2430.0,2430.0,0.0,,202110.0,,,2.0
110[車牌][電話],現金  ,2870.0,2780.0,90.0,    ,202108.0,,,1.0
110[車牌][電話],現金  ,5302.0,2000.0,3302.0,    ,202108.0,,,1.0
110[車牌][電話],現金  ,2400.0,2400.0,0.0,,202103.0,,,1.0
110[車牌][電話],現金  ,6000.0,6000.0,0.0,,202109.0,,,2.0
110[車牌][電話],現金  ,600.0,600.0,0.0,,202102.0,,,1.0
110[車牌][電話],現金  ,2350.0,2350.0,0.0,,202103.0,,,2.0
110[車牌][電話],現金  ,600.0,600.0,0.0,,202106.0,,,3.0
110[車牌][電話],現金  ,300.0,300.0,0.0,,202110.0,,,4.0
110[車牌][電話],支票  ,53.0,53.0,0.0,,202106.0,,,1.0
110[車牌][電話],支票  ,3995.0,4100.0,0.0,溢付  ,202108.0,,,2.0
110[車牌][電話],現金  ,12470.0,12470.0,0.0,,202101.0,,,1.0
110[車牌][電話],現金  ,0.0,0.0,0.0,,,,,2.0
110[車牌][電話],現金  ,1000.0,1000.0,0.0,,202105.0,,,1.0
110[車牌][電話],現金  ,1200.0,1200.0,0.0,,202106.0,,,2.0
110[車牌][電話],現金  ,1950.0,1950.0,0.0,,202108.0,,,3.0
110[車牌][電話],現金  ,600.0,600.0,0.0,,202111.0,,,4.0
110[車牌][電話],現金  ,1600.0,1600.0,0.0,,202106.0,,,1.0
110[車牌][電話],現金  ,2070.0,2070.0,0.0,,202107.0,,,2.0
110[車牌][電話],現金  ,3030.0,2050.0,980.0,    ,202109.0,,,3.0
110[車牌][電話],現金  ,1100.0,1060.0,40.0,    ,202109.0,,,1.0
110[車牌][電話],支票  ,4770.0,4770.0,0.0,,202007.0,,,1.0
110[車牌][電話],現金  ,4032.0,4032.0,0.0,,202109.0,,,2.0
110[車牌][電話],現金  ,8500.0,9000.0,0.0,溢付  ,202109.0,,,1.0
110[車牌][電話],支票  ,9500.0,9500.0,0.0,,202109.0,,,1.0
110[車牌][電話],支票  ,4740.0,4740.0,0.0,,202104.0,,,1.0
110[車牌][電話],支票  ,4841.0,4841.0,0.0,,202105.0,,,2.0
110[車牌][電話],支票  ,5721.0,5721.0,0.0,,202109.0,,,3.0
110[車牌][電話],支票  ,18572.0,8600.0,9972.0,    ,202110.0,,,4.0
110[車牌][電話],支票  ,6317.0,7700.0,0.0,溢付  ,202110.0,,,1.0
110[車牌][電話],支票  ,4494.0,4494.0,0.0,,202109.0,,,1.0
110[車牌][電話],現金  ,-300.0,-300.0,0.0,,202011.0,,,1.0
110[車牌][電話],現金  ,-4500.0,-4500.0,0.0,,202012.0,,,2.0
110[車牌][電話],現金  ,400.0,400.0,0.0,,202101.0,,,3.0
110[車牌][電話],現金  ,10500.0,10500.0,0.0,,202110.0,,,4.0
110[車牌][電話],現金  ,3300.0,2200.0,1100.0,    ,202109.0,,,1.0
110[車牌][電話],現金  ,6515.0,6515.0,0.0,,202107.0,,,1.0
110[車牌][電話],支票  ,-1544.0,-1544.0,0.0,,202102.0,,,1.0
110[車牌][電話],支票  ,10700.0,12500.0,0.0,溢付  ,202110.0,,,2.0
110[車牌][電話],支票  ,21006.0,16900.0,4106.0,    ,202111.0,,,1.0
110[車牌][電話],支票  ,23300.0,23300.0,0.0,,202110.0,,,1.0
110[車牌][電話],支票  ,5500.0,5500.0,0.0,,201909.0,,,1.0
110[車牌][電話],支票  ,15350.0,15350.0,0.0,,202005.0,,,2.0
110[車牌][電話],支票  ,5400.0,5400.0,0.0,,202101.0,,,3.0
110[車牌][電話],支票  ,4450.0,4460.0,0.0,溢付  ,202110.0,,,4.0
110[車牌][電話],支票  ,3880.0,3880.0,0.0,,202108.0,,,1.0
110[車牌][電話],支票  ,2655.0,2655.0,0.0,,202109.0,,,2.0
110[車牌][電話],支票  ,0.0,0.0,0.0,,,,,3.0
110[車牌][電話],支票  ,8250.0,8250.0,0.0,,202110.0,,,1.0
110[車牌][電話],    ,0.0,0.0,0.0,,,,,2.0
110[車牌][電話],支票  ,5657.0,5400.0,257.0,    ,202111.0,,,1.0
110[車牌][電話],支票  ,101.0,101.0,0.0,,202109.0,,,1.0
110[車牌][電話],支票  ,5532.0,5500.0,32.0,    ,202110.0,,,2.0
110[車牌][電話],現金  ,4290.0,4160.0,130.0,    ,202110.0,,,1.0
110[車牌][電話],現金  ,900.0,900.0,0.0,,202109.0,,,1.0
110[車牌][電話],現金  ,450.0,460.0,0.0,溢付  ,202110.0,,,1.0
110[車牌][電話],現金  ,1600.0,1600.0,0.0,,202112.0,,,2.0
110[車牌][電話],現金  ,2350.0,3100.0,0.0,溢付  ,202110.0,,,1.0
110[車牌][電話],現金  ,1300.0,2300.0,0.0,溢付  ,202110.0,,,1.0
110[車牌][電話],現金  ,2000.0,2000.0,0.0,,202112.0,,,1.0
110[車牌][電話],現金  ,-100.0,-100.0,0.0,,202111.0,,,1.0
110[車牌][電話],現金  ,1950.0,1950.0,0.0,,202112.0,,,2.0
110[車牌][電話],現金  ,1090.0,1000.0,90.0,    ,202111.0,,,1.0
110[車牌][電話],現金  ,,3364.0,0.0,訂金  ,,,,1.0
110[車牌][電話],現金  ,1880.0,1823.0,57.0,    ,202111.0,,,1.0
110[車牌][電話],支票  ,9196.0,9396.0,0.0,溢付  ,202111.0,,,1.0
110[車牌][電話],支票  ,8150.0,8150.0,0.0,,202112.0,,,1.0
110[車牌][電話],支票  ,4883.0,4650.0,233.0,    ,202111.0,,,1.0
110[車牌][電話],支票  ,8200.0,8200.0,0.0,,202110.0,,,1.0
110[車牌][電話],支票  ,4100.0,4100.0,0.0,,202111.0,,,2.0
110[車牌][電話],支票  ,4436.0,3890.0,546.0,    ,202111.0,,,1.0
110[車牌][電話],支票  ,4250.0,2850.0,1400.0,    ,202111.0,,,1.0
110[車牌][電話],支票  ,1100.0,21406.0,0.0,溢付  ,202111.0,,,1.0
110[車牌][電話],現金  ,1040.0,1040.0,0.0,,202111.0,,,1.0
111[車牌][電話],現金  ,30.0,30.0,0.0,,202109.0,,,1.0
111[車牌][電話],現金  ,2050.0,2030.0,20.0,    ,202111.0,,,2.0
111[車牌][電話],現金  ,3425.0,2400.0,1025.0,    ,202111.0,,,1.0
111[車牌][電話],現金  ,6710.0,4300.0,2410.0,    ,202111.0,,,1.0
111[車牌][電話],現金  ,800.0,800.0,0.0,,202110.0,,,1.0
111[車牌][電話],現金  ,8400.0,8400.0,0.0,,202111.0,,,2.0
111[車牌][電話],現金  ,7350.0,7350.0,0.0,,202109.0,,,1.0
111[車牌][電話],現金  ,1680.0,1680.0,0.0,,202112.0,,,2.0
111[車牌][電話],現金  ,1200.0,1200.0,0.0,,202201.0,,,3.0
111[車牌][電話],現金  ,600.0,600.0,0.0,,202201.0,,,1.0
111[車牌][電話],現金  ,2415.0,2415.0,0.0,,202201.0,,,1.0
111[車牌][電話],現金  ,2050.0,1948.0,102.0,    ,202111.0,,,1.0
111[車牌][電話],現金  ,1580.0,1580.0,0.0,,202201.0,,,1.0
111[車牌][電話],現金  ,5800.0,5800.0,0.0,,202201.0,,,1.0
111[車牌][電話],支票  ,10150.0,10150.0,0.0,,202112.0,,,1.0
111[車牌][電話],支票  ,6600.0,6600.0,0.0,,202112.0,,,1.0
111[車牌][電話],支票  ,4200.0,4200.0,0.0,,202112.0,,,1.0
111[車牌][電話],    ,0.0,0.0,0.0,,,,,2.0
111[車牌][電話],支票  ,5971.0,5700.0,271.0,    ,202201.0,,,1.0
111[車牌][電話],支票  ,15329.0,16900.0,0.0,溢付  ,202112.0,,,1.0
111[車牌][電話],支票  ,3480.0,3480.0,0.0,,202112.0,,,1.0
111[車牌][電話],    ,0.0,0.0,0.0,,,,,2.0
111[車牌][電話],現金  ,1500.0,4093.0,0.0,溢付  ,202112.0,,,1.0
111[車牌][電話],現金  ,1900.0,1900.0,0.0,,202202.0,,,1.0
111[車牌][電話],現金  ,540.0,540.0,0.0,,202112.0,,,1.0
111[車牌][電話],現金  ,500.0,500.0,0.0,,202107.0,,,1.0
111[車牌][電話],現金  ,2100.0,2100.0,0.0,,202108.0,,,2.0
111[車牌][電話],現金  ,450.0,450.0,0.0,,202109.0,,,3.0
111[車牌][電話],現金  ,70.0,70.0,0.0,,202110.0,,,5.0
111[車牌][電話],現金  ,900.0,900.0,0.0,,202201.0,,,6.0
111[車牌][電話],現金  ,900.0,900.0,0.0,,202202.0,,,7.0
111[車牌][電話],現金  ,7148.0,6885.0,263.0,    ,202112.0,,,1.0
111[車牌][電話],現金  ,480.0,480.0,0.0,,202112.0,,,1.0
111[車牌][電話],現金  ,0.0,5762.0,0.0,訂金  ,,,,1.0
111[車牌][電話],支票  ,26000.0,26000.0,0.0,,202201.0,,,1.0
111[車牌][電話],支票  ,12120.0,12120.0,0.0,,202201.0,,,1.0
111[車牌][電話],支票  ,5896.0,5896.0,0.0,,202201.0,,,1.0
111[車牌][電話],    ,0.0,0.0,0.0,,,,,3.0
111[車牌][電話],支票  ,15030.0,15030.0,0.0,,202201.0,,,1.0
111[車牌][電話],支票  ,8955.0,8955.0,0.0,,202201.0,,,1.0
111[車牌][電話],支票  ,8325.0,8325.0,0.0,,202201.0,,,1.0
111[車牌][電話],支票  ,13027.0,13027.0,0.0,,202201.0,,,1.0
111[車牌][電話],現金  ,300.0,300.0,0.0,,202202.0,,,1.0
111[車牌][電話],現金  ,1000.0,1000.0,0.0,,202203.0,,,2.0
111[車牌][電話],現金  ,600.0,600.0,0.0,,202204.0,,,3.0
111[車牌][電話],支票  ,22665.0,24600.0,0.0,溢付  ,202203.0,,,1.0
111[車牌][電話],支票  ,336.0,336.0,0.0,,202201.0,,,1.0
111[車牌][電話],支票  ,6500.0,10500.0,0.0,溢付  ,202203.0,,,2.0
111[車牌][電話],支票  ,6235.0,6200.0,35.0,    ,202203.0,,,1.0
111[車牌][電話],支票  ,6572.0,6572.0,0.0,,202201.0,,,1.0
111[車牌][電話],支票  ,4985.0,5800.0,0.0,溢付  ,202203.0,,,2.0
111[車牌][電話],支票  ,3210.0,3100.0,110.0,    ,202203.0,,,1.0
111[車牌][電話],現金  ,2979.0,3500.0,0.0,溢付  ,202112.0,,,1.0
111[車牌][電話],支票  ,7600.0,7600.0,0.0,,202203.0,,,1.0
111[車牌][電話],現金  ,1300.0,1300.0,0.0,,202203.0,,,1.0
111[車牌][電話],現金  ,2471.0,2300.0,171.0,    ,202204.0,,,2.0
111[車牌][電話],現金  ,4180.0,4055.0,125.0,    ,202203.0,,,1.0
111[車牌][電話],現金  ,6770.0,4700.0,2070.0,    ,202203.0,,,1.0
111[車牌][電話],支票  ,7900.0,7900.0,0.0,,202203.0,,,1.0
111[車牌][電話],支票  ,3500.0,3500.0,0.0,,202204.0,,,2.0
111[車牌][電話],支票  ,30400.0,30400.0,0.0,,202204.0,,,1.0
111[車牌][電話],支票  ,-11040.0,-11040.0,0.0,,202108.0,,,1.0
111[車牌][電話],支票  ,12571.0,12000.0,571.0,    ,202204.0,,,2.0
111[車牌][電話],支票  ,5540.0,5540.0,0.0,,202204.0,,,1.0
111[車牌][電話],支票  ,5045.0,5700.0,0.0,溢付  ,202204.0,,,1.0
111[車牌][電話],現金  ,3755.0,3567.0,188.0,    ,202204.0,,,1.0
111[車牌][電話],現金  ,6000.0,5700.0,300.0,    ,202201.0,,,3.0
111[車牌][電話],支票  ,550.0,550.0,0.0,,202109.0,,,4.0
111[車牌][電話],現金  ,10500.0,9000.0,1500.0,    ,202201.0,,,1.0
111[車牌][電話],現金  ,8600.0,8600.0,0.0,,202203.0,,,1.0
111[車牌][電話],現金  ,3780.0,3667.0,113.0,    ,202201.0,,,1.0
111[車牌][電話],現金  ,1150.0,1116.0,34.0,    ,202202.0,,,2.0
111[車牌][電話],現金  ,7949.0,7949.0,0.0,,202203.0,,,1.0
111[車牌][電話],現金  ,11300.0,11300.0,0.0,,202202.0,,,1.0
111[車牌][電話],現金  ,10310.0,10300.0,10.0,    ,202202.0,,,1.0
111[車牌][電話],支票  ,4370.0,4350.0,20.0,    ,202202.0,,,1.0
111[車牌][電話],支票  ,12255.0,11500.0,755.0,    ,202202.0,,,1.0
111[車牌][電話],    ,0.0,0.0,0.0,,,,,2.0
111[車牌][電話],現金  ,1100.0,1100.0,0.0,,202105.0,,,1.0
111[車牌][電話],現金  ,320.0,320.0,0.0,,202106.0,,,2.0
111[車牌][電話],現金  ,1456.0,1456.0,0.0,,202108.0,,,3.0
111[車牌][電話],現金  ,492.0,492.0,0.0,,202111.0,,,4.0
111[車牌][電話],現金  ,1967.0,1967.0,0.0,,202112.0,,,5.0
111[車牌][電話],現金  ,2901.0,2901.0,0.0,,202201.0,,,6.0
111[車牌][電話],現金  ,2500.0,2500.0,0.0,,202202.0,,,7.0
111[車牌][電話],現金  ,1850.0,1850.0,0.0,,202203.0,,,8.0
111[車牌][電話],現金  ,360.0,360.0,0.0,,202201.0,,,1.0
111[車牌][電話],現金  ,9600.0,9600.0,0.0,,202204.0,,,1.0
111[車牌][電話],現金  ,5000.0,5000.0,0.0,,202204.0,,,1.0
111[車牌][電話],現金  ,0.0,4402.0,0.0,訂金  ,,,,1.0
111[車牌][電話],現金  ,3390.0,5150.0,0.0,溢付  ,202204.0,,,1.0
111[車牌][電話],現金  ,3583.0,1750.0,1833.0,    ,202205.0,,,1.0
111[車牌][電話],現金  ,2380.0,2300.0,80.0,    ,202204.0,,,1.0
111[車牌][電話],現金  ,2579.0,2579.0,0.0,,202204.0,,,1.0
111[車牌][電話],現金  ,5880.0,1785.0,4095.0,    ,202205.0,,,2.0
111[車牌][電話],現金  ,5080.0,4588.0,492.0,    ,202204.0,,,1.0
111[車牌][電話],現金  ,1930.0,1930.0,0.0,,202201.0,,,1.0
111[車牌][電話],現金  ,2925.0,2778.0,147.0,    ,202205.0,,,2.0
111[車牌][電話],支票  ,4295.0,4295.0,0.0,,202204.0,,,1.0
111[車牌][電話],支票  ,7630.0,7595.0,35.0,    ,202205.0,,,2.0
111[車牌][電話],現金  ,7699.0,7700.0,0.0,溢付  ,202206.0,,,1.0
111[車牌][電話],現金  ,-1930.0,-1930.0,0.0,,202201.0,,,1.0
111[車牌][電話],支票  ,-10.0,650.0,0.0,溢付  ,202205.0,,,2.0
111[車牌][電話],現金  ,4627.0,5298.0,0.0,溢付  ,202206.0,,,1.0
111[車牌][電話],現金  ,650.0,650.0,0.0,,202205.0,,,1.0
111[車牌][電話],現金  ,360.0,360.0,0.0,,202204.0,,,1.0
111[車牌][電話],現金  ,3644.0,3534.0,110.0,    ,202205.0,,,2.0
111[車牌][電話],現金  ,9656.0,9656.0,0.0,,202206.0,,,1.0
111[車牌][電話],現金  ,3500.0,3500.0,0.0,,202207.0,,,1.0
111[車牌][電話],現金  ,2070.0,910.0,1160.0,    ,202206.0,,,1.0
111[車牌][電話],現金  ,24000.0,24000.0,0.0,,202206.0,,,1.0
111[車牌][電話],現金  ,2720.0,2638.0,82.0,    ,202206.0,,,1.0
111[車牌][電話],現金  ,2898.0,2898.0,0.0,,202110.0,,,1.0
111[車牌][電話],現金  ,738.0,738.0,0.0,,202112.0,,,2.0
111[車牌][電話],現金  ,1119.0,1119.0,0.0,,202201.0,,,3.0
111[車牌][電話],現金  ,3778.0,3778.0,0.0,,202207.0,,,4.0
111[車牌][電話],現金  ,1199.0,1200.0,0.0,溢付  ,202207.0,,,1.0
111[車牌][電話],現金  ,450.0,450.0,0.0,,202202.0,,,1.0
111[車牌][電話],現金  ,1200.0,1200.0,0.0,,202208.0,,,2.0
111[車牌][電話],現金  ,807.0,807.0,0.0,,202204.0,,,1.0
111[車牌][電話],現金  ,264.0,264.0,0.0,,202205.0,,,2.0
111[車牌][電話],現金  ,1200.0,1140.0,60.0,    ,202206.0,,,3.0
111[車牌][電話],支票  ,4549.0,4549.0,0.0,,202205.0,,,1.0
111[車牌][電話],現金  ,15883.0,15660.0,223.0,    ,202206.0,,,2.0
111[車牌][電話],現金  ,8941.0,8672.0,269.0,    ,202206.0,,,1.0
111[車牌][電話],現金  ,2962.0,2873.0,89.0,    ,202205.0,,,2.0
111[車牌][電話],現金  ,5292.0,5027.0,265.0,    ,202206.0,,,1.0
111[車牌][電話],現金  ,1600.0,1600.0,0.0,,202207.0,,,1.0
111[車牌][電話],現金  ,1200.0,1200.0,0.0,,202208.0,,,1.0
111[車牌][電話],現金  ,1931.0,1931.0,0.0,,202208.0,,,1.0
111[車牌][電話],現金  ,3780.0,3780.0,0.0,,202108.0,,,1.0
111[車牌][電話],現金  ,2700.0,2700.0,0.0,,202110.0,,,2.0
111[車牌][電話],現金  ,2700.0,2700.0,0.0,,202201.0,,,3.0
111[車牌][電話],現金  ,1400.0,1400.0,0.0,,202208.0,,,4.0
111[車牌][電話],現金  ,,4249.0,0.0,訂金  ,,,,1.0
111[車牌][電話],支票  ,18744.0,18744.0,0.0,,202108.0,,,1.0
111[車牌][電話],現金  ,5006.0,4750.0,256.0,    ,202207.0,,,2.0
111[車牌][電話],現金  ,10000.0,10000.0,0.0,,202208.0,,,1.0
111[車牌][電話],現金  ,11980.0,11980.0,0.0,,202206.0,,,1.0
111[車牌][電話],現金  ,5605.0,5324.0,281.0,    ,202207.0,,,1.0
111[車牌][電話],現金  ,11157.0,10437.0,720.0,    ,202208.0,,,1.0
111[車牌][電話],現金  ,10127.0,10127.0,0.0,,202207.0,,,1.0
111[車牌][電話],現金  ,4043.0,3850.0,193.0,    ,202207.0,,,1.0
111[車牌][電話],現金  ,2508.0,2432.0,76.0,    ,202207.0,,,1.0
111[車牌][電話],現金  ,1848.0,1848.0,0.0,,202209.0,,,1.0
111[車牌][電話],現金  ,500.0,500.0,0.0,,202008.0,,,1.0
111[車牌][電話],現金  ,3900.0,3900.0,0.0,,202204.0,,,2.0
111[車牌][電話],現金  ,3250.0,3250.0,0.0,,202205.0,,,3.0
111[車牌][電話],現金  ,3000.0,2910.0,90.0,    ,202207.0,,,1.0
111[車牌][電話],現金  ,4260.0,4249.0,11.0,    ,202207.0,,,1.0
111[車牌][電話],現金  ,145.0,145.0,0.0,,202207.0,,,1.0
111[車牌][電話],現金  ,1800.0,1800.0,0.0,,202208.0,,,2.0
111[車牌][電話],現金  ,2600.0,2600.0,0.0,,202209.0,,,1.0
111[車牌][電話],現金  ,3583.0,1750.0,1833.0,    ,202209.0,,,1.0
111[車牌][電話],現金  ,4900.0,4150.0,750.0,    ,202208.0,,,1.0
111[車牌][電話],現金  ,15000.0,15000.0,0.0,,202208.0,,,1.0
111[車牌][電話],現金  ,21826.0,21000.0,826.0,    ,202208.0,,,1.0
111[車牌][電話],現金  ,4615.0,3900.0,715.0,    ,202207.0,,,1.0
111[車牌][電話],現金  ,1019.0,968.0,51.0,    ,202207.0,,,1.0
111[車牌][電話],現金  ,0.0,4286.0,0.0,訂金  ,,,,1.0
111[車牌][電話],現金  ,57.0,57.0,0.0,,202207.0,,,1.0
111[車牌][電話],現金  ,2151.0,2042.0,109.0,    ,202208.0,,,2.0
111[車牌][電話],現金  ,3885.0,3690.0,195.0,    ,202209.0,,,1.0
111[車牌][電話],現金  ,1650.0,1650.0,0.0,,202206.0,,,1.0
111[車牌][電話],現金  ,3900.0,3600.0,300.0,    ,202208.0,,,2.0
111[車牌][電話],現金  ,690.0,690.0,0.0,,202206.0,,,1.0
111[車牌][電話],現金  ,760.0,760.0,0.0,,202209.0,,,2.0
111[車牌][電話],現金  ,4000.0,4000.0,0.0,,202211.0,,,1.0
111[車牌][電話],現金  ,16950.0,16900.0,50.0,    ,202209.0,,,1.0
111[車牌][電話],現金  ,2493.0,2493.0,0.0,,202210.0,,,1.0
111[車牌][電話],現金  ,3140.0,3140.0,0.0,,202208.0,,,1.0
111[車牌][電話],現金  ,6170.0,6170.0,0.0,,202209.0,,,2.0
111[車牌][電話],現金  ,2944.0,2944.0,0.0,,202208.0,,,1.0
111[車牌][電話],現金  ,3840.0,3240.0,600.0,    ,202209.0,,,2.0
111[車牌][電話],現金  ,2642.0,2463.0,179.0,    ,202209.0,,,1.0
111[車牌][電話],現金  ,839.0,839.0,0.0,,202209.0,,,1.0
111[車牌][電話],現金  ,1750.0,1750.0,0.0,,202209.0,,,1.0
111[車牌][電話],現金  ,800.0,800.0,0.0,,202211.0,,,2.0
111[車牌][電話],現金  ,9400.0,9400.0,0.0,,202211.0,,,1.0
111[車牌][電話],現金  ,1070.0,510.0,560.0,    ,202210.0,,,1.0
111[車牌][電話],現金  ,4100.0,4100.0,0.0,,202211.0,,,1.0
111[車牌][電話],現金  ,1960.0,1940.0,20.0,    ,202210.0,,,1.0
111[車牌][電話],現金  ,8860.0,8594.0,266.0,    ,202210.0,,,1.0
111[車牌][電話],現金  ,8100.0,8100.0,0.0,,202211.0,,,1.0
111[車牌][電話],現金  ,3695.0,3500.0,195.0,    ,202210.0,,,1.0
111[車牌][電話],現金  ,5800.0,5800.0,0.0,,202212.0,,,1.0
111[車牌][電話],現金  ,400.0,400.0,0.0,,202212.0,,,1.0
111[車牌][電話],現金  ,7500.0,7500.0,0.0,,202210.0,,,1.0
111[車牌][電話],現金  ,500.0,500.0,0.0,,202209.0,,,1.0
111[車牌][電話],現金  ,21347.0,17900.0,3447.0,    ,202210.0,,,2.0
111[車牌][電話],現金  ,0.0,0.0,0.0,,,,,1.0
111[車牌][電話],現金  ,4238.0,4100.0,138.0,    ,202210.0,,,1.0
111[車牌][電話],現金  ,2460.0,2337.0,123.0,    ,202210.0,,,1.0
111[車牌][電話],現金  ,3980.0,3950.0,30.0,    ,202209.0,,,1.0
111[車牌][電話],現金  ,0.0,4240.0,0.0,訂金  ,,,,1.0
111[車牌][電話],現金  ,80.0,80.0,0.0,,202209.0,,,1.0
111[車牌][電話],現金  ,1600.0,1600.0,0.0,,202210.0,,,2.0
111[車牌][電話],現金  ,3115.0,2950.0,165.0,    ,202211.0,,,1.0
112[車牌][電話],現金  ,32550.0,32000.0,550.0,    ,202211.0,,,1.0
112[車牌][電話],現金  ,6908.0,6468.0,440.0,    ,202212.0,,,1.0
112[車牌][電話],現金  ,7090.0,6877.0,213.0,    ,202211.0,,,1.0
112[車牌][電話],現金  ,1900.0,1900.0,0.0,,202301.0,,,1.0
112[車牌][電話],現金  ,-462.0,-462.0,0.0,,202206.0,,,1.0
112[車牌][電話],現金  ,3971.0,3961.0,10.0,    ,202211.0,,,2.0
112[車牌][電話],現金  ,4500.0,4500.0,0.0,,202301.0,,,1.0
112[車牌][電話],現金  ,4250.0,4250.0,0.0,,202207.0,,,1.0
112[車牌][電話],現金  ,-1840.0,-1840.0,0.0,,202208.0,,,2.0
112[車牌][電話],現金  ,1580.0,1530.0,50.0,    ,202211.0,,,3.0
112[車牌][電話],現金  ,10400.0,10400.0,0.0,,202301.0,,,1.0
112[車牌][電話],支票  ,3500.0,3500.0,0.0,,202211.0,,,1.0
112[車牌][電話],現金  ,117.0,117.0,0.0,,202211.0,,,1.0
112[車牌][電話],現金  ,4100.0,3895.0,205.0,    ,202212.0,,,2.0
112[車牌][電話],現金  ,30500.0,20000.0,10500.0,    ,202212.0,,,1.0
112[車牌][電話],現金  ,6530.0,6200.0,330.0,    ,202212.0,,,1.0
112[車牌][電話],現金  ,385.0,385.0,0.0,,202209.0,,,1.0
112[車牌][電話],現金  ,3592.0,3592.0,0.0,,202212.0,,,2.0
112[車牌][電話],現金  ,2305.0,2305.0,0.0,,202302.0,,,3.0
112[車牌][電話],現金  ,5000.0,5000.0,0.0,,202211.0,,,1.0
112[車牌][電話],現金  ,29800.0,23200.0,6600.0,    ,202212.0,,,2.0
112[車牌][電話],現金  ,1754.0,1666.0,88.0,    ,202209.0,,,1.0
112[車牌][電話],現金  ,7781.0,7392.0,389.0,    ,202212.0,,,2.0
112[車牌][電話],現金  ,540.0,523.0,17.0,    ,202211.0,,,1.0
112[車牌][電話],現金  ,2290.0,2221.0,69.0,    ,202212.0,,,1.0
112[車牌][電話],現金  ,5840.0,5665.0,175.0,    ,202212.0,,,1.0
112[車牌][電話],現金  ,0.0,7962.0,0.0,訂金  ,,,,1.0
112[車牌][電話],現金  ,4100.0,4100.0,0.0,,202302.0,,,1.0
112[車牌][電話],現金  ,4033.0,3658.0,375.0,    ,202301.0,,,1.0
112[車牌][電話],現金  ,3885.0,3691.0,194.0,    ,202301.0,,,1.0
112[車牌][電話],現金  ,11826.0,10900.0,926.0,    ,202301.0,,,1.0
112[車牌][電話],現金  ,27442.0,26000.0,1442.0,    ,202301.0,,,1.0
112[車牌][電話],現金  ,1450.0,1378.0,72.0,    ,202301.0,,,1.0
112[車牌][電話],現金  ,2715.0,2715.0,0.0,,202303.0,,,1.0
112[車牌][電話],現金  ,1920.0,1824.0,96.0,    ,202301.0,,,1.0
112[車牌][電話],現金  ,-1122.0,-1122.0,0.0,,202212.0,,,1.0
112[車牌][電話],現金  ,3230.0,3133.0,97.0,    ,202301.0,,,2.0
112[車牌][電話],現金  ,6055.0,6174.0,0.0,溢付  ,202212.0,,,1.0
112[車牌][電話],現金  ,3920.0,3800.0,120.0,    ,202302.0,,,1.0
112[車牌][電話],現金  ,7810.0,7410.0,400.0,    ,202302.0,,,1.0
112[車牌][電話],現金  ,4000.0,3800.0,200.0,    ,202212.0,,,1.0
112[車牌][電話],現金  ,3800.0,3610.0,190.0,    ,202301.0,,,2.0
112[車牌][電話],現金  ,4000.0,3800.0,200.0,    ,202302.0,,,3.0
112[車牌][電話],現金  ,3350.0,3350.0,0.0,,191221.0,,,1.0
112[車牌][電話],現金  ,4866.0,4866.0,0.0,,202301.0,,,2.0
112[車牌][電話],現金  ,7093.0,7200.0,0.0,溢付  ,202303.0,,,3.0
112[車牌][電話],現金  ,5052.0,3812.0,1240.0,    ,202302.0,,,1.0
112[車牌][電話],現金  ,3760.0,3760.0,0.0,,202301.0,,,1.0
112[車牌][電話],現金  ,8230.0,7983.0,247.0,    ,202302.0,,,2.0
112[車牌][電話],現金  ,36300.0,46800.0,0.0,溢付  ,202301.0,,,1.0
112[車牌][電話],現金  ,4700.0,3100.0,1600.0,    ,202303.0,,,1.0
112[車牌][電話],現金  ,0.0,0.0,0.0,,,,,1.0
112[車牌][電話],現金  ,69.0,69.0,0.0,,202302.0,,,1.0
112[車牌][電話],現金  ,3226.0,3100.0,126.0,    ,202303.0,,,2.0
112[車牌][電話],現金  ,,4177.0,0.0,訂金  ,,,,1.0
112[車牌][電話],現金  ,4000.0,4000.0,0.0,,202303.0,,,1.0
112[車牌][電話],現金  ,5500.0,5390.0,110.0,    ,202304.0,,,1.0
112[車牌][電話],現金  ,6668.0,6068.0,600.0,    ,202302.0,,,1.0
112[車牌][電話],現金  ,3623.0,3623.0,0.0,,202303.0,,,2.0
112[車牌][電話],現金  ,5145.0,5145.0,0.0,,202302.0,,,1.0
112[車牌][電話],現金  ,20171.0,15815.0,4356.0,    ,202303.0,,,2.0
112[車牌][電話],現金  ,8830.0,8830.0,0.0,,202211.0,,,1.0
112[車牌][電話],現金  ,6658.0,6465.0,193.0,    ,202303.0,,,2.0
112[車牌][電話],現金  ,5560.0,5393.0,167.0,    ,202303.0,,,1.0
112[車牌][電話],現金  ,5500.0,4600.0,900.0,    ,202305.0,,,1.0
112[車牌][電話],現金  ,1200.0,1200.0,0.0,,202303.0,,,1.0
112[車牌][電話],現金  ,18000.0,18000.0,0.0,,202304.0,,,2.0
112[車牌][電話],現金  ,850.0,850.0,0.0,,202305.0,,,3.0
112[車牌][電話],現金  ,1200.0,1200.0,0.0,,202206.0,,,1.0
112[車牌][電話],現金  ,600.0,600.0,0.0,,202207.0,,,2.0
112[車牌][電話],現金  ,900.0,900.0,0.0,,202209.0,,,3.0
112[車牌][電話],現金  ,1200.0,1200.0,0.0,,202210.0,,,4.0
112[車牌][電話],現金  ,600.0,600.0,0.0,,202212.0,,,5.0
112[車牌][電話],現金  ,1100.0,1100.0,0.0,,202301.0,,,6.0
112[車牌][電話],現金  ,3150.0,3150.0,0.0,,202302.0,,,7.0
112[車牌][電話],現金  ,600.0,600.0,0.0,,202305.0,,,8.0
112[車牌][電話],現金  ,13000.0,13000.0,0.0,,202303.0,,,1.0
112[車牌][電話],現金  ,0.0,0.0,0.0,,,,,1.0
112[車牌][電話],現金  ,16500.0,17400.0,0.0,溢付  ,202305.0,,,1.0
112[車牌][電話],現金  ,4220.0,4220.0,0.0,,202303.0,,,1.0
112[車牌][電話],現金  ,1080.0,1026.0,54.0,    ,202304.0,,,2.0
112[車牌][電話],現金  ,5300.0,6000.0,0.0,溢付  ,202304.0,,,1.0
112[車牌][電話],現金  ,0.0,0.0,0.0,,,,,2.0
112[車牌][電話],現金  ,9800.0,9800.0,0.0,,202305.0,,,1.0
112[車牌][電話],現金  ,4055.0,4816.0,0.0,溢付  ,202304.0,,,1.0
112[車牌][電話],現金  ,3885.0,3850.0,35.0,    ,202304.0,,,1.0
112[車牌][電話],現金  ,5520.0,5200.0,320.0,    ,202304.0,,,1.0
112[車牌][電話],現金  ,7500.0,7000.0,500.0,    ,202305.0,,,1.0
112[車牌][電話],現金  ,4640.0,4407.0,233.0,    ,202304.0,,,1.0
112[車牌][電話],現金  ,23314.0,27600.0,0.0,溢付  ,202304.0,,,1.0
112[車牌][電話],現金  ,3334.0,3200.0,134.0,    ,202304.0,,,1.0
112[車牌][電話],現金  ,3250.0,3087.0,163.0,    ,202304.0,,,1.0
112[車牌][電話],現金  ,33000.0,33000.0,0.0,,202304.0,,,1.0
112[車牌][電話],    ,0.0,0.0,0.0,,,,,2.0
112[車牌][電話],現金  ,5338.0,5000.0,338.0,    ,202305.0,,,1.0
112[車牌][電話],現金  ,12500.0,12500.0,0.0,,202306.0,,,1.0
112[車牌][電話],現金  ,5150.0,5630.0,0.0,溢付  ,202305.0,,,1.0
112[車牌][電話],現金  ,1675.0,1675.0,0.0,,202306.0,,,1.0
112[車牌][電話],現金  ,12000.0,11400.0,600.0,    ,202305.0,,,1.0
112[車牌][電話],現金  ,10963.0,11200.0,0.0,溢付  ,202305.0,,,1.0
112[車牌][電話],現金  ,8649.0,8900.0,0.0,溢付  ,202305.0,,,1.0
112[車牌][電話],現金  ,400.0,400.0,0.0,,202205.0,,,1.0
112[車牌][電話],現金  ,11000.0,11000.0,0.0,,202303.0,,,2.0
112[車牌][電話],現金  ,200.0,200.0,0.0,,202305.0,,,3.0
112[車牌][電話],現金  ,2800.0,2800.0,0.0,,202306.0,,,4.0
112[車牌][電話],現金  ,0.0,4129.0,0.0,訂金  ,,,,1.0
112[車牌][電話],現金  ,3900.0,4650.0,0.0,溢付  ,202305.0,,,1.0
112[車牌][電話],現金  ,124.0,124.0,0.0,,202101.0,,,1.0
112[車牌][電話],現金  ,2305.0,2305.0,0.0,,202303.0,,,2.0
112[車牌][電話],現金  ,3038.0,2800.0,238.0,    ,202305.0,,,3.0
112[車牌][電話],現金  ,5600.0,5600.0,0.0,,202305.0,,,1.0
112[車牌][電話],現金  ,211.0,211.0,0.0,,202305.0,,,1.0
112[車牌][電話],現金  ,12490.0,11895.0,595.0,    ,202306.0,,,2.0
112[車牌][電話],現金  ,4300.0,4170.0,130.0,    ,202306.0,,,1.0
112[車牌][電話],現金  ,13782.0,11855.0,1927.0,    ,202305.0,,,1.0
112[車牌][電話],現金  ,3880.0,5012.0,0.0,溢付  ,202306.0,,,2.0
112[車牌][電話],現金  ,2800.0,2660.0,140.0,    ,202304.0,,,1.0
112[車牌][電話],現金  ,3000.0,2850.0,150.0,    ,202305.0,,,2.0
112[車牌][電話],現金  ,32400.0,32400.0,0.0,,202305.0,,,1.0
112[車牌][電話],現金  ,3300.0,3300.0,0.0,,202207.0,,,2.0
112[車牌][電話],現金  ,10350.0,10350.0,0.0,,202211.0,,,3.0
112[車牌][電話],現金  ,11605.0,10300.0,1305.0,    ,202306.0,,,1.0
112[車牌][電話],現金  ,-1280.0,-1280.0,0.0,,202303.0,,,1.0
112[車牌][電話],現金  ,2200.0,2134.0,66.0,    ,202305.0,,,2.0
112[車牌][電話],現金  ,9734.0,9114.0,620.0,    ,202307.0,,,1.0
112[車牌][電話],支票  ,13465.0,13100.0,365.0,    ,202306.0,,,1.0
112[車牌][電話],現金  ,19000.0,19000.0,0.0,,202306.0,,,1.0
112[車牌][電話],現金  ,0.0,4029.0,0.0,訂金  ,,,,1.0
112[車牌][電話],現金  ,3655.0,2900.0,755.0,    ,202307.0,,,1.0
112[車牌][電話],現金  ,3150.0,3150.0,0.0,,202306.0,,,1.0
112[車牌][電話],現金  ,2148.0,2127.0,21.0,    ,202307.0,,,2.0
112[車牌][電話],現金  ,7718.0,7350.0,368.0,    ,202307.0,,,1.0
112[車牌][電話],現金  ,9653.0,7500.0,2153.0,    ,202307.0,,,1.0
112[車牌][電話],現金  ,5485.0,5300.0,185.0,    ,202307.0,,,1.0
112[車牌][電話],現金  ,14150.0,13867.0,283.0,    ,202308.0,,,1.0
112[車牌][電話],現金  ,15700.0,15700.0,0.0,,202306.0,,,1.0
112[車牌][電話],現金  ,9300.0,9300.0,0.0,,202308.0,,,2.0
112[車牌][電話],現金  ,13649.0,13649.0,0.0,,202309.0,,,3.0
112[車牌][電話],現金  ,2800.0,2800.0,0.0,,202201.0,,,1.0
112[車牌][電話],現金  ,2640.0,2640.0,0.0,,202207.0,,,2.0
112[車牌][電話],現金  ,4050.0,4050.0,0.0,,202211.0,,,3.0
112[車牌][電話],現金  ,4450.0,4450.0,0.0,,202301.0,,,4.0
112[車牌][電話],現金  ,1030.0,1030.0,0.0,,202302.0,,,5.0
112[車牌][電話],現金  ,1650.0,1650.0,0.0,,202303.0,,,6.0
112[車牌][電話],現金  ,3850.0,3850.0,0.0,,202308.0,,,7.0
112[車牌][電話],現金  ,450.0,450.0,0.0,,202309.0,,,8.0
112[車牌][電話],現金  ,6980.0,6600.0,380.0,    ,202308.0,,,1.0
112[車牌][電話],現金  ,2728.0,2400.0,328.0,    ,202308.0,,,1.0
112[車牌][電話],現金  ,11232.0,10100.0,1132.0,    ,202308.0,,,1.0
112[車牌][電話],現金  ,5600.0,5600.0,0.0,,202307.0,,,1.0
112[車牌][電話],現金  ,480.0,480.0,0.0,,202307.0,,,1.0
112[車牌][電話],現金  ,6020.0,5820.0,200.0,    ,202308.0,,,2.0
112[車牌][電話],現金  ,9800.0,9300.0,500.0,    ,202308.0,,,1.0
112[車牌][電話],現金  ,0.0,4032.0,0.0,訂金  ,,,,1.0
112[車牌][電話],現金  ,4200.0,4200.0,0.0,,202308.0,,,1.0
112[車牌][電話],現金  ,1600.0,1900.0,0.0,溢付  ,202310.0,,,2.0
112[車牌][電話],現金  ,2568.0,2490.0,78.0,    ,202309.0,,,1.0
112[車牌][電話],現金  ,2400.0,2400.0,0.0,,202309.0,,,1.0
112[車牌][電話],現金  ,6856.0,6419.0,437.0,    ,202310.0,,,2.0
112[車牌][電話],現金  ,2500.0,2500.0,0.0,,202311.0,,,1.0
112[車牌][電話],現金  ,8400.0,8400.0,0.0,,202311.0,,,1.0
112[車牌][電話],現金  ,13280.0,12500.0,780.0,    ,202309.0,,,1.0
112[車牌][電話],現金  ,6800.0,6800.0,0.0,,202308.0,,,1.0
112[車牌][電話],現金  ,3800.0,3600.0,200.0,    ,202309.0,,,1.0
112[車牌][電話],現金  ,45000.0,45000.0,0.0,,202309.0,,,1.0
112[車牌][電話],現金  ,7800.0,7800.0,0.0,,202310.0,,,2.0
112[車牌][電話],現金  ,5650.0,5650.0,0.0,,202311.0,,,3.0
112[車牌][電話],現金  ,6550.0,6550.0,0.0,,202310.0,,,1.0
112[車牌][電話],現金  ,2783.0,2750.0,33.0,    ,202308.0,,,1.0
112[車牌][電話],現金  ,630.0,630.0,0.0,,202309.0,,,2.0
112[車牌][電話],現金  ,2750.0,2470.0,280.0,    ,202310.0,,,3.0
112[車牌][電話],現金  ,3185.0,3090.0,95.0,    ,202310.0,,,1.0
112[車牌][電話],現金  ,9600.0,9600.0,0.0,,202310.0,,,1.0
112[車牌][電話],現金  ,5820.0,5500.0,320.0,    ,202310.0,,,1.0
112[車牌][電話],現金  ,4871.0,4871.0,0.0,,202308.0,,,1.0
112[車牌][電話],現金  ,4500.0,4500.0,0.0,,202310.0,,,2.0
112[車牌][電話],現金  ,1200.0,1200.0,0.0,,202309.0,,,1.0
112[車牌][電話],現金  ,22700.0,22700.0,0.0,,202310.0,,,2.0
112[車牌][電話],現金  ,1000.0,500.0,500.0,    ,202307.0,,,3.0
112[車牌][電話],現金  ,10990.0,10290.0,700.0,    ,202311.0,,,1.0
113[車牌][電話],現金  ,3667.0,3500.0,167.0,    ,202401.0,,,1.0
113[車牌][電話],現金  ,2350.0,2468.0,0.0,溢付  ,202312.0,,,1.0
113[車牌][電話],現金  ,1060.0,1300.0,0.0,溢付  ,202312.0,,,1.0
113[車牌][電話],現金  ,25410.0,22500.0,2910.0,    ,202312.0,,,1.0
113[車牌][電話],現金  ,4197.0,4197.0,0.0,,202308.0,,,1.0
113[車牌][電話],現金  ,2118.0,2157.0,0.0,溢付  ,202312.0,,,2.0
113[車牌][電話],現金  ,-550.0,-550.0,0.0,,202211.0,,,1.0
113[車牌][電話],現金  ,10000.0,10000.0,0.0,,202312.0,,,2.0
113[車牌][電話],現金  ,5500.0,5500.0,0.0,,202311.0,,,1.0
113[車牌][電話],現金  ,4400.0,4400.0,0.0,,202402.0,,,2.0
113[車牌][電話],現金  ,15449.0,15449.0,0.0,,202312.0,,,1.0
113[車牌][電話],現金  ,2300.0,2300.0,0.0,,202401.0,,,2.0
113[車牌][電話],現金  ,4300.0,4300.0,0.0,,202402.0,,,3.0
113[車牌][電話],現金  ,7280.0,6762.0,518.0,    ,202312.0,,,1.0
113[車牌][電話],現金  ,0.0,7205.0,0.0,訂金  ,,,,1.0
113[車牌][電話],現金  ,6460.0,6460.0,0.0,,202312.0,,,1.0
113[車牌][電話],現金  ,8070.0,8070.0,0.0,,202401.0,,,2.0
113[車牌][電話],現金  ,4880.0,2630.0,2250.0,    ,202401.0,,,1.0
113[車牌][電話],現金  ,7937.0,7634.0,303.0,    ,202401.0,,,1.0
113[車牌][電話],現金  ,1350.0,0.0,1350.0,    ,202401.0,,,1.0
113[車牌][電話],現金  ,3022.0,3950.0,0.0,溢付  ,202401.0,,,1.0
113[車牌][電話],現金  ,150.0,150.0,0.0,,202308.0,,,1.0
113[車牌][電話],現金  ,1980.0,1980.0,0.0,,202401.0,,,2.0
113[車牌][電話],現金  ,21561.0,20188.0,1373.0,    ,202402.0,,,1.0
112[車牌][電話],現金  ,6300.0,6300.0,0.0,,202310.0,,,1.0
112[車牌][電話],現金  ,200.0,200.0,0.0,,202310.0,,,1.0
112[車牌][電話],現金  ,1010.0,1010.0,0.0,,202311.0,,,2.0
112[車牌][電話],現金  ,1100.0,1050.0,50.0,    ,202310.0,,,1.0
112[車牌][電話],現金  ,0.0,5109.0,0.0,訂金  ,,,,1.0
112[車牌][電話],現金  ,3640.0,3640.0,0.0,,202212.0,,,1.0
112[車牌][電話],現金  ,565.0,565.0,0.0,,202303.0,,,2.0
112[車牌][電話],現金  ,990.0,990.0,0.0,,202308.0,,,3.0
112[車牌][電話],現金  ,1800.0,1800.0,0.0,,202310.0,,,4.0
112[車牌][電話],現金  ,240.0,240.0,0.0,,202311.0,,,5.0
113[車牌][電話],現金  ,480.0,480.0,0.0,    ,202310.0,,,1.0
113[車牌][電話],現金  ,3150.0,3150.0,0.0,,202311.0,,,2.0
113[車牌][電話],現金  ,3150.0,3150.0,0.0,,202312.0,,,3.0
113[車牌][電話],現金  ,10680.0,10300.0,380.0,    ,202311.0,,,1.0
113[車牌][電話],現金  ,3469.0,3600.0,0.0,溢付  ,202311.0,,,1.0
113[車牌][電話],現金  ,7980.0,7741.0,239.0,    ,202311.0,,,1.0
113[車牌][電話],現金  ,7750.0,7595.0,155.0,    ,202312.0,,,1.0
113[車牌][電話],現金  ,3238.0,3255.0,0.0,溢付  ,202311.0,,,1.0
113[車牌][電話],現金  ,3000.0,2500.0,500.0,    ,202311.0,,,1.0
112[車牌][電話],現金  ,480.0,480.0,0.0,,202311.0,,,2.0
112[車牌][電話],現金  ,900.0,560.0,340.0,    ,202312.0,,,3.0
113[車牌][電話],現金  ,10400.0,10088.0,312.0,    ,202312.0,,,1.0
113[車牌][電話],現金  ,2100.0,2100.0,0.0,,202309.0,,,1.0
113[車牌][電話],現金  ,3450.0,3450.0,0.0,,202402.0,,,2.0
113[車牌][電話],現金  ,20000.0,19500.0,500.0,    ,202401.0,,,1.0
113[車牌][電話],現金  ,880.0,880.0,0.0,,202402.0,,,1.0
113[車牌][電話],現金  ,12571.0,11400.0,1171.0,    ,202402.0,,,1.0
113[車牌][電話],現金  ,8600.0,8600.0,0.0,,202311.0,,,1.0
113[車牌][電話],現金  ,2300.0,2300.0,0.0,,202312.0,,,2.0
113[車牌][電話],現金  ,11200.0,6300.0,4900.0,    ,202402.0,,,3.0
113[車牌][電話],現金  ,3000.0,3000.0,0.0,,202312.0,,,1.0
113[車牌][電話],現金  ,5900.0,5900.0,0.0,,202401.0,,,2.0
113[車牌][電話],現金  ,5800.0,5320.0,480.0,    ,202402.0,,,3.0
113[車牌][電話],現金  ,5895.0,5600.0,295.0,    ,202402.0,,,1.0
113[車牌][電話],現金  ,3720.0,1800.0,1920.0,    ,202402.0,,,1.0
113[車牌][電話],現金  ,25260.0,23300.0,1960.0,    ,202402.0,,,1.0
113[車牌][電話],    ,0.0,0.0,0.0,,,,,2.0
113[車牌][電話],現金  ,22000.0,22000.0,0.0,,202402.0,,,1.0
113[車牌][電話],現金  ,3120.0,2950.0,170.0,    ,202308.0,,,1.0
113[車牌][電話],現金  ,10000.0,10000.0,0.0,,202404.0,,,1.0
113[車牌][電話],現金  ,,4103.0,0.0,訂金  ,,,,1.0
113[車牌][電話],現金  ,760.0,737.0,23.0,    ,202402.0,,,1.0
113[車牌][電話],現金  ,6370.0,5238.0,1132.0,    ,202403.0,,,2.0
113[車牌][電話],現金  ,130.0,130.0,0.0,,202401.0,,,1.0
113[車牌][電話],現金  ,2180.0,2115.0,65.0,    ,202402.0,,,2.0
113[車牌][電話],現金  ,1960.0,1660.0,300.0,    ,202403.0,,,3.0
113[車牌][電話],現金  ,0.0,0.0,0.0,,,,,1.0
113[車牌][電話],現金  ,13500.0,14400.0,0.0,溢付  ,202403.0,,,1.0
113[車牌][電話],現金  ,16000.0,14600.0,1400.0,    ,202403.0,,,1.0
113[車牌][電話],現金  ,4452.0,4200.0,252.0,    ,202404.0,,,1.0
113[車牌][電話],現金  ,5544.0,5544.0,0.0,,202308.0,,,2.0
113[車牌][電話],現金  ,3500.0,3500.0,0.0,,202402.0,,,1.0
113[車牌][電話],現金  ,650.0,650.0,0.0,,202403.0,,,1.0
113[車牌][電話],現金  ,8508.0,8575.0,0.0,溢付  ,202404.0,,,2.0
113[車牌][電話],現金  ,473.0,450.0,23.0,    ,202403.0,,,1.0
113[車牌][電話],現金  ,1932.0,682.0,1250.0,    ,202403.0,,,1.0
113[車牌][電話],現金  ,3500.0,3500.0,0.0,,202403.0,,,1.0
113[車牌][電話],現金  ,4095.0,3890.0,205.0,    ,202404.0,,,1.0
113[車牌][電話],現金  ,4240.0,4108.0,132.0,    ,202404.0,,,1.0
113[車牌][電話],現金  ,4050.0,4050.0,0.0,,202404.0,,,1.0
113[車牌][電話],現金  ,8399.0,8399.0,0.0,,202405.0,,,2.0
113[車牌][電話],現金  ,53300.0,40500.0,12800.0,    ,202404.0,,,1.0
113[車牌][電話],現金  ,3041.0,3223.0,0.0,溢付  ,202404.0,,,2.0
113[車牌][電話],現金  ,0.0,0.0,0.0,,,,,1.0
113[車牌][電話],現金  ,5178.0,5020.0,158.0,    ,202404.0,,,1.0
113[車牌][電話],現金  ,0.0,0.0,0.0,,,,,2.0
113[車牌][電話],現金  ,0.0,1862.0,0.0,訂金  ,,,,1.0
113[車牌][電話],現金  ,3090.0,3090.0,0.0,    ,202404.0,,,1.0
113[車牌][電話],現金  ,575.0,575.0,0.0,,202405.0,,,2.0
113[車牌][電話],現金  ,0.0,4042.0,0.0,訂金  ,,,,1.0
113[車牌][電話],現金  ,4500.0,4500.0,0.0,,202406.0,,,1.0
113[車牌][電話],現金  ,4000.0,1067.0,2933.0,    ,202404.0,,,1.0
113[車牌][電話],現金  ,20.0,400.0,0.0,溢付  ,202405.0,,,1.0
113[車牌][電話],現金  ,3300.0,7000.0,0.0,溢付  ,202405.0,,,1.0
113[車牌][電話],現金  ,2821.0,1995.0,826.0,    ,202405.0,,,1.0
113[車牌][電話],現金  ,5029.0,5029.0,0.0,,202405.0,,,1.0
113[車牌][電話],現金  ,1571.0,1500.0,71.0,    ,202406.0,,,2.0
113[車牌][電話],現金  ,8883.0,7280.0,1603.0,    ,202405.0,,,1.0
113[車牌][電話],現金  ,10000.0,10000.0,0.0,,202405.0,,,1.0
113[車牌][電話],現金  ,-300.0,-300.0,0.0,,202403.0,,,1.0
113[車牌][電話],現金  ,2760.0,2406.0,354.0,    ,202404.0,,,2.0
113[車牌][電話],現金  ,5296.0,774.0,4522.0,    ,202405.0,,,3.0
113[車牌][電話],現金  ,480.0,3279.0,0.0,溢付  ,202405.0,,,1.0
113[車牌][電話],現金  ,0.0,4115.0,0.0,訂金  ,,,,1.0
113[車牌][電話],現金  ,23600.0,11800.0,11800.0,    ,202406.0,,,1.0
113[車牌][電話],現金  ,5649.0,5640.0,9.0,    ,202406.0,,,1.0
113[車牌][電話],現金  ,5050.0,4898.0,152.0,    ,202406.0,,,1.0
113[車牌][電話],現金  ,4240.0,4028.0,212.0,    ,202406.0,,,1.0
113[車牌][電話],現金  ,1950.0,1891.0,59.0,    ,202406.0,,,1.0
113[車牌][電話],現金  ,4600.0,4600.0,0.0,,202406.0,,,1.0
113[車牌][電話],現金  ,5410.0,5140.0,270.0,    ,202406.0,,,1.0
113[車牌][電話],現金  ,10904.0,8477.0,2427.0,    ,202407.0,,,1.0
113[車牌][電話],現金  ,27500.0,27500.0,0.0,,202406.0,,,1.0
113[車牌][電話],現金  ,830.0,830.0,0.0,,202406.0,,,1.0
113[車牌][電話],現金  ,780.0,780.0,0.0,,202407.0,,,2.0
113[車牌][電話],現金  ,11758.0,12300.0,0.0,溢付  ,202406.0,,,1.0
113[車牌][電話],現金  ,4421.0,4288.0,133.0,    ,202406.0,,,1.0
113[車牌][電話],現金  ,2430.0,2357.0,73.0,    ,202406.0,,,1.0
113[車牌][電話],現金  ,2800.0,2800.0,0.0,,202406.0,,,1.0
113[車牌][電話],現金  ,3600.0,3600.0,0.0,,202407.0,,,2.0
113[車牌][電話],現金  ,1500.0,1500.0,0.0,,202408.0,,,3.0
113[車牌][電話],現金  ,2550.0,2550.0,0.0,,202408.0,,,1.0
113[車牌][電話],現金  ,900.0,900.0,0.0,,202305.0,,,1.0
113[車牌][電話],現金  ,300.0,300.0,0.0,,202306.0,,,2.0
113[車牌][電話],現金  ,1400.0,1400.0,0.0,,202308.0,,,3.0
113[車牌][電話],現金  ,300.0,300.0,0.0,,202309.0,,,4.0
113[車牌][電話],現金  ,1000.0,1000.0,0.0,,202310.0,,,5.0
113[車牌][電話],現金  ,1000.0,1000.0,0.0,,202312.0,,,8.0
113[車牌][電話],現金  ,1400.0,1400.0,0.0,,202311.0,,,7.0
113[車牌][電話],現金  ,2300.0,2300.0,0.0,,202401.0,,,9.0
113[車牌][電話],現金  ,450.0,450.0,0.0,,202402.0,,,10.0
113[車牌][電話],現金  ,350.0,350.0,0.0,,202403.0,,,11.0
113[車牌][電話],現金  ,700.0,700.0,0.0,,202404.0,,,12.0
113[車牌][電話],現金  ,700.0,700.0,0.0,,202406.0,,,13.0
113[車牌][電話],現金  ,650.0,650.0,0.0,,202407.0,,,14.0
113[車牌][電話],現金  ,1400.0,1400.0,0.0,,202408.0,,,15.0
113[車牌][電話],現金  ,870.0,870.0,0.0,,202407.0,,,1.0
113[車牌][電話],支票  ,4600.0,4600.0,0.0,,202407.0,,,1.0
113[車牌][電話],現金  ,4388.0,4788.0,0.0,溢付  ,202407.0,,,1.0
113[車牌][電話],現金  ,3880.0,3000.0,880.0,    ,202407.0,,,1.0
113[車牌][電話],現金  ,4790.0,4790.0,0.0,,202407.0,,,1.0
113[車牌][電話],現金  ,-2170.0,-2170.0,0.0,,202408.0,,,2.0
113[車牌][電話],現金  ,6960.0,6517.0,443.0,    ,202408.0,,,1.0
113[車牌][電話],現金  ,4011.0,3800.0,211.0,    ,202407.0,,,1.0
113[車牌][電話],現金  ,4049.0,3879.0,170.0,    ,191217.0,,,1.0
113[車牌][電話],現金  ,3900.0,3900.0,0.0,,202404.0,,,1.0
113[車牌][電話],現金  ,3500.0,3300.0,200.0,    ,202406.0,,,2.0
113[車牌][電話],現金  ,1500.0,1500.0,0.0,,202409.0,,,1.0
113[車牌][電話],現金  ,32201.0,9200.0,23001.0,    ,202408.0,,,1.0
113[車牌][電話],現金  ,6300.0,6300.0,0.0,,202407.0,,,1.0
113[車牌][電話],現金  ,1400.0,1400.0,0.0,,202408.0,,,1.0
113[車牌][電話],現金  ,910.0,841.0,69.0,    ,202409.0,,,2.0
113[車牌][電話],現金  ,800.0,800.0,0.0,,202408.0,,,1.0
113[車牌][電話],現金  ,4100.0,4100.0,0.0,,202410.0,,,2.0
113[車牌][電話],現金  ,15099.0,14300.0,799.0,    ,202408.0,,,1.0
113[車牌][電話],    ,0.0,0.0,0.0,,,,,2.0
113[車牌][電話],現金  ,0.0,0.0,0.0,,,,,1.0
113[車牌][電話],現金  ,3054.0,2950.0,104.0,    ,202408.0,,,1.0
113[車牌][電話],現金  ,1800.0,1800.0,0.0,,202407.0,,,2.0
113[車牌][電話],現金  ,35000.0,35000.0,0.0,,202408.0,,,3.0
113[車牌][電話],現金  ,3077.0,0.3,3076.7,    ,202408.0,,,1.0
113[車牌][電話],現金  ,6200.0,6076.0,124.0,    ,202409.0,,,1.0
113[車牌][電話],現金  ,1806.0,1806.0,0.0,,202408.0,,,1.0
113[車牌][電話],現金  ,0.0,6352.0,0.0,訂金  ,,,,1.0
113[車牌][電話],現金  ,358.0,358.0,0.0,,202407.0,,,1.0
113[車牌][電話],現金  ,2460.0,2337.0,123.0,    ,202409.0,,,2.0
113[車牌][電話],現金  ,2663.0,2663.0,0.0,,202112.0,,,1.0
113[車牌][電話],現金  ,2550.0,2550.0,0.0,,202210.0,,,2.0
113[車牌][電話],現金  ,3120.0,3120.0,0.0,,202310.0,,,3.0
113[車牌][電話],現金  ,2358.0,2363.0,0.0,溢付  ,202410.0,,,4.0
113[車牌][電話],現金  ,0.0,23000.0,0.0,訂金  ,,,,1.0
113[車牌][電話],現金  ,525.0,525.0,0.0,,202409.0,,,1.0
113[車牌][電話],現金  ,5000.0,5000.0,0.0,,202411.0,,,1.0
113[車牌][電話],現金  ,8139.0,7350.0,789.0,    ,202410.0,,,1.0
113[車牌][電話],現金  ,2380.0,2380.0,0.0,,202411.0,,,1.0
113[車牌][電話],現金  ,3000.0,3000.0,0.0,,202408.0,,,1.0
113[車牌][電話],現金  ,5380.0,5380.0,0.0,,202409.0,,,1.0
113[車牌][電話],現金  ,-560.0,-560.0,0.0,,202410.0,,,2.0
113[車牌][電話],    ,0.0,0.0,0.0,,,,,2.0
113[車牌][電話],現金  ,1310.0,1310.0,0.0,,202410.0,,,3.0
113[車牌][電話],現金  ,11450.0,11450.0,0.0,,202408.0,,,1.0
113[車牌][電話],現金  ,15600.0,15600.0,0.0,,202411.0,,,2.0
113[車牌][電話],現金  ,-705.0,-705.0,0.0,,202408.0,,,1.0
113[車牌][電話],現金  ,3905.0,3709.0,196.0,    ,202410.0,,,2.0
113[車牌][電話],現金  ,0.0,0.0,0.0,,,,,1.0
113[車牌][電話],現金  ,571.0,571.0,0.0,,202306.0,,,1.0
113[車牌][電話],現金  ,12000.0,11400.0,600.0,    ,202410.0,,,2.0
113[車牌][電話],現金  ,2153.0,2045.0,108.0,    ,202410.0,,,1.0
113[車牌][電話],現金  ,0.0,0.0,0.0,,,,,1.0
113[車牌][電話],現金  ,9410.0,9410.0,0.0,,202409.0,,,1.0
113[車牌][電話],現金  ,1706.0,1596.0,110.0,    ,202411.0,,,2.0
113[車牌][電話],現金  ,7075.0,6917.0,158.0,    ,202410.0,,,1.0
113[車牌][電話],現金  ,15000.0,12000.0,3000.0,    ,202410.0,,,1.0
113[車牌][電話],現金  ,1830.0,710.0,1120.0,    ,202410.0,,,1.0
113[車牌][電話],現金  ,9101.0,7325.0,1776.0,    ,202410.0,,,1.0
113[車牌][電話],現金  ,4500.0,4500.0,0.0,,202412.0,,,1.0
113[車牌][電話],現金  ,1922.0,1922.0,0.0,,202411.0,,,1.0
114[車牌][電話],現金  ,1100.0,1100.0,0.0,,202409.0,,,1.0
114[車牌][電話],現金  ,3290.0,3290.0,0.0,,202409.0,,,1.0
114[車牌][電話],現金  ,210.0,210.0,0.0,,202411.0,,,2.0
114[車牌][電話],現金  ,5791.0,5791.0,0.0,,202412.0,,,1.0
114[車牌][電話],現金  ,1838.0,1838.0,0.0,,202403.0,,,1.0
114[車牌][電話],現金  ,2030.0,2030.0,0.0,,202501.0,,,2.0
114[車牌][電話],現金  ,6900.0,6900.0,0.0,,202110.0,,,1.0
114[車牌][電話],現金  ,6370.0,6370.0,0.0,,202209.0,,,2.0
114[車牌][電話],現金  ,6500.0,6500.0,0.0,,202302.0,,,3.0
114[車牌][電話],現金  ,4500.0,4500.0,0.0,,202308.0,,,4.0
114[車牌][電話],現金  ,9000.0,9000.0,0.0,,202402.0,,,5.0
114[車牌][電話],現金  ,800.0,800.0,0.0,,202212.0,,,1.0
114[車牌][電話],現金  ,1200.0,1200.0,0.0,,202310.0,,,2.0
114[車牌][電話],現金  ,7500.0,7500.0,0.0,,202501.0,,,3.0
114[車牌][電話],現金  ,8920.0,7400.0,1520.0,    ,202412.0,,,1.0
114[車牌][電話],現金  ,5600.0,5600.0,0.0,,202412.0,,,1.0
114[車牌][電話],現金  ,16900.0,16900.0,0.0,,202501.0,,,1.0
114[車牌][電話],現金  ,451.0,451.0,0.0,,202410.0,,,1.0
114[車牌][電話],現金  ,14339.0,14339.0,0.0,,202412.0,,,2.0
114[車牌][電話],現金  ,3460.0,3356.0,104.0,    ,202411.0,,,1.0
114[車牌][電話],現金  ,760.0,750.0,10.0,    ,202412.0,,,2.0
114[車牌][電話],現金  ,0.0,8565.0,0.0,訂金  ,,,,1.0
114[車牌][電話],現金  ,1840.0,1840.0,0.0,,202411.0,,,1.0
114[車牌][電話],現金  ,-1120.0,-1120.0,0.0,,202412.0,,,2.0
114[車牌][電話],現金  ,2818.0,2760.0,58.0,    ,202501.0,,,3.0
114[車牌][電話],現金  ,5110.0,5110.0,0.0,,202501.0,,,1.0
114[車牌][電話],現金  ,8110.0,8470.0,0.0,溢付  ,202501.0,,,1.0
114[車牌][電話],現金  ,29000.0,28000.0,1000.0,    ,202501.0,,,1.0
114[車牌][電話],現金  ,1530.0,1530.0,0.0,,202411.0,,,1.0
114[車牌][電話],現金  ,3800.0,3800.0,0.0,,202412.0,,,2.0
114[車牌][電話],現金  ,240.0,240.0,0.0,,202411.0,,,1.0
114[車牌][電話],現金  ,6531.0,6248.0,283.0,    ,202501.0,,,2.0
114[車牌][電話],現金  ,7229.0,6076.0,1153.0,    ,202501.0,,,1.0
114[車牌][電話],現金  ,3483.0,3203.0,280.0,    ,202501.0,,,1.0
114[車牌][電話],現金  ,8930.0,8663.0,267.0,    ,202501.0,,,1.0
114[車牌][電話],現金  ,2950.0,2950.0,0.0,,202412.0,,,1.0
114[車牌][電話],現金  ,1549.0,1500.0,49.0,    ,202503.0,,,2.0
114[車牌][電話],現金  ,3400.0,3400.0,0.0,,202412.0,,,1.0
114[車牌][電話],現金  ,9400.0,9400.0,0.0,,202503.0,,,2.0
114[車牌][電話],現金  ,3230.0,3134.0,96.0,    ,202502.0,,,1.0
114[車牌][電話],現金  ,6132.0,6132.0,0.0,,202502.0,,,1.0
114[車牌][電話],現金  ,3745.0,3558.0,187.0,    ,202502.0,,,1.0
114[車牌][電話],現金  ,2630.0,1630.0,1000.0,    ,202502.0,,,1.0
114[車牌][電話],現金  ,12000.0,12000.0,0.0,,202504.0,,,1.0
114[車牌][電話],現金  ,2800.0,2740.0,60.0,    ,202501.0,,,1.0
114[車牌][電話],現金  ,800.0,800.0,0.0,,202307.0,,,1.0
114[車牌][電話],現金  ,5900.0,5900.0,0.0,,202409.0,,,2.0
114[車牌][電話],現金  ,6500.0,6500.0,0.0,,202502.0,,,3.0
114[車牌][電話],現金  ,3600.0,3600.0,0.0,,202503.0,,,4.0
114[車牌][電話],現金  ,2400.0,2400.0,0.0,,202504.0,,,5.0
114[車牌][電話],現金  ,,5172.0,0.0,訂金  ,,,,1.0
114[車牌][電話],現金  ,2112.0,2049.0,63.0,    ,202503.0,,,1.0
114[車牌][電話],現金  ,5315.0,5581.0,0.0,溢付  ,202503.0,,,1.0
114[車牌][電話],現金  ,4589.0,4589.0,0.0,,202502.0,,,1.0
114[車牌][電話],現金  ,681.0,650.0,31.0,    ,202504.0,,,2.0
114[車牌][電話],現金  ,425.0,425.0,0.0,,202502.0,,,1.0
114[車牌][電話],現金  ,10725.0,9020.0,1705.0,    ,202503.0,,,2.0
114[車牌][電話],現金  ,7803.0,7400.0,403.0,    ,202503.0,,,1.0
114[車牌][電話],現金  ,7703.0,7157.0,546.0,    ,202503.0,,,1.0
114[車牌][電話],現金  ,2246.0,2079.0,167.0,    ,202504.0,,,1.0
114[車牌][電話],現金  ,10600.0,10600.0,0.0,,202505.0,,,1.0
114[車牌][電話],現金  ,2999.0,2028.0,971.0,    ,202505.0,,,1.0
114[車牌][電話],現金  ,0.0,5858.0,0.0,訂金  ,,,,1.0
114[車牌][電話],現金  ,1435.0,1435.0,0.0,,202504.0,,,1.0
114[車牌][電話],現金  ,2600.0,2600.0,0.0,,202505.0,,,1.0
114[車牌][電話],現金  ,4800.0,4800.0,0.0,,202506.0,,,2.0
114[車牌][電話],現金  ,10800.0,10800.0,0.0,,202506.0,,,1.0
114[車牌][電話],現金  ,1340.0,1340.0,0.0,,202504.0,,,1.0
114[車牌][電話],現金  ,4650.0,4650.0,0.0,,202503.0,,,1.0
114[車牌][電話],現金  ,221.0,221.0,0.0,,202504.0,,,2.0
114[車牌][電話],現金  ,221.0,221.0,0.0,,202505.0,,,3.0
114[車牌][電話],現金  ,9200.0,10550.0,0.0,溢付  ,202503.0,,,1.0
114[車牌][電話],現金  ,1850.0,1850.0,0.0,,202412.0,,,1.0
114[車牌][電話],現金  ,11410.0,10682.0,728.0,    ,202505.0,,,2.0
114[車牌][電話],現金  ,10380.0,10068.0,312.0,    ,202504.0,,,1.0
114[車牌][電話],現金  ,10090.0,10090.0,0.0,,202506.0,,,1.0
114[車牌][電話],現金  ,6120.0,5936.0,184.0,    ,202503.0,,,1.0
114[車牌][電話],現金  ,2300.0,2300.0,0.0,,202506.0,,,1.0
114[車牌][電話],現金  ,5660.0,5490.0,170.0,    ,202505.0,,,1.0
114[車牌][電話],現金  ,2485.0,2485.0,0.0,,202504.0,,,1.0
114[車牌][電話],現金  ,2995.0,2995.0,0.0,,202505.0,,,2.0
114[車牌][電話],現金  ,1320.0,1320.0,0.0,,202505.0,,,1.0
114[車牌][電話],現金  ,3120.0,3120.0,0.0,,202402.0,,,1.0
114[車牌][電話],現金  ,3120.0,2964.0,156.0,    ,202505.0,,,2.0
114[車牌][電話],現金  ,-694.0,-694.0,0.0,,202504.0,,,1.0
114[車牌][電話],現金  ,14723.0,13319.0,1404.0,    ,202505.0,,,2.0
114[車牌][電話],現金  ,0.0,0.0,0.0,,,,,1.0
114[車牌][電話],現金  ,2682.0,2600.0,82.0,    ,202505.0,,,1.0
114[車牌][電話],現金  ,22304.0,11152.0,11152.0,    ,202506.0,,,2.0
114[車牌][電話],現金  ,2450.0,2226.0,224.0,    ,202505.0,,,1.0
114[車牌][電話],現金  ,2166.0,2105.0,61.0,    ,202506.0,,,2.0
114[車牌][電話],現金  ,9000.0,9000.0,0.0,,202507.0,,,1.0
114[車牌][電話],現金  ,700.0,700.0,0.0,,202508.0,,,1.0
114[車牌][電話],現金  ,6500.0,6500.0,0.0,,202212.0,,,1.0
114[車牌][電話],現金  ,8500.0,8500.0,0.0,,202507.0,,,2.0
114[車牌][電話],現金  ,2400.0,2400.0,0.0,,202506.0,,,1.0
114[車牌][電話],現金  ,8400.0,8400.0,0.0,,202507.0,,,2.0
114[車牌][電話],現金  ,5400.0,4600.0,800.0,    ,202506.0,,,1.0
114[車牌][電話],現金  ,6751.0,6321.0,430.0,    ,202507.0,,,1.0
114[車牌][電話],現金  ,6185.0,6185.0,0.0,,202506.0,,,1.0
114[車牌][電話],現金  ,2200.0,2200.0,0.0,,202502.0,,,1.0
114[車牌][電話],現金  ,700.0,700.0,0.0,,202504.0,,,2.0
114[車牌][電話],現金  ,750.0,750.0,0.0,,202505.0,,,3.0
114[車牌][電話],現金  ,760.0,737.0,23.0,    ,202506.0,,,1.0
114[車牌][電話],現金  ,500.0,500.0,0.0,,202507.0,,,1.0
114[車牌][電話],現金  ,400.0,400.0,0.0,,202508.0,,,2.0
114[車牌][電話],現金  ,0.0,5793.0,0.0,訂金  ,,,,1.0
114[車牌][電話],現金  ,3800.0,3800.0,0.0,,202508.0,,,1.0
114[車牌][電話],現金  ,4187.0,4137.0,50.0,    ,202507.0,,,1.0
114[車牌][電話],現金  ,560.0,560.0,0.0,,202506.0,,,1.0
114[車牌][電話],現金  ,2885.0,2798.0,87.0,    ,202507.0,,,1.0
114[車牌][電話],現金  ,6071.0,5684.0,387.0,    ,202508.0,,,1.0
114[車牌][電話],現金  ,13466.0,11795.0,1671.0,    ,202507.0,,,1.0
114[車牌][電話],現金  ,1050.0,1050.0,0.0,,202509.0,,,1.0
114[車牌][電話],現金  ,-200.0,-200.0,0.0,,202501.0,,,1.0
114[車牌][電話],現金  ,1700.0,1700.0,0.0,,202507.0,,,2.0
114[車牌][電話],現金  ,3610.0,3429.0,181.0,    ,202508.0,,,1.0
114[車牌][電話],支票  ,468.0,468.0,0.0,,202507.0,,,1.0
114[車牌][電話],現金  ,6120.0,4772.0,1348.0,    ,202508.0,,,2.0
114[車牌][電話],現金  ,200.0,200.0,0.0,,202508.0,,,1.0
114[車牌][電話],現金  ,3234.0,3072.0,162.0,    ,202508.0,,,1.0
114[車牌][電話],現金  ,10571.0,10100.0,471.0,    ,202509.0,,,1.0
114[車牌][電話],現金  ,8076.0,7672.0,404.0,    ,202508.0,,,1.0
114[車牌][電話],現金  ,9910.0,5957.0,3953.0,    ,202507.0,,,1.0
114[車牌][電話],現金  ,4582.0,3462.0,1120.0,    ,202508.0,,,2.0
114[車牌][電話],現金  ,0.0,5946.0,0.0,訂金  ,,,,1.0
114[車牌][電話],現金  ,3675.0,3675.0,0.0,,202508.0,,,1.0
114[車牌][電話],現金  ,1050.0,1050.0,0.0,,202509.0,,,2.0
114[車牌][電話],現金  ,1090.0,1090.0,0.0,,202509.0,,,1.0
114[車牌][電話],現金  ,6010.0,6010.0,0.0,    ,202509.0,,,1.0
114[車牌][電話],現金  ,571.0,571.0,0.0,,202411.0,,,1.0
114[車牌][電話],現金  ,12000.0,11400.0,600.0,    ,202509.0,,,2.0
114[車牌][電話],現金  ,3700.0,3700.0,0.0,,202510.0,,,1.0
114[車牌][電話],現金  ,4600.0,4600.0,0.0,,202508.0,,,1.0
114[車牌][電話],現金  ,5700.0,5700.0,0.0,,202510.0,,,2.0
114[車牌][電話],現金  ,750.0,750.0,0.0,,202512.0,,,1.0
114[車牌][電話],現金  ,980.0,980.0,0.0,,202510.0,,,1.0
114[車牌][電話],現金  ,6300.0,6174.0,126.0,    ,202511.0,,,1.0
114[車牌][電話],現金  ,1659.0,1659.0,0.0,,202504.0,,,1.0
114[車牌][電話],現金  ,1101.0,1101.0,0.0,,202512.0,,,2.0
114[車牌][電話],現金  ,2856.0,2856.0,0.0,,202510.0,,,1.0
114[車牌][電話],現金  ,100.0,100.0,0.0,,202510.0,,,1.0
114[車牌][電話],現金  ,2650.0,2644.0,6.0,    ,202510.0,,,1.0
114[車牌][電話],現金  ,2450.0,2450.0,0.0,,202512.0,,,1.0
114[車牌][電話],現金  ,0.0,0.0,0.0,,,,,1.0
114[車牌][電話],現金  ,0.0,5911.0,0.0,訂金  ,,,,1.0
114[車牌][電話],現金  ,4380.0,4161.0,219.0,    ,202510.0,,,1.0
114[車牌][電話],現金  ,3340.0,3139.0,201.0,    ,202511.0,,,2.0
114[車牌][電話],現金  ,1590.0,1590.0,0.0,,202511.0,,,1.0
115[車牌][電話],現金  ,5500.0,5500.0,0.0,,202512.0,,,1.0
115[車牌][電話],現金  ,470.0,470.0,0.0,,202511.0,,,1.0
115[車牌][電話],現金  ,10250.0,10250.0,0.0,,202510.0,,,1.0
115[車牌][電話],現金  ,4650.0,4650.0,0.0,,202511.0,,,1.0
115[車牌][電話],現金  ,13691.0,8588.0,5103.0,    ,202511.0,,,1.0
115[車牌][電話],現金  ,5470.0,5100.0,370.0,    ,202512.0,,,1.0
115[車牌][電話],現金  ,1370.0,1330.0,40.0,    ,202512.0,,,1.0
115[車牌][電話],現金  ,11500.0,4600.0,6900.0,    ,202512.0,,,1.0
115[車牌][電話],現金  ,5219.0,5219.0,0.0,,202512.0,,,1.0
115[車牌][電話],現金  ,6650.0,6250.0,400.0,    ,202511.0,,,1.0
115[車牌][電話],現金  ,5700.0,5700.0,0.0,,202511.0,,,1.0
115[車牌][電話],現金  ,6200.0,6200.0,0.0,,202512.0,,,2.0
115[車牌][電話],現金  ,0.0,0.0,0.0,,,,,3.0
115[車牌][電話],現金  ,11450.0,11450.0,0.0,,202512.0,,,1.0
115[車牌][電話],現金  ,3339.0,3172.0,167.0,    ,202512.0,,,1.0
115[車牌][電話],現金  ,5600.0,5600.0,0.0,,202505.0,,,1.0
115[車牌][電話],現金  ,3000.0,2886.0,114.0,    ,202512.0,,,2.0
115[車牌][電話],現金  ,300.0,300.0,0.0,,202409.0,,,1.0
115[車牌][電話],現金  ,700.0,700.0,0.0,,202412.0,,,2.0
115[車牌][電話],現金  ,600.0,600.0,0.0,,202507.0,,,3.0
115[車牌][電話],現金  ,700.0,700.0,0.0,,202510.0,,,4.0
115[車牌][電話],現金  ,1400.0,1400.0,0.0,,202511.0,,,5.0
115[車牌][電話],現金  ,1050.0,1050.0,0.0,,202601.0,,,6.0
115[車牌][電話],現金  ,1200.0,1200.0,0.0,,202602.0,,,7.0
115[車牌][電話],現金  ,3300.0,3300.0,0.0,,202511.0,,,1.0
115[車牌][電話],現金  ,8270.0,8270.0,0.0,,202602.0,,,2.0
115[車牌][電話],現金  ,3900.0,3700.0,200.0,    ,202511.0,,,1.0
115[車牌][電話],現金  ,4000.0,4000.0,0.0,,202601.0,,,1.0
115[車牌][電話],現金  ,0.0,9109.0,0.0,訂金  ,,,,1.0
115[車牌][電話],現金  ,540.0,540.0,0.0,,202601.0,,,1.0
115[車牌][電話],現金  ,12300.0,650.0,11650.0,    ,202601.0,,,1.0
115[車牌][電話],現金  ,3150.0,3150.0,0.0,,202601.0,,,1.0
115[車牌][電話],現金  ,4620.0,3809.0,811.0,    ,202601.0,,,1.0
115[車牌][電話],現金  ,13339.0,13339.0,0.0,,202311.0,,,1.0
115[車牌][電話],現金  ,2501.0,2375.0,126.0,    ,202601.0,,,2.0
115[車牌][電話],現金  ,4300.0,4082.0,218.0,    ,202512.0,,,1.0
115[車牌][電話],現金  ,4450.0,4450.0,0.0,,202603.0,,,1.0
115[車牌][電話],現金  ,1260.0,1260.0,0.0,,202602.0,,,1.0
115[車牌][電話],現金  ,3421.0,3421.0,0.0,,202603.0,,,2.0
115[車牌][電話],現金  ,600.0,600.0,0.0,,202601.0,,,1.0
115[車牌][電話],現金  ,5860.0,5680.0,180.0,    ,202601.0,,,1.0
115[車牌][電話],現金  ,9200.0,9200.0,0.0,,202602.0,,,1.0
115[車牌][電話],現金  ,3000.0,2990.0,10.0,    ,202602.0,,,1.0
115[車牌][電話],現金  ,6000.0,6000.0,0.0,,202601.0,,,1.0
115[車牌][電話],現金  ,4080.0,4080.0,0.0,,202602.0,,,1.0
115[車牌][電話],現金  ,14000.0,14000.0,0.0,,202602.0,,,1.0
115[車牌][電話],現金  ,22000.0,5800.0,16200.0,    ,202603.0,,,2.0
115[車牌][電話],現金  ,7895.0,7500.0,395.0,    ,202602.0,,,1.0
115[車牌][電話],現金  ,3352.0,3200.0,152.0,    ,202603.0,,,1.0
115[車牌][電話],現金  ,3150.0,3150.0,0.0,,202604.0,,,1.0
