relno,stockno,cusno,rdate,note1,toacc
109[車牌][電話],GF ,CUS_00076,2020-08-25 00:00:00,,
109[車牌][電話],GF ,CUS_00682,2020-08-25 00:00:00,,
109[車牌][電話],GF ,CUS_00076,2020-09-17 00:00:00,,
109[車牌][電話],GF ,CUS_00630,2020-09-28 00:00:00,,
109[車牌][電話],GF ,CUS_00598,2020-10-03 00:00:00,,
109[車牌][電話],GF ,CUS_00682,2020-10-05 00:00:00,,
109[車牌][電話],GF ,CUS_00588,2020-10-06 00:00:00,,
109[車牌][電話],GF ,CUS_00076,2020-10-27 00:00:00,,
109[車牌][電話],GF ,CUS_00682,2020-11-02 00:00:00,,
109[車牌][電話],GF ,CUS_00630,2020-11-05 00:00:00,,
109[車牌][電話],GF ,CUS_00656,2020-12-05 00:00:00,,
109[車牌][電話],GF ,CUS_00630,2020-12-21 00:00:00,,
109[車牌][電話],GF ,CUS_00076,2020-12-30 00:00:00,,
109[車牌][電話],GF ,CUS_00682,2020-12-30 00:00:00,,
110[車牌][電話],GF ,CUS_00076,2021-01-11 00:00:00,,
110[車牌][電話],GF ,CUS_00555,2021-01-21 00:00:00,,
110[車牌][電話],GF ,CUS_00533,2021-01-22 00:00:00,,
110[車牌][電話],GF ,CUS_00076,2021-01-25 00:00:00,,
110[車牌][電話],GF ,CUS_00682,2021-01-25 00:00:00,,
110[車牌][電話],GF ,CUS_00588,2021-01-25 00:00:00,,
110[車牌][電話],GF ,CUS_00618,2021-02-02 00:00:00,,
110[車牌][電話],GF ,CUS_00682,2021-03-04 00:00:00,,
110[車牌][電話],GF ,CUS_00588,2021-03-18 00:00:00,,
110[車牌][電話],GF ,CUS_00076,2021-03-19 00:00:00,,
110[車牌][電話],GF ,CUS_00682,2021-03-30 00:00:00,,
110[車牌][電話],GF ,CUS_00656,2021-04-01 00:00:00,,
110[車牌][電話],GF ,CUS_00598,2021-04-15 00:00:00,,
110[車牌][電話],GF ,CUS_00598,2021-04-15 00:00:00,,
110[車牌][電話],GF ,CUS_00618,2021-04-19 00:00:00,,
110[車牌][電話],GF ,CUS_00618,2021-04-19 00:00:00,,
110[車牌][電話],GF ,CUS_00618,2021-04-19 00:00:00,,
110[車牌][電話],GF ,CUS_00555,2021-04-29 00:00:00,,
110[車牌][電話],GF ,CUS_00533,2021-05-22 00:00:00,,
110[車牌][電話],GF ,CUS_00076,2021-05-22 00:00:00,,
110[車牌][電話],GF ,CUS_00076,2021-05-22 00:00:00,,
110[車牌][電話],GF ,CUS_00074,2021-06-07 00:00:00,,
110[車牌][電話],GF ,CUS_00705,2021-06-01 00:00:00,,
110[車牌][電話],GF ,CUS_00076,2021-06-25 00:00:00,,
110[車牌][電話],GF ,CUS_00682,2021-06-28 00:00:00,,
110[車牌][電話],GF ,CUS_00076,2021-07-29 00:00:00,,
110[車牌][電話],GF ,CUS_00682,2021-07-29 00:00:00,,
110[車牌][電話],GF ,CUS_00648,2021-08-10 00:00:00,,
110[車牌][電話],GF ,CUS_00648,2021-08-25 00:00:00,,
110[車牌][電話],GF ,CUS_00630,2021-10-06 00:00:00,,
110[車牌][電話],GF ,CUS_00693,2021-10-06 00:00:00,,
110[車牌][電話],GF ,CUS_00630,2021-10-08 00:00:00,,
110[車牌][電話],GF ,CUS_00704,2021-10-14 00:00:00,,
110[車牌][電話],GF ,CUS_00076,2021-10-25 00:00:00,,
110[車牌][電話],GF ,CUS_00572,2021-10-26 00:00:00,,
110[車牌][電話],GF ,CUS_00132,2021-10-27 00:00:00,,
110[車牌][電話],GF ,CUS_00572,2021-10-29 00:00:00,,
110[車牌][電話],GF ,CUS_00555,2021-11-04 00:00:00,,
110[車牌][電話],GF ,CUS_00693,2021-11-25 00:00:00,,
110[車牌][電話],GF ,CUS_00076,2021-11-25 00:00:00,,
110[車牌][電話],GF ,CUS_00682,2021-11-26 00:00:00,,
110[車牌][電話],GF ,CUS_00630,2021-11-29 00:00:00,,
110[車牌][電話],GF ,CUS_00588,2021-12-08 00:00:00,,
110[車牌][電話],GF ,CUS_00656,2021-12-08 00:00:00,,
110[車牌][電話],GF ,CUS_00523,2021-12-22 00:00:00,,
110[車牌][電話],GF ,CUS_00630,2021-12-25 00:00:00,,
110[車牌][電話],GF ,CUS_00555,2021-12-30 00:00:00,,
111[車牌][電話],GF ,CUS_00682,2022-01-03 00:00:00,,
111[車牌][電話],GF ,CUS_00074,2022-01-15 00:00:00,,
111[車牌][電話],GF ,CUS_00630,2022-01-22 00:00:00,,
111[車牌][電話],GF ,CUS_00693,2022-01-24 00:00:00,,
111[車牌][電話],GF ,CUS_00133,2022-01-29 00:00:00,,
111[車牌][電話],GF ,CUS_00588,2022-03-07 00:00:00,,
111[車牌][電話],GF ,CUS_00656,2022-03-07 00:00:00,,
111[車牌][電話],GF ,CUS_00076,2022-03-25 00:00:00,,
111[車牌][電話],GF ,CUS_00682,2022-03-30 00:00:00,,
111[車牌][電話],GF ,CUS_00555,2022-04-14 00:00:00,,
111[車牌][電話],GF ,CUS_00555,2022-04-27 00:00:00,,
111[車牌][電話],GF ,CUS_00554,2022-04-28 00:00:00,,
111[車牌][電話],GF ,CUS_00693,2022-05-03 00:00:00,,
111[車牌][電話],GF ,CUS_00598,2022-05-04 00:00:00,,
111[車牌][電話],GF ,CUS_00076,2022-05-04 00:00:00,,
111[車牌][電話],GF ,CUS_00656,2022-05-06 00:00:00,,
111[車牌][電話],GF ,CUS_00728,2022-05-30 00:00:00,,
111[車牌][電話],GF ,CUS_00555,2022-07-06 00:00:00,,
111[車牌][電話],GF ,CUS_00076,2022-07-06 00:00:00,,
111[車牌][電話],GF ,CUS_00074,2022-07-06 00:00:00,,
111[車牌][電話],GF ,CUS_00656,2022-07-08 00:00:00,,
111[車牌][電話],GF ,CUS_00076,2022-08-31 00:00:00,,
111[車牌][電話],GF ,CUS_00555,2022-09-05 00:00:00,,
111[車牌][電話],GF ,CUS_00682,2022-09-06 00:00:00,,
111[車牌][電話],GF ,CUS_00598,2022-09-07 00:00:00,,
111[車牌][電話],GF ,CUS_00656,2022-09-17 00:00:00,,
111[車牌][電話],GF ,CUS_00074,2022-10-04 00:00:00,,
111[車牌][電話],GF ,CUS_00352,2022-10-06 00:00:00,,
111[車牌][電話],GF ,CUS_00076,2022-10-14 00:00:00,,
111[車牌][電話],GF ,CUS_00572,2022-10-14 00:00:00,,
111[車牌][電話],GF ,CUS_00533,2022-10-26 00:00:00,,
111[車牌][電話],GF ,CUS_00682,2022-11-29 00:00:00,,
111[車牌][電話],GF ,CUS_00656,2022-12-07 00:00:00,,
111[車牌][電話],GF ,CUS_00630,2022-12-14 00:00:00,,
112[車牌][電話],GF ,CUS_00022,2023-01-04 00:00:00,,
112[車牌][電話],GF ,CUS_00555,2023-01-04 00:00:00,,
112[車牌][電話],GF ,CUS_00076,2023-01-04 00:00:00,,
112[車牌][電話],GF ,CUS_00588,2023-01-13 00:00:00,,
112[車牌][電話],GF ,CUS_00682,2023-02-06 00:00:00,[已隱蔽],
112[車牌][電話],GF ,CUS_00076,2023-02-07 00:00:00,,
112[車牌][電話],GF ,CUS_00682,2023-03-08 00:00:00,,
112[車牌][電話],GF ,CUS_00076,2023-03-08 00:00:00,,
112[車牌][電話],GF ,CUS_00472,2023-04-06 00:00:00,,
112[車牌][電話],GF ,CUS_00076,2023-04-06 00:00:00,,
112[車牌][電話],GF ,CUS_00076,2023-04-12 00:00:00,,
112[車牌][電話],GF ,CUS_00106,2023-04-23 00:00:00,,
112[車牌][電話],GF ,CUS_00682,2023-05-25 00:00:00,,
112[車牌][電話],GF ,CUS_00656,2023-06-05 00:00:00,,
112[車牌][電話],GF ,CUS_00682,2023-06-29 00:00:00,,
112[車牌][電話],GF ,CUS_00076,2023-06-29 00:00:00,,
112[車牌][電話],GF ,CUS_00718,2023-07-17 00:00:00,,
112[車牌][電話],GF ,CUS_00332,2023-07-31 00:00:00,,
112[車牌][電話],GF ,CUS_00132,2023-08-08 00:00:00,,
112[車牌][電話],GF ,CUS_00171,2023-08-10 00:00:00,,
112[車牌][電話],GF ,CUS_00647,2023-08-12 00:00:00,,
112[車牌][電話],GF ,CUS_00177,2023-08-12 00:00:00,,
112[車牌][電話],GF ,CUS_00472,2023-08-12 00:00:00,,
112[車牌][電話],GF ,CUS_00076,2023-08-15 00:00:00,,
112[車牌][電話],GF ,CUS_00555,2023-08-22 00:00:00,,
112[車牌][電話],GF ,CUS_00076,2023-08-31 00:00:00,,
112[車牌][電話],GF ,CUS_00682,2023-08-31 00:00:00,,
112[車牌][電話],GF ,CUS_00533,2023-09-13 00:00:00,,
112[車牌][電話],GF ,CUS_00076,2023-09-14 00:00:00,,
112[車牌][電話],GF ,CUS_00615,2023-10-27 00:00:00,,
112[車牌][電話],GF ,CUS_00091,2023-10-30 00:00:00,,
112[車牌][電話],GF ,CUS_00639,2023-11-01 00:00:00,,
112[車牌][電話],GF ,CUS_00076,2023-11-01 00:00:00,,
112[車牌][電話],GF ,CUS_00330,2023-11-22 00:00:00,,
112[車牌][電話],GF ,CUS_00076,2023-11-29 00:00:00,,
112[車牌][電話],GF ,CUS_00682,2023-11-29 00:00:00,,
112[車牌][電話],GF ,CUS_00656,2023-12-15 00:00:00,,
113[車牌][電話],GF ,CUS_00442,2024-01-03 00:00:00,,
113[車牌][電話],GF ,CUS_00076,2024-01-09 00:00:00,,
113[車牌][電話],GF ,CUS_00682,2024-01-09 00:00:00,,
113[車牌][電話],GF ,CUS_00076,2024-02-01 00:00:00,,
113[車牌][電話],GF ,CUS_00682,2024-02-01 00:00:00,,
113[車牌][電話],GF ,CUS_00561,2024-02-02 00:00:00,,
113[車牌][電話],GF ,CUS_00076,2024-02-26 00:00:00,,
113[車牌][電話],GF ,CUS_00038,2024-03-25 00:00:00,,
113[車牌][電話],GF ,CUS_00492,2024-03-25 00:00:00,,
113[車牌][電話],GF ,CUS_00682,2024-03-26 00:00:00,,
113[車牌][電話],GF ,CUS_00076,2024-03-26 00:00:00,,
113[車牌][電話],GF ,CUS_00554,2024-03-27 00:00:00,,
113[車牌][電話],GF ,CUS_00533,2024-04-19 00:00:00,,
113[車牌][電話],GF ,CUS_00076,2024-04-25 00:00:00,,
113[車牌][電話],GF ,CUS_00682,2024-04-26 00:00:00,,
113[車牌][電話],GF ,CUS_00076,2024-05-21 00:00:00,,
113[車牌][電話],GF ,CUS_00682,2024-05-28 00:00:00,[已隱蔽],
113[車牌][電話],GF ,CUS_00076,2024-07-26 00:00:00,,
113[車牌][電話],GF ,CUS_00682,2024-08-09 00:00:00,,
113[車牌][電話],GF ,CUS_00076,2024-08-24 00:00:00,,
113[車牌][電話],GF ,CUS_00555,2024-08-26 00:00:00,,
113[車牌][電話],GF ,CUS_00656,2024-08-28 00:00:00,,
113[車牌][電話],GF ,CUS_00728,2024-08-28 00:00:00,,
113[車牌][電話],GF ,CUS_00019,2024-09-02 00:00:00,,
113[車牌][電話],GF ,CUS_00682,2024-09-03 00:00:00,,
113[車牌][電話],GF ,CUS_00076,2024-09-30 00:00:00,,
113[車牌][電話],GF ,CUS_00682,2024-10-19 00:00:00,,
113[車牌][電話],GF ,CUS_00594,2024-11-19 00:00:00,,
113[車牌][電話],GF ,CUS_00533,2024-12-03 00:00:00,,
113[車牌][電話],GF ,CUS_00682,2024-12-10 00:00:00,,
113[車牌][電話],GF ,CUS_00594,2024-12-19 00:00:00,,
113[車牌][電話],GF ,CUS_00076,2024-12-26 00:00:00,,
113[車牌][電話],GF ,CUS_00700,2024-12-26 00:00:00,,
114[車牌][電話],GF ,CUS_00694,2025-01-24 00:00:00,,
114[車牌][電話],GF ,CUS_00682,2025-02-14 00:00:00,,
114[車牌][電話],GF ,CUS_00076,2025-02-25 00:00:00,,
114[車牌][電話],GF ,CUS_00682,2025-03-14 00:00:00,,
114[車牌][電話],GF ,CUS_00074,2025-03-27 00:00:00,,
114[車牌][電話],GF ,CUS_00656,2025-03-27 00:00:00,,
114[車牌][電話],GF ,CUS_00556,2025-04-02 00:00:00,,
114[車牌][電話],GF ,CUS_00694,2025-04-03 00:00:00,,
114[車牌][電話],GF ,CUS_00656,2025-04-17 00:00:00,,
114[車牌][電話],GF ,CUS_00163,2025-04-22 00:00:00,,
114[車牌][電話],GF ,CUS_00076,2025-04-24 00:00:00,,
114[車牌][電話],GF ,CUS_00682,2025-05-02 00:00:00,,
114[車牌][電話],GF ,CUS_00656,2025-05-20 00:00:00,,
114[車牌][電話],GF ,CUS_00076,2025-06-16 00:00:00,,
114[車牌][電話],GF ,CUS_00682,2025-06-27 00:00:00,,
114[車牌][電話],GF ,CUS_00552,2025-07-23 00:00:00,,
114[車牌][電話],GF ,CUS_00533,2025-07-23 00:00:00,,
114[車牌][電話],GF ,CUS_00076,2025-08-01 00:00:00,,
114[車牌][電話],GF ,CUS_00656,2025-08-16 00:00:00,,
114[車牌][電話],GF ,CUS_00076,2025-08-26 00:00:00,,
114[車牌][電話],GF ,CUS_00682,2025-08-27 00:00:00,,
114[車牌][電話],GF ,CUS_00561,2025-08-29 00:00:00,,
114[車牌][電話],GF ,CUS_00682,2025-10-13 00:00:00,,
114[車牌][電話],GF ,CUS_00074,2025-11-18 00:00:00,,
114[車牌][電話],GF ,CUS_00682,2025-12-30 00:00:00,,
114[車牌][電話],GF ,CUS_00076,2025-12-30 00:00:00,,
115[車牌][電話],GF ,CUS_00594,2026-02-05 00:00:00,,
115[車牌][電話],GF ,CUS_00617,2026-02-06 00:00:00,,
115[車牌][電話],GF ,CUS_00076,2026-03-26 00:00:00,,
