stockno,prdno,qty
A  ,V81GUVTRXFF         ,5.0
A  ,V81GUVTRXFC         ,5.0
GF ,X2G0N               ,-1.0
GF ,VTGDRGE             ,2.0
GF ,1XD2                ,2.0
GF ,CR20162T            ,10.0
GF ,CR20252T            ,8.0
GF ,CR20322T            ,7.0
GF ,1XD2CAG             ,2.0
GF ,23A2T               ,21.0
GF ,27A2T               ,6.0
GF ,1XE251CM            ,2.0
GF ,1MVXTT5             ,1.0
GF ,1MVXTT5XL           ,2.0
GF ,1XE28H              ,2.0
GF ,GN335VXRJY          ,2.0
GF ,WDR201VTRXF         ,-1.0
GF ,13ALTISCVN          ,0.0
GF ,RWFVR               ,-7.0
GF ,TYPERH7CR2Q         ,-3.0
GF ,ABTE027             ,-1.0
GF ,SF22R               ,-5.0
GF ,10AYW3CGR           ,0.0
GF ,RSENHID5RF          ,-2.0
GF ,GNFMT               ,3.0
GF ,GV5XJ               ,3.0
GF ,LEDGS2VWG           ,0.0
GF ,LC3.1USB2U1         ,0.0
GF ,XQRAION             ,1.0
GF ,12CRV5MMG           ,0.0
GF ,RSENH76000K         ,0.0
GF ,KH911A2             ,2.0
GF ,G100A2              ,0.0
GF ,FI345AW             ,1.0
GF ,JK40USBDT           ,0.0
GF ,JK40W2USBDT         ,1.0
GF ,KY323RGEY2          ,1.0
GF ,RSENX1              ,-2.0
GF ,VBDUMN              ,-3.0
GF ,MISSIONCVT          ,-70.0
GF ,99R1GX              ,-2.0
GF ,VBDVTR              ,-5.0
GF ,CW2                 ,0.0
GF ,BW2                 ,-6.0
GF ,S17RXTV1            ,-3.0
GF ,6BCA                ,7.0
GF ,PNSHGK06            ,-2.0
GF ,NOID12R             ,1.0
GF ,ZV5X8D              ,-1.0
GF ,VBDGVR              ,-5.0
GF ,POSEN18H            ,-14.0
GF ,POSEN16H            ,-14.5
GF ,POSEN20H            ,-12.5
GF ,POSEN22H            ,-2.0
GF ,2DR                 ,-4.0
GF ,VINA225XR           ,-3.0
GF ,JX2Y                ,1.0
GF ,V189005             ,0.0
GF ,RSEND28000K         ,2.0
GF ,RSENZVQ             ,-1.0
GF ,CRV+4CVP55R         ,0.0
GF ,08ALTISFMT          ,1.0
GF ,902XDFMT            ,1.0
GF ,180FMT              ,0.0
GF ,01ALTISFMT          ,0.0
GF ,XA                  ,0.0
GF ,YH368FDS2XEN        ,-1.0
GF ,SENFINECOGV5XR      ,5.0
GF ,SENFINCEODFFRR      ,-1.0
GF ,PNSHG03             ,0.0
GF ,PNS07HD69           ,3.0
GF ,PNSSUN007           ,0.0
GF ,PNSSUN001           ,0.0
GF ,PNSS25              ,-5.0
GF ,504                 ,0.0
A  ,PNSHG03             ,3.0
A  ,PNS07HD69           ,2.0
A  ,PNSS25              ,3.0
GF ,V81VTRXF            ,-11.0
A  ,V81VTRXF            ,17.0
GF ,ERQ602Q             ,-1.0
GF ,WF602Q              ,1.0
A  ,WF602Q              ,2.0
GF ,19RAV4QCE           ,-1.0
A  ,19RAV4QCE           ,1.0
GF ,YI280ZVR            ,-1.0
GF ,UZ2ES5JR            ,0.0
GF ,PC6233RVWUR         ,0.0
GF ,NOID0118SND         ,-2.0
GF ,NOID24GS2           ,3.0
GF ,ZV5Q5VTRXF          ,3.0
GF ,UX0GVR              ,3.0
GF ,2TVUJE              ,4.0
GF ,2TVUSD              ,8.0
GF ,SAXO5W50            ,15.0
GF ,17CRV1E2            ,-1.0
GF ,ID12H52U            ,-2.0
GF ,AV5VC               ,12.0
GF ,VTRXFV              ,-49.0
GF ,FY2T2R              ,-4.0
GF ,LD9VTRXF            ,-1.0
GF ,LD7GVVTRXF          ,4.0
GF ,LD72UVTRXF          ,1.0
GF ,LD7CRW              ,0.0
GF ,VTRXF2MV            ,2.0
GF ,V1                  ,4.0
GF ,CK7005R             ,0.0
GF ,ERJGNTWISTN         ,-1.0
GF ,JK60ZQW             ,0.0
GF ,PNSS27              ,0.0
GF ,PNSCS001            ,4.0
GF ,T15MU               ,3.0
GF ,PNSF404             ,3.0
GF ,PNSF405             ,-1.0
GF ,PNSSUN07            ,-1.0
GF ,PNSSUN08            ,2.0
GF ,PNSSUN05            ,16.0
GF ,PNSXP058            ,1.0
GF ,PNSHUDL2            ,1.0
GF ,PNSSB22             ,0.0
GF ,TAA095              ,3.0
GF ,A094                ,-2.0
GF ,SENFINECORU5X       ,-4.0
GF ,SENFINECOFURFFVR    ,-1.0
GF ,2TXWSDXU            ,0.0
GF ,AL5003TY-CU         ,-2.0
GF ,YH6629              ,-1.0
GF ,TURBOH4LED          ,1.0
GF ,H722                ,4.0
GF ,H422                ,1.0
GF ,08A2-MG             ,3.0
GF ,H4ZXQ2Q             ,1.0
GF ,VUGQ2W              ,-4.0
GF ,V18LED9006          ,2.0
GF ,TYPERH4CR           ,-2.5
GF ,D26000K2Q           ,-1.0
GF ,LY328GSR            ,2.0
GF ,A095                ,1.0
GF ,TAA089              ,3.0
GF ,TAA090              ,2.0
GF ,NB1040              ,71.0
GF ,SF1014              ,-1.0
GF ,VBDC1XWU            ,-1.0
GF ,TYPER9005           ,2.0
GF ,PS254               ,6.0
GF ,GXYGUX              ,7.0
GF ,VBDVATX             ,1.0
GF ,VBDAMMGR            ,1.0
GF ,BC608               ,0.0
GF ,BC608200W           ,1.0
GF ,BC608100W           ,0.0
GF ,SF0025              ,0.0
GF ,SF0046              ,-1.0
GF ,SF0041              ,2.0
GF ,SF035               ,4.0
GF ,SF0019              ,2.0
GF ,VBDCCTZ2A           ,3.0
GF ,8YCA                ,-1.0
GF ,VBD2XAF             ,11.0
GF ,20502XR             ,1.0
GF ,D48000K2Q           ,0.0
GF ,UUZV10D             ,1.0
GF ,A5MVEY2             ,1.0
GF ,RSEN56ZVQW          ,1.0
GF ,929TX               ,-5.0
GF ,V37GRR              ,4.0
GF ,HT32VMT             ,0.0
GF ,NOID15GS2           ,1.0
GF ,G2VY                ,0.0
GF ,3MCUFFVR            ,0.0
GF ,N1MUX1              ,-1.0
GF ,DAYQQWW             ,7.0
GF ,KR10ZVQW            ,1.0
GF ,RSENWXWF            ,6.0
GF ,TURBOH7LED          ,1.0
GF ,TURBO900622         ,-1.0
GF ,YH1382A2            ,-1.0
GF ,RSENT105630         ,11.0
GF ,RSENT105SMD         ,-15.0
GF ,RSENT105R22U        ,-7.0
GF ,RSENVTRXFV          ,0.0
GF ,TUBRO9005LED        ,0.0
GF ,WISHXFWZA1          ,0.0
GF ,ZEROVRMG26          ,2.0
GF ,5E5R                ,-3.0
GF ,8496ZVQE            ,-1.0
GF ,DNE2R               ,-1.0
GF ,PNSS12              ,-1.0
GF ,GS2T                ,1.0
GF ,GS2LM8005           ,0.0
GF ,GS2T8               ,2.0
GF ,GS2LM800524         ,1.0
GF ,GS2T24V             ,1.0
GF ,2TXWMTNU            ,0.0
GF ,WUSWU5TF            ,3.0
GF ,ATW                 ,0.0
GF ,KMWTV               ,-1.0
GF ,PNSS15              ,-1.0
GF ,PNS003              ,-3.0
GF ,PNSSW001            ,10.0
GF ,PNSMR01             ,0.0
GF ,PNSMR02             ,0.0
GF ,PNSSC002            ,3.0
GF ,G185630             ,1.5
GF ,RSENT104R           ,-1.0
GF ,ZEROVRMG19          ,0.0
GF ,ZEROVRMG21H         ,-1.0
GF ,ZEROVRMG22G         ,3.0
GF ,SENFINECOQUYSU      ,-1.0
GF ,SENFINECOCUFFVR     ,1.0
GF ,GOLF5MMG            ,2.0
GF ,TIGUA5MMG           ,2.0
GF ,ZEROAMN+RFC         ,-8.0
GF ,ZERORFFVR           ,4.0
GF ,UX02XZVQU           ,1.0
GF ,EY                  ,-668.0
GF ,V2V1JFMT            ,0.0
GF ,EXXQUW20            ,0.0
GF ,H1255W              ,2.0
GF ,ZXQH12Q             ,-2.0
GF ,ZJTUA               ,9.0
GF ,AMN                 ,-2.0
GF ,1VNV                ,-42.0
GF ,BGWGE               ,-1.0
GF ,12FVRU5XR           ,-31.0
GF ,GVE1.12             ,-6.0
GF ,G204GVR             ,-2.0
GF ,GVFV                ,-1.0
GF ,CLA250FQCE          ,0.0
GF ,AL5003              ,1.0
GF ,H75RY               ,-2.0
GF ,FA005               ,-1.0
GF ,HK906               ,3.0
GF ,HK916               ,2.0
GF ,ABRO2QR             ,0.0
GF ,CHY1688             ,2.0
GF ,2QG                 ,-30.0
GF ,SAXO1040            ,-31.0
GF ,12VA2-              ,0.0
GF ,3D1F1               ,92.0
GF ,9212Q               ,-2.0
GF ,2TVUGJG             ,0.0
GF ,MTVGJ2TXW           ,1.0
GF ,ZN5RJV              ,0.0
GF ,GN007J2WV           ,4.0
GF ,10HJV5R             ,-1.0
GF ,W15ZX5R             ,0.0
GF ,TURBOH11            ,1.0
GF ,RSENH72HY           ,-0.5
GF ,SAAXR2              ,-2.0
GF ,YARISFMT            ,-1.0
GF ,GARMIN57JV          ,-1.0
GF ,ERQ55D23L2Q         ,-2.0
GF ,TST120EUX1          ,-1.0
GF ,2TX23UJX            ,1.0
GF ,2TX23UDB            ,-3.0
GF ,1MT5D               ,8.0
GF ,LD9GPS              ,1.0
GF ,PNSBKF40B           ,-1.0
GF ,WF0306TW            ,-5.0
GF ,KNOSR               ,-14.0
GF ,HY898               ,-2.0
GF ,WF0305XD            ,-1.0
GF ,WF0307NDTY          ,0.0
GF ,3D5U1               ,4.0
GF ,PNSTPC004           ,-3.0
GF ,PNSTPC001           ,-3.0
GF ,99XGTA1E2           ,0.0
GF ,SJ911R2W            ,2.0
GF ,V1051RUQ            ,2.0
GF ,LY707YQW1           ,1.0
GF ,WISH2E              ,0.0
GF ,08VIOSTA1E2         ,-2.0
GF ,PNSHDF              ,3.0
GF ,PNSFB001            ,-1.0
GF ,AFL283578           ,19.0
GF ,PNSPM001            ,2.0
GF ,MR004               ,1.0
GF ,PNSDT001            ,0.0
GF ,PNSS182USB          ,-2.0
GF ,PNSHD05             ,-2.0
GF ,PNSHXT03            ,0.0
GF ,PNSCDZX01           ,7.0
GF ,G74435630           ,2.0
GF ,PNSHUDAP1           ,1.0
GF ,PNSSUN006           ,0.0
GF ,PNSSD1018           ,5.0
GF ,PNSHXT20            ,0.0
GF ,GARMINDRIVE52       ,-3.0
GF ,LD7VTRXF            ,1.0
GF ,ZWUV                ,-31.0
GF ,CRVUV               ,0.0
GF ,CLK250CR            ,0.0
GF ,KY010               ,10.0
GF ,ZXR                 ,13.0
GF ,GN5V                ,4.0
GF ,LA823               ,6.0
GF ,ABROGV5X            ,-2.0
GF ,NHGX                ,0.0
GF ,IEB001X1EUH         ,1.0
GF ,ABROYQUV            ,0.0
GF ,CY052               ,2.0
GF ,KH826UTVGW          ,1.0
GF ,99AMMG              ,0.0
GF ,ARCUY2              ,3.0
GF ,MCJVY2              ,13.0
GF ,LWT001              ,3.0
GF ,1XHWUAZCA           ,3.0
GF ,FA002               ,8.0
GF ,BB900               ,1.0
GF ,BB906               ,2.0
GF ,BB1361              ,2.0
GF ,2XAW6HQE            ,0.0
GF ,2XAW8H              ,2.0
GF ,HY662               ,6.0
GF ,05AYW5TA1E2         ,0.0
GF ,FORTISTA1E2         ,2.0
GF ,04WISHTA1E2         ,4.0
GF ,KICKS1.818          ,1.0
GF ,HY655               ,1.0
GF ,01ALTISTA1E2        ,3.0
GF ,AYW2TA1E2           ,2.0
GF ,TAA091              ,2.0
GF ,ABTE040             ,1.0
GF ,GPSMINUJV           ,0.0
GF ,32G                 ,-37.0
GF ,4RR2F               ,-11.0
GF ,XXFMT               ,0.0
GF ,J00357              ,0.0
GF ,J00342              ,0.0
GF ,ZERO14VRMG          ,3.0
GF ,ZEROVRMG28          ,3.0
GF ,J00348              ,0.0
GF ,ZEROFV1UUR          ,-9.0
GF ,YH370FES2XEN        ,0.0
GF ,ZEROVRMG24          ,-5.0
GF ,J00346              ,1.0
GF ,ERC2XZVQU           ,-7.0
GF ,YH680               ,0.0
GF ,ZEROVRMG16          ,-1.0
GF ,PE53GV1W            ,0.0
GF ,S5RM7FMT            ,-2.0
GF ,TC6691XDTY          ,6.0
GF ,TC6683NDTY          ,0.0
GF ,TC668652XDTY        ,1.0
GF ,Z2FX1               ,1.0
GF ,CD5U1               ,0.0
GF ,KR10ZVQW2L          ,0.0
GF ,GPS9389HNF          ,0.0
GF ,TYPERH11CR2Q        ,1.5
GF ,ABRO5XX             ,0.0
GF ,CREQX               ,0.0
GF ,RSENMGR             ,-6.0
GF ,RSEND48000K         ,-6.0
GF ,RSEN02F             ,-7.0
GF ,PNST0332G           ,0.0
GF ,NB5W50TU            ,8.0
GF ,06TIDA5MW2          ,0.0
GF ,ID6HZUX1            ,1.0
GF ,6H2EF               ,6.0
GF ,PNSF6037TY          ,-5.0
GF ,ECC9922TBCR         ,14.0
GF ,PNSSUN10            ,-1.0
GF ,PNSSCUPUZ1          ,3.0
GF ,PNSDS001            ,2.0
GF ,RSEN61              ,-3.0
GF ,04WISHFMT           ,-3.0
GF ,DC021MVWU1          ,3.0
GF ,BR168FVWU1          ,0.0
GF ,AGXY2               ,4.0
GF ,1MT5E               ,1.0
GF ,KA1136PDAR          ,15.0
GF ,G14.5BA9S           ,9.0
GF ,V3910BGWFZ2         ,2.0
GF ,RSEND26000K         ,1.0
GF ,01XGCGRQR           ,1.0
GF ,RV81CGR2T           ,-1.0
GF ,RSEB18BEMG          ,-11.0
GF ,RSENBEMG20          ,-17.0
GF ,XFXJALTIS           ,-23.0
GF ,GVXJ                ,-2.0
GF ,RSENH78000K         ,1.0
GF ,15AY24QFMT          ,-1.0
GF ,PS253F25U           ,-5.0
GF ,DA0FCW              ,-1.0
GF ,SAMGR               ,-5.0
GF ,HA40VMT             ,-2.0
GF ,GV2Q                ,63.0
GF ,2V2Q                ,68.0
GF ,RSEND1S8000K        ,-1.0
GF ,UJGY                ,-66.0
GF ,VBDV1XCA            ,-15.0
GF ,SJ38AW              ,-2.0
GF ,AL578USB            ,-3.0
GF ,O011D2AW5           ,-2.0
GF ,2UVG                ,-4.0
GF ,FUVE                ,7.0
GF ,05CRVFMT            ,1.0
GF ,N12                 ,0.0
GF ,ZERORURAMN          ,2.0
GF ,RV2CRW              ,0.0
GF ,ZV5G539HNF          ,0.0
GF ,ZINGO5MW2           ,0.0
GF ,G18.52Q             ,-48.0
GF ,RSENH42TY           ,-1.0
GF ,RSEN90058000K       ,0.0
GF ,SP702               ,8.0
GF ,ZV5F53HNF           ,0.0
GF ,1W                  ,6.0
GF ,IDRH6T              ,2.0
GF ,ID6.5KZUX1          ,2.0
GF ,IDRH6.5T            ,1.0
GF ,IDRH6K              ,1.0
GF ,IDRH6.5K            ,1.0
GF ,52UDTY              ,5.0
GF ,C13.12UTY           ,-4.0
GF ,2MT                 ,-23.0
GF ,XGNRRLC             ,0.0
GF ,XGZG2Y              ,0.0
GF ,NISSIONYQU          ,-5.0
GF ,CD-8068USB5R        ,-1.0
GF ,RX15W40RU           ,-7.0
GF ,CARGTUV             ,-1.0
GF ,106USB6.1A          ,-1.0
GF ,90052Q              ,4.0
GF ,T10552              ,48.0
GF ,CARDIOCA700.1A      ,-1.0
GF ,XRG5UY              ,-3.0
GF ,GN152EF             ,-4.0
GF ,PNSHXT205F          ,0.0
GF ,PNS-2130            ,2.0
GF ,PNS2156             ,1.0
GF ,PNSHG305            ,0.0
GF ,PNSHD303            ,0.0
GF ,PNSHXT303           ,1.0
GF ,FITDFV              ,0.0
GF ,FITRUV              ,-4.0
GF ,ABROQGUR            ,8.0
GF ,ELANTRAGTDE         ,0.0
GF ,SF1254H75RT         ,-1.0
GF ,CHY3282FR           ,1.0
GF ,52XCA               ,0.0
GF ,6H2XCA              ,7.0
GF ,6H2XAW              ,6.0
GF ,5HSWGQE             ,8.0
GF ,6HSDGQE             ,8.0
GF ,8H2XAW              ,4.0
GF ,ABROUFFVR           ,-5.0
GF ,36MMGS2             ,14.0
GF ,S28WGDE             ,7.0
GF ,5HMVGXCA            ,14.0
GF ,6HMVGXCA            ,-1.0
GF ,KY1055LED5A2        ,2.0
GF ,ABRO1UFRR           ,2.0
GF ,NO77VTZVR           ,8.0
GF ,JKS58ZVDE           ,0.0
GF ,HK915X1             ,3.0
GF ,ABROQA1UFRR         ,1.0
GF ,S283WGG5V           ,10.0
GF ,41MMGS2             ,9.0
GF ,FQF5                ,19.0
GF ,TW123GAVTW          ,11.0
GF ,HK910DDUX1          ,4.0
GF ,HK902DUX1           ,1.0
GF ,HK800JGX1           ,-4.0
GF ,HK839CBX1           ,3.0
GF ,LW-T001WWU1         ,0.0
GF ,992W                ,3.0
GF ,1MY2F               ,4.0
GF ,1MY2C               ,0.0
GF ,H1135W22Q           ,8.0
GF ,H11OSARM2Q          ,-4.0
GF ,MP35CG              ,-4.0
GF ,H3OSRAM2Q           ,6.0
GF ,H4OSRAM2Q           ,19.0
GF ,RSEN7H2G            ,-1.0
GF ,E5NRRV              ,-1.0
GF ,ZWU12               ,3.0
GF ,RSEN102G            ,0.0
GF ,E0202512V51101UF    ,0.0
GF ,82VA5MMG            ,-3.0
GF ,V81GUVTRXFC         ,-10.0
GF ,V81GUVTRXFF         ,-8.0
GF ,SENFINCEOXFZVFRR    ,2.0
GF ,08ALTISTA1E2        ,-2.0
GF ,TAA065FY            ,-2.0
GF ,RFLN01Q5XN          ,-5.0
GF ,3DCVZTW2            ,-4.0
GF ,3M2CM               ,-8.0
GF ,AH59ZVQW            ,5.0
GF ,2TXWJX              ,-4.0
GF ,CS3008XU5R          ,-1.0
GF ,ID475D2R            ,0.0
GF ,X1V                 ,68.0
GF ,EX0085JC            ,1.0
GF ,TN20T12U            ,0.0
GF ,ID300K5252U         ,4.0
GF ,ID6HW5              ,0.0
GF ,AV5F2               ,-8.0
GF ,1VNY                ,-9.0
GF ,4AWCYW              ,14.0
GF ,AVVCV4.5M           ,-2.0
GF ,A9UU2               ,0.0
GF ,N2G2YX1             ,-1.0
GF ,CYJW5               ,-2.0
GF ,JXUVE               ,-1.0
GF ,3DVXT5U1            ,-3.0
GF ,CU2TV               ,2.0
GF ,CU2M1VX             ,3.0
GF ,CU22XR              ,4.0
GF ,CU2VXR              ,4.0
GF ,XCRVXR              ,1.0
GF ,GARMIN530VTRXF      ,-1.0
GF ,AXJ                 ,-1.0
GF ,13ALTISTA1E2        ,-1.0
GF ,RSENH112TY          ,-3.0
GF ,07EAX5MW2           ,-2.0
GF ,3032YXFTDF          ,-1.0
GF ,RSENBEMG14          ,-8.0
GF ,RSENBEMG16          ,-17.0
GF ,RSEMBEMG18          ,-2.0
GF ,RSENBEMG22          ,-11.0
GF ,RSENBEMG24H         ,-8.0
GF ,RSENBEMG26H         ,10.0
GF ,18KICKSTA1E2        ,1.0
GF ,08ALTIS5MW2         ,0.0
GF ,AH62CCZVQ           ,-4.0
GF ,CUWRV15             ,-2.0
GF ,12EAX5MW2           ,-1.0
GF ,VBDC1MGR2000ML      ,9.0
GF ,WGXMODELXTA1E2      ,0.0
GF ,CHEERS1540RU        ,-9.0
GF ,SF0028A1D           ,-1.0
GF ,CS376USB5R          ,-1.0
GF ,16322T              ,-49.0
GF ,A14LEDJ2            ,2.0
GF ,NO77CVWVG           ,3.0
GF ,EVEW2               ,4.0
GF ,KY359FE             ,-3.0
GF ,XVUV                ,-3.0
GF ,XVDFV               ,-1.0
GF ,ALTISDFV            ,-5.0
GF ,G2DE                ,-7.0
GF ,2XGW                ,-3.0
GF ,VYRXFVQ             ,-6.0
GF ,7003J25R            ,1.0
GF ,NXYRX               ,-2.0
GF ,GN7440T20           ,-1.5
GF ,W2XEUA              ,-3.0
GF ,89VUQZVQW           ,2.0
GF ,M115RLED            ,-1.0
GF ,ANFS150JV2          ,0.0
GF ,AFLS150JV2          ,-4.0
GF ,CUJ5                ,-1.0
GF ,H355W2Q             ,-1.0
GF ,CNQD                ,-1.0
GF ,VBD1WFRR            ,-8.0
GF ,VBD2XCA             ,-0.5
GF ,A740VTRXF           ,0.0
GF ,PNSE013             ,-2.0
GF ,DAY2F               ,-8.0
GF ,A15BV2              ,-4.0
GF ,500APRTV            ,-3.0
GF ,5E2Q                ,-10.0
GF ,GXGFR2              ,0.0
GF ,FR2GUG              ,1.0
GF ,X1VY                ,5.0
GF ,KSTAR246CMG         ,-3.0
GF ,PNSHGK01U1ED        ,5.0
GF ,LY520CGR            ,-1.0
GF ,VBDVRW1CR           ,-5.0
GF ,8852T2R             ,-1.0
GF ,SANTFEXFXJ          ,0.0
GF ,RSENS25352VR        ,-5.0
GF ,RSENT53SMD          ,0.0
GF ,7231HEMGXE          ,0.0
GF ,7231HEMGAW          ,0.0
GF ,SF0047              ,-1.0
GF ,PNSCP280P           ,-2.0
GF ,S24VTRXF            ,0.0
GF ,510Z2F              ,0.0
GF ,T4FMT               ,-1.0
GF ,DAYL60XU2           ,-1.5
GF ,RSENT104014242      ,2.5
GF ,CRYXX               ,-1.0
GF ,EWXLEDXU            ,-1.0
GF ,ABTE021             ,-1.0
GF ,TYPERH4T1E          ,0.0
GF ,IN362835GS2         ,0.0
GF ,05AYW3F1E           ,-1.0
GF ,05AY23F1EWZJ        ,0.0
GF ,05AY23GV            ,0.0
GF ,GN119WFQW2L         ,-1.0
GF ,GN119WFQW3L         ,2.0
GF ,VXTWAF5             ,6.0
GF ,2UFY4.8A            ,-1.0
GF ,LHR983T2VXR         ,2.0
GF ,12ELANTRAFMTNQ      ,1.0
GF ,SIENTAFMT           ,-1.0
GF ,RSENUG24HMG         ,2.0
GF ,RSENGR16R           ,-2.0
GF ,APPWWVGF            ,-1.0
GF ,OBT2FHWWVGF         ,0.0
GF ,RSENGR31MM          ,4.0
GF ,RSENGR6SMD          ,2.0
GF ,NOIDNRMG14          ,9.0
GF ,NOIDNRMG16          ,10.0
GF ,NOIDNRMG18          ,11.0
GF ,NOIDNRMG20          ,4.0
GF ,NOIDNRMG22          ,14.0
GF ,NOIDNRMG24          ,-4.0
GF ,NOIDNRMG26          ,-2.0
GF ,NOIDNRMG28          ,0.0
GF ,XGRUV               ,-21.0
GF ,14LEXUS5MMG24+16    ,1.0
GF ,15LEXUSRX5MMG       ,1.0
GF ,OM1882Y             ,-1.0
GF ,RSENZVQZMOMO        ,-1.0
GF ,HDR2UVTRXF          ,0.0
GF ,GTRGVVTRXF          ,0.0
GF ,TGRGUVTRXF          ,1.0
GF ,ZEZVQ               ,-1.0
GF ,JM921URC            ,-1.0
GF ,RSEN0F2D            ,2.0
GF ,X1E                 ,-4.0
GF ,2VCQ2Q              ,6.0
GF ,AFL5050FH           ,-5.0
GF ,10WISHTA1E2         ,1.0
GF ,VR1RUV              ,-8.0
GF ,ESCAPE22YPCUCR      ,-4.0
GF ,3DWMZGT2085         ,2.0
GF ,3DWMZGHJL           ,5.0
GF ,AFLS180JV2          ,0.0
GF ,07EAXCXQ            ,0.0
GF ,12ELENLA2XFMT       ,0.0
GF ,AYW3DFV             ,-6.0
GF ,NRW2                ,-18.0
GF ,W8542YG5            ,-2.0
GF ,G25UCSZ             ,0.0
GF ,DVR212GUVTRXF       ,-1.0
GF ,CROSSTA1E2          ,1.0
GF ,20VR1TA1E2          ,1.0
GF ,19AY23TA1E2         ,1.0
GF ,ZEROVRMG18          ,-3.0
GF ,ZEROVRMG20          ,-3.0
GF ,39MMGS2             ,-7.0
GF ,DUWU5HF             ,-1.0
GF ,05H165R             ,0.0
GF ,VIOS05H165R         ,0.0
GF ,T20GV2Q             ,12.0
GF ,K83DEXXDFV          ,-1.0
GF ,T15303015W          ,0.0
GF ,2782VZXW            ,0.0
GF ,09YARISXXQ          ,0.0
GF ,YARISDFV            ,-7.0
GF ,ACDELCO2QFRR        ,-1.0
GF ,5Y5VTRXF            ,5.0
GF ,90122Q              ,6.0
GF ,ZXQH4CR2Q           ,0.0
GF ,XERUR               ,-1.0
GF ,ERQ402Q             ,0.0
GF ,PNSHDS01RTGRR       ,3.0
GF ,RX1VG1              ,0.0
GF ,R2FVW               ,5.0
GF ,Z15RTGUVTRXF        ,-1.0
GF ,TYPER9005T1E        ,0.0
GF ,J00350CMG           ,-9.0
GF ,NOQ03VG             ,-1.0
GF ,CLA45CVZFE          ,0.0
GF ,GV.E2Q              ,-3.0
GF ,BGGGE               ,0.0
GF ,R2GTW1              ,-1.0
GF ,G255630GV2Q         ,-2.5
GF ,FRPNS8MXR2F         ,-1.0
GF ,VZVW                ,-1.0
GF ,AVVW                ,-1.0
GF ,VIOSFMT             ,-3.0
GF ,VIOSDFV             ,-3.0
GF ,ABROTA1CQX          ,-5.0
GF ,EAXC2E              ,0.0
GF ,XW2J                ,-2.0
GF ,ID8H52UU            ,-1.0
GF ,14CITYNQFMT         ,0.0
GF ,TPMSWSWU5HF         ,1.0
GF ,CXAZVQAWMA          ,0.0
GF ,CXAZVQAWC           ,3.0
GF ,RSENT20352RA2V      ,-6.0
GF ,RSENH118000K        ,0.0
GF ,0390XW              ,-2.0
GF ,OBLRUR              ,-2.0
GF ,SWIFEXFXJ           ,0.0
GF ,SWIFEDFV            ,0.0
GF ,SWIFERUV            ,-1.0
GF ,CARMATERUR          ,-4.0
GF ,MISSIONYQU          ,34.0
GF ,SONYA1105R          ,1.0
GF ,ACP300XR            ,-3.0
GF ,PS-2016VTVXJ        ,-1.0
GF ,CROSSQPS01T2R       ,0.0
GF ,ZW5MHUVEYY          ,-1.0
GF ,A6ZVBV2             ,0.0
GF ,RSENH73000K2Q       ,0.0
GF ,SL221WV             ,-1.0
GF ,PS255R2W            ,3.0
GF ,RSENGVR             ,-4.0
GF ,NXUR                ,-12.0
GF ,HRADFV              ,1.0
GF ,HRVTUV              ,2.0
GF ,SMD60LED            ,-1.5
GF ,RSENH113000K2Q      ,2.0
GF ,TA2XGW              ,2.0
GF ,7609QFE             ,-2.0
GF ,1276THDF            ,0.0
GF ,EXTA1E2             ,-1.0
GF ,PNSS069U11GRR       ,-2.0
GF ,AGRXEWCR5           ,-1.0
GF ,YAMAHAAWTT5         ,0.0
GF ,CLA250055R          ,0.0
GF ,TBD1251NVJV         ,0.0
GF ,CBGCGR              ,0.0
GF ,14U6NQFMT           ,1.0
GF ,RSENT104RQ          ,0.0
GF ,GXGWV               ,-3.0
GF ,WVXRV               ,-1.0
GF ,2XDC2S1RC           ,0.0
GF ,2XD2-               ,1.0
GF ,3MR1CM              ,10.0
GF ,UFRV                ,-1.0
GF ,180GNQUW            ,0.0
GF ,RTZGT5              ,2.0
GF ,AEGV2Q3157          ,2.5
GF ,XE2MGG250CC         ,4.0
GF ,XE2MGR500           ,3.0
GF ,J2WV18CM            ,1.0
GF ,GN008UVWV           ,1.0
GF ,ZVQ2Q               ,1.0
GF ,ZVQSW2310           ,1.0
GF ,ZVQYMPC             ,0.0
GF ,ZVQUEC              ,1.0
GF ,GN1382UWYT          ,10.0
GF ,S18EVXF1VNY         ,0.0
GF ,S27TG5RG5RY         ,4.0
GF ,S16A2T1VNY          ,0.0
GF ,S16TG1VNY           ,-1.0
GF ,S27CTYZ1VNY         ,36.0
GF ,S27C-1TG1VNY        ,2.0
GF ,S27TY213AS1VN       ,0.0
GF ,S53-1TG1VNY         ,2.0
GF ,H7EA2T2TY           ,-1.0
GF ,H722WHTY            ,0.5
GF ,ID5*7X1             ,5.0
GF ,GE881J22Q           ,3.0
GF ,VC351ENVTF          ,1.0
GF ,DH250.9TGGW         ,2.0
GF ,DH26TGGW            ,-2.0
GF ,JK69FYQD            ,2.0
GF ,SP5083FY            ,0.0
GF ,WISH5MT5            ,1.0
GF ,KYH152QFE           ,4.0
GF ,KYH15T1E            ,1.0
GF ,KYH15CR2Q           ,1.0
GF ,SF3007XF21          ,5.0
GF ,SF3008UV21          ,5.0
GF ,C.XXWB              ,2.0
GF ,B6002DX.ABH1        ,0.0
GF ,REYX2AX             ,2.0
GF ,MP3NA5CU            ,0.0
GF ,CWTZVBCR            ,1.0
GF ,PS252F25U           ,2.0
GF ,SF4005WAVQ          ,8.5
GF ,SF0050              ,1.0
GF ,SF0049              ,1.0
GF ,SF0044              ,0.0
GF ,SF0038              ,0.0
GF ,SF0036              ,-1.0
GF ,SF0037              ,2.0
GF ,SF0024              ,1.0
GF ,VBDXEX              ,4.0
GF ,AET20GV             ,-1.0
GF ,RSEND24300K         ,4.0
GF ,ZW                  ,-10.0
GF ,U7MG                ,0.0
GF ,KSTAR342MG          ,-1.0
GF ,ABQ0029XW           ,0.0
GF ,A10BV2              ,-2.0
GF ,1086.1ATY           ,-2.0
GF ,07ALTISNQFMT        ,0.0
GF ,CHY889N             ,-1.0
GF ,2TXWGJG             ,-3.0
GF ,1997RVNAA2          ,0.0
GF ,QTVG                ,-1.0
GF ,PNSP1GJG2XA         ,-2.0
GF ,F501TAZQW           ,4.0
GF ,05AYW3XW            ,2.0
GF ,20162T              ,-7.0
GF ,RSENUE14H           ,13.0
GF ,RSEND46000K         ,0.0
GF ,A7MVEY2             ,0.0
GF ,06EAXTA1E2          ,-4.0
GF ,CITYTA1E2           ,0.0
GF ,CITYFMT             ,0.0
GF ,20182XD5MW2         ,0.0
GF ,2UW                 ,-3.0
GF ,NOID36GS2           ,-2.0
GF ,01-08ALTISNQFMT     ,2.0
GF ,KSTAR348CMG         ,-2.0
GF ,UADMGR              ,0.0
GF ,UADVTR              ,2.0
GF ,H7OSARM222Q         ,-5.0
GF ,H1T1E2Q             ,-1.0
GF ,PCBCT2B             ,-1.0
GF ,ABT168HWA5W         ,-1.0
GF ,RSENCCQ2W           ,0.0
GF ,W7160F2E2D          ,-1.0
GF ,J00355CMG           ,1.0
GF ,593GUSBY            ,-1.0
GF ,5011GUSB            ,0.0
GF ,1802GRR             ,0.0
GF ,112PDQC3.0          ,1.0
GF ,CLA250CZFE2E        ,-1.0
GF ,V05822CMR           ,-1.0
GF ,08ALTISDFV          ,4.0
GF ,SONY12005R          ,0.0
GF ,T105630MU           ,2.0
GF ,3PLEDR2F            ,1.0
GF ,VBD1UFRR            ,-2.0
GF ,H16059H5R           ,0.0
GF ,09IS250TA1E2        ,0.0
GF ,ABTA091CVZQ         ,-1.0
GF ,02EAXXFXJ           ,-1.0
GF ,TYPERH3CR2Q         ,0.0
GF ,G15T1E2Q            ,-1.0
GF ,ZV5Q1VTRXF          ,0.0
GF ,GREUW               ,3.0
GF ,CARMATGTU2          ,5.0
GF ,ABROZVQU            ,-6.0
GF ,RSENH4600K          ,2.0
GF ,RSEND44300K         ,-2.0
GF ,Z8RTVTRXF           ,0.0
GF ,SAXOQUYFRR          ,-10.0
GF ,RSENC1XWU           ,10.0
GF ,R1GEX               ,-2.0
GF ,3MGAR8*33           ,6.0
GF ,VBDSAA1X            ,0.0
GF ,USBW                ,-2.0
GF ,AB335VTF            ,-1.0
GF ,302DTV              ,-1.0
GF ,9080GAR             ,-3.0
GF ,07RWC2D             ,0.0
GF ,H15222Q             ,-1.0
GF ,WISHUV              ,-23.0
GF ,ABTA090DAJU         ,-1.0
GF ,20RAV4U2QCE         ,1.0
GF ,PMSJW220R2UG        ,-2.0
GF ,ABTA0392E2R         ,-2.0
GF ,V2008CGR            ,5.0
GF ,JVVG                ,-1.0
GF ,LK1VTRXF            ,-2.0
GF ,A12XDIYGW           ,-1.0
GF ,06FCOUS5MMG         ,-1.0
GF ,PNSDS002WVJUZW      ,2.0
GF ,PNSHDF23            ,3.0
GF ,PNSTPC007           ,1.0
GF ,PNST530             ,1.0
GF ,PNSE015             ,3.0
GF ,PNSDSB001           ,1.0
GF ,TURBOH1LED          ,-1.0
GF ,ABT563FYQD          ,1.0
GF ,TAE001              ,0.0
GF ,Z260VG              ,0.0
GF ,C1652UVG            ,0.0
GF ,MIOC570VTRXF        ,0.0
GF ,R2F                 ,1.0
GF ,ABROXFFRR           ,-1.0
GF ,H724V2Q             ,1.0
GF ,10WISHFMT           ,-2.0
GF ,G1RCVN              ,-4.0
GF ,XG2CVF              ,0.0
GF ,XGEUVF              ,0.0
GF ,XGFAWQ              ,0.0
GF ,XGVX1               ,0.0
GF ,15ZINGER            ,0.0
GF ,19VR1FMGBQ          ,0.0
GF ,60A1VN              ,7.0
GF ,ID200K52U           ,1.0
GF ,M1VLY               ,-1.0
GF ,TET20               ,-2.0
GF ,H4WH2RTY            ,0.0
GF ,H422WHY             ,0.5
GF ,H422WH2RY           ,1.0
GF ,YC019DA5RR          ,3.0
GF ,16U6NQFMT           ,0.0
GF ,PNSAHY295           ,-2.0
GF ,90062Q              ,6.0
GF ,FXTUAZ              ,-2.0
GF ,PNSENA13            ,-1.0
GF ,ELANTRDFV           ,2.0
GF ,RSENHIDRAF          ,-2.0
GF ,PNSSFIN0010F2D      ,5.0
GF ,5SR                 ,-2.0
GF ,PNSP002             ,4.0
GF ,PNSPB01             ,1.0
GF ,PNSS24TY            ,7.0
GF ,ZXDDFV              ,0.0
GF ,S9WCFMT             ,-1.0
GF ,TG032FR             ,1.0
GF ,RSCUV               ,-6.0
GF ,R25FQUW             ,0.0
GF ,UUDFV               ,0.0
GF ,VUDFV               ,-2.0
GF ,52R                 ,-1.0
GF ,ERQ80D232Q          ,0.0
GF ,CARAY2T2Y           ,0.0
GF ,CARMXT2Y            ,0.0
GF ,CARNXT2Y            ,0.0
GF ,CARZWT2Y            ,1.0
GF ,PNSHD97             ,1.0
GF ,TAA086              ,1.0
GF ,ABTE035             ,-1.0
GF ,TR51027CX1G         ,0.0
GF ,VBDG2A              ,1.0
GF ,VTRXF2T             ,0.0
GF ,APPUD5D             ,-8.0
GF ,1RQD                ,-0.5
GF ,12VATA1E2           ,0.0
GF ,PNSS23TY            ,-1.0
GF ,2MV                 ,-1.0
GF ,ID1.52B             ,3.0
GF ,CAR1012J25R         ,5.0
GF ,PNSBC800            ,-1.0
GF ,GN757               ,-11.0
GF ,STPRU5XR            ,0.0
GF ,XW1E                ,-2.0
GF ,POSE251F25U         ,0.0
GF ,FCOUSUV             ,-17.0
GF ,T202V2Q             ,27.0
GF ,A12XGW1CM           ,0.0
GF ,2TX2NU              ,-1.0
GF ,2VY                 ,-9.0
GF ,KY330FE             ,1.0
GF ,GARMIN55GD2C        ,0.0
GF ,CY908GGTW           ,-2.0
GF ,HY885UTF            ,-1.0
GF ,LD9VTRXFUTV         ,0.0
GF ,HNFVW               ,-8.0
GF ,PNSHDF20            ,1.0
GF ,RH47WCRQFE          ,-1.0
GF ,V33GRR              ,-3.0
GF ,2021EAX2.5FMT       ,0.0
GF ,FAGEUW1.4           ,5.0
GF ,VBDTF1              ,-1.0
GF ,SDZGY2              ,0.0
GF ,3DZGY2              ,2.0
GF ,SF12501VNY          ,-5.0
GF ,RSENH116000K        ,-2.0
GF ,K81JVT2F            ,0.0
GF ,NCUZAF              ,-2.0
GF ,DEW32               ,-3.0
GF ,12EAXTA1E2          ,0.0
GF ,HY815XEW5           ,0.0
GF ,OBROFUR             ,3.0
GF ,98RSCGEF            ,0.0
GF ,ESCAPE2.3DFV        ,-2.0
GF ,PNSHDF16            ,-1.0
GF ,PNSE015GRV          ,0.0
GF ,ERQ56220            ,-1.0
GF ,BW260CM             ,8.5
GF ,ZXDFMT              ,-1.0
GF ,ZU                  ,-4.0
GF ,T20Y                ,-9.0
GF ,05AY2FMT            ,-2.0
GF ,5H2XR5Q             ,1.0
GF ,KY762BV2            ,-1.0
GF ,XWW5                ,-1.0
GF ,3MW5                ,-1.0
GF ,YH1682XEN           ,2.0
GF ,01XGFMT             ,0.0
GF ,12WISHNQFMT         ,0.0
GF ,WF55D23L2Q          ,-2.0
GF ,318R1F              ,0.0
GF ,YZ618R1F            ,-1.0
GF ,VMT1+C              ,-1.0
GF ,PNS5H2XR            ,-1.0
GF ,22EW2               ,-6.0
GF ,ZEROHUR             ,1.0
GF ,LZFR6AICVN          ,0.0
GF ,ZINGER2C2Y          ,0.0
GF ,CVNRWFV             ,0.0
GF ,CVNH5EY             ,0.0
GF ,ZINGERXXQ           ,0.0
GF ,K-STAR356MG         ,-1.0
GF ,VBD6HF2CA           ,5.0
GF ,DAYL60BV2           ,1.0
GF ,PNST10FHUDF         ,0.0
GF ,GJGXWCA             ,-2.0
GF ,WISH055R            ,-1.0
GF ,CW08XWFVG           ,-1.0
GF ,VBDEFFVE            ,-1.0
GF ,GRGS2               ,-17.0
GF ,NO771WVG            ,-1.0
GF ,WISH-2              ,-2.0
GF ,V18H11LED           ,1.0
GF ,RT2Q7A              ,-1.0
GF ,KY228MUX1           ,-2.0
GF ,LD9CRW              ,-4.0
GF ,01ALTIS5MW2         ,-1.0
GF ,PNSENA1322          ,-1.0
GF ,GMFWV               ,-3.0
GF ,XY2                 ,-3.0
GF ,RT7A2Q              ,6.0
GF ,RFD                 ,-1.0
GF ,TYPERH1CR2Q         ,0.5
GF ,LHR201              ,-2.0
GF ,ABT-390             ,-1.0
GF ,2ALED2W             ,-1.0
GF ,PNSS180             ,0.0
GF ,VTG                 ,-1.0
GF ,ERQ574H28           ,0.0
GF ,SF014               ,-2.0
GF ,UU262               ,0.0
GF ,CARDIU69525R        ,-1.0
GF ,PNSH4LED18W         ,2.0
GF ,PNSH6LED18W         ,1.0
GF ,AFL-S120-FC         ,0.0
GF ,PNSHG01             ,211.0
GF ,PNSS28C02           ,0.0
GF ,PNSS29C02           ,1.0
GF ,PNSHDF19            ,0.0
GF ,1000APRTV           ,-3.0
GF ,XEV                 ,-2.0
GF ,T09GRR              ,-1.0
GF ,PNSPKM03            ,-1.0
GF ,1GGLCTA1E2          ,0.0
GF ,9006OSRAM           ,12.0
GF ,8H2G24V             ,2.0
GF ,07EAXFMT            ,-1.0
GF ,06AYW3C2Y           ,0.0
GF ,06AY23CXE           ,0.0
GF ,GVCQ2Q              ,-6.0
GF ,LY903               ,-1.0
GF ,CWTGXCMR            ,-3.0
GF ,XP572ZRV            ,1.0
GF ,LY6025MR            ,1.0
GF ,ZNTOURAN1E2         ,0.0
GF ,RSENUE26MG          ,9.0
GF ,PNSE011             ,2.0
GF ,PNSE016             ,7.0
GF ,PNSE014             ,0.0
GF ,PNSE012             ,3.0
GF ,ABTE069             ,0.0
GF ,ABT060              ,1.0
GF ,ABTE059             ,0.0
GF ,ABTA069-1           ,0.0
GF ,ABTD027             ,0.0
GF ,ABTA106             ,-1.0
GF ,LED6Q2              ,1.0
GF ,ABTA0401R+GR        ,-3.0
GF ,BGWAY2              ,0.0
GF ,ABTA044             ,0.0
GF ,GHA024              ,0.0
GF ,GHA195              ,0.0
GF ,GHA308              ,1.0
GF ,2MR120A             ,4.0
GF ,TVR                 ,100.0
GF ,M324LED2            ,-1.0
GF ,LEXUSQ2WQ           ,0.0
GF ,AH64ZVQW            ,-4.0
GF ,NOID6SND            ,-2.0
GF ,FCGYXN              ,-4.0
GF ,LY902               ,0.0
GF ,LY601               ,3.0
GF ,RSENGR36COB         ,1.0
GF ,HY889               ,-2.0
GF ,ESCAPEXXQ           ,0.0
GF ,CEUTF               ,-2.0
GF ,LW0972              ,1.0
GF ,R1N                 ,0.0
GF ,LHR701              ,1.0
GF ,KY229               ,3.0
GF ,B516XU1             ,-1.0
GF ,2LZVQ               ,-1.0
GF ,2802FR              ,0.0
GF ,WU1M                ,-1.0
GF ,AS2FR               ,-1.0
GF ,08ALTISXFXJ         ,22.0
GF ,QX60CGRQL           ,-1.0
GF ,BCF1616EFDF         ,0.0
GF ,MS850WJ5HF          ,-1.0
GF ,BCF1616XWT5         ,0.0
GF ,2J                  ,0.0
GF ,UD0N                ,-2.0
GF ,BP5ESCVN            ,-1.0
GF ,SF0035AD            ,-5.0
GF ,LEDXG2W             ,0.0
GF ,LEDXG2W1.5M         ,-4.0
GF ,E5NRR               ,5.0
GF ,RSEN4.352           ,-1.0
GF ,PNSTK5012LED2       ,1.0
GF ,8#2MV               ,-36.0
GF ,S5RTA1E2            ,0.0
GF ,LED3HWG2            ,0.0
GF ,LEDVUGQ2            ,0.0
GF ,LEDQ52              ,0.0
GF ,RSENUEMG20H         ,-8.0
GF ,GTUH1               ,0.0
GF ,SIENTAZG            ,1.0
GF ,TYPER90062Q         ,-1.5
GF ,AYW3T20GVY          ,6.0
GF ,PF154QGW            ,-4.0
GF ,RSEN20ZVQW          ,-1.0
GF ,DIY4BTX             ,-4.0
GF ,GN777R5QD           ,-3.0
GF ,1E2A                ,7.0
GF ,ABT450FAR           ,-1.0
GF ,5EVTRXFQ5           ,-1.0
GF ,RVH15U              ,-1.0
GF ,6606XCRVXR          ,0.0
GF ,PNSHTX205VQ         ,0.0
GF ,153071E2            ,0.0
GF ,V29GRR              ,1.0
GF ,WMVXCRT2R           ,0.0
GF ,ESCORTGV            ,0.0
GF ,ESCORTXFXJ          ,0.0
GF ,4#2MW               ,-32.0
GF ,HT32BVT1C           ,0.0
GF ,H8222Q              ,-4.0
GF ,TC1208FY2T2R        ,2.0
GF ,HP10005XEUVTR       ,-1.0
GF ,GV2Y                ,-6.0
GF ,GEJMVG              ,-1.0
GF ,SURF22              ,0.0
GF ,SUFER2              ,0.0
GF ,YARISF21X           ,0.0
GF ,YARISF2EB5          ,0.0
GF ,HY889Q2CW           ,-3.0
GF ,5ECDV               ,-2.0
GF ,GOLTPLUSFMTNQ       ,0.0
GF ,ABRORU5XR           ,0.0
GF ,05WISHTX            ,0.0
GF ,C55AWFTR            ,-3.0
GF ,30A1VN              ,-7.0
GF ,GN131ZEW5           ,-3.0
GF ,BCF1616EB5LF        ,0.0
GF ,2ZVVUV              ,-1.0
GF ,JA25T2GVTF          ,-1.0
GF ,FLS5116G1           ,2.0
GF ,OB59G1              ,-1.0
GF ,OB617               ,0.0
GF ,ESCAPETA1E2         ,-1.0
GF ,16G                 ,-34.0
GF ,RW3FQUW             ,-1.0
GF ,HJG4D20WJ2          ,-2.0
GF ,12V1Y2T2R           ,0.0
GF ,14VR1XFXJ           ,0.0
GF ,ABROFTDW            ,-1.0
GF ,SF00112QE2D         ,2.0
GF ,SF-1038             ,0.0
GF ,VBDCCTXF            ,1.0
GF ,ESCAPEGRRF          ,0.0
GF ,GWE                 ,10.0
GF ,GWA                 ,6.0
GF ,AVV1.0              ,21.0
GF ,RSEN2W              ,-1.0
GF ,ABTE023V22M         ,0.0
GF ,ALTISXXQ            ,0.0
GF ,K16TR11CVN          ,-4.0
GF ,S5RU5XFXJ           ,0.0
GF ,VIOSCVW2            ,0.0
GF ,TJ632A5W            ,-3.0
GF ,CANBUS02F           ,0.0
GF ,3DEVTH5U            ,-3.0
GF ,RSEN55ZVQW          ,2.0
GF ,QRV4QFMT            ,0.0
GF ,XXQUW               ,0.0
GF ,F203BFHZG           ,0.0
GF ,204LEDZG            ,1.0
GF ,4*4J2               ,-2.0
GF ,ZV5Q5VW             ,0.0
GF ,RSEN90063000K2Q     ,0.0
GF ,A11VMLEDJ2          ,-2.0
GF ,A12VMLED2Q          ,-2.0
GF ,UU1G10W2Q           ,0.0
GF ,DIY1R               ,-1.0
GF ,Q2WW                ,-1.0
GF ,XGDFV               ,-4.0
GF ,2000EXX1.81E2       ,0.0
GF ,RET5                ,0.0
GF ,CZ263XRW            ,-2.0
GF ,ALTISCVN            ,0.0
GF ,XB374RW1            ,-1.0
GF ,GUNKFUR             ,-2.0
GF ,PNSFC01ZAA5         ,26.0
GF ,PNSDH001GGW         ,2.0
GF ,AXZ73285GQ2         ,0.0
GF ,AXZ5GE2X            ,0.0
GF ,AXZ73285G25X        ,0.0
GF ,AXZ7328QC5Q2        ,0.0
GF ,AXZ7328QC25X        ,0.0
GF ,AXZ7328CVN          ,0.0
GF ,AXZ7328JQ2          ,0.0
GF ,AXZ7328EY           ,-4.0
GF ,AXZ7328XFQ2         ,0.0
GF ,AXZ7328Z2RQ2        ,0.0
GF ,JA18VTF             ,-1.0
GF ,TYPER52R            ,1.0
GF ,TYPERH11T1E         ,-3.0
GF ,FOCUSLED2Y          ,4.0
GF ,1Y2T2R6-12V         ,-1.0
GF ,2VT1E               ,-4.0
GF ,PS301GS2            ,-3.0
GF ,8H2G12V             ,-3.0
GF ,9231-HEXGDFXXF      ,0.0
GF ,X15U                ,-3.0
GF ,05FCOUSTA1E2        ,0.0
GF ,ARE2XR              ,-1.0
GF ,9H2XA               ,-1.0
GF ,SA6105UX            ,-1.0
GF ,PNSUV84GR2          ,0.0
GF ,IN312835GS2         ,0.0
GF ,PNSCT003FTTWTX      ,-1.0
GF ,PNSCT001CTTWTX      ,-2.0
GF ,PNSCT002CTC2HWTX    ,-1.0
GF ,T202VCQ             ,1.0
GF ,2Q22F               ,-1.0
GF ,08CRVTA1E2          ,-1.0
GF ,3D3136NUWFCU2       ,0.0
GF ,3D3132ZGY2          ,0.0
GF ,WF0096NTD           ,-1.0
GF ,C804USBTY           ,-1.0
GF ,SP5089Q5XN          ,-2.0
GF ,YH268FDS2XEN        ,1.0
GF ,D2RJV               ,0.0
GF ,SANTAFECGR          ,0.0
GF ,S5RM7TA1E2          ,0.0
GF ,PL55A5W             ,-1.0
GF ,09011LEDXR2         ,1.0
GF ,LEDV2Q72W           ,0.0
GF ,LEDV2Q72WCN         ,2.0
GF ,WUSWJ5HF            ,-1.0
GF ,PNSSCUPG01          ,-2.0
GF ,PNDHDF17            ,0.0
GF ,PNSHE02             ,-1.0
GF ,PNSHDF17            ,-2.0
GF ,AL529USBTY          ,0.0
GF ,WFJA                ,26.0
GF ,VWDVV1              ,3.0
GF ,VBDTVGAVTGW         ,0.0
GF ,UADTVR2TTW          ,2.0
GF ,UADFTAADZCQW        ,1.0
GF ,VBDTVGAB1           ,0.0
GF ,DX0036              ,0.0
GF ,E00465              ,2.0
GF ,F00250              ,2.0
GF ,F00251              ,2.0
GF ,F00917              ,2.0
GF ,F01062              ,1.0
GF ,H00338              ,0.0
GF ,H00339              ,4.0
GF ,H00781              ,2.0
GF ,H00786              ,0.0
GF ,H00789              ,-1.0
GF ,I00003R             ,1.0
GF ,I00004R             ,1.0
GF ,J00117              ,3.0
GF ,J00118              ,3.0
GF ,J00259B             ,1.0
GF ,J00372B             ,0.0
GF ,K00295              ,6.0
GF ,K00428              ,3.0
GF ,K00051B             ,0.0
GF ,L00051B             ,0.0
GF ,LE06950             ,4.0
GF ,M00243              ,3.0
GF ,M00244              ,0.0
GF ,M00250              ,1.0
GF ,O00135              ,0.0
GF ,O00149              ,1.0
GF ,R00044              ,4.0
GF ,05EAXNQFMT          ,0.0
GF ,GVE0.9              ,-5.0
GF ,180C5U              ,-1.0
GF ,5MC                 ,2.0
GF ,T313HCRCAX          ,-1.0
GF ,C5590WABX           ,1.0
GF ,C55GTQFRR           ,1.0
GF ,2UY24.8A            ,2.0
GF ,NO337XRW            ,2.0
GF ,GN533Q2WW           ,1.0
GF ,02EAXTA1E2          ,2.0
GF ,MAVTA1E2            ,0.0
GF ,UV2M11N             ,-1.0
GF ,RSENBEMG            ,-5.0
GF ,24VGV2Q             ,28.0
GF ,HY8910FCW           ,0.0
GF ,08RAV4TA1E2         ,1.0
GF ,20KUGATA1E2         ,1.0
GF ,HY887UTF            ,2.0
GF ,HY886UTW            ,1.0
GF ,SAS1VNY             ,0.0
GF ,AS1VNY              ,9.0
GF ,BGDFV               ,0.0
GF ,BGFTDFV             ,0.0
GF ,VUFMT               ,-1.0
GF ,JRR2F               ,-1.0
GF ,PYRAMIDGVFVR        ,-1.0
GF ,02EAXDFV            ,-5.0
GF ,GA2SFX1             ,0.0
GF ,AUXV                ,-1.0
GF ,AUXXCTV             ,-1.0
GF ,11SWIFETA1E2        ,-1.0
GF ,24V2V2Q             ,-22.0
GF ,XWEYY               ,-3.0
GF ,H162Q               ,7.0
GF ,AY25C2D             ,0.0
GF ,P16V8AT2R           ,1.0
GF ,CYTQ                ,-2.0
GF ,ABTE021CB           ,-1.0
GF ,ABTB047F22M         ,-1.0
GF ,ABTE047             ,1.0
GF ,10AY23TA1E2         ,-2.0
GF ,98UEQUW             ,0.0
GF ,08RAV4FMT           ,-1.0
GF ,VBDQEFRR            ,-3.0
GF ,PNSLXS001           ,-1.0
GF ,XTRAILA1D           ,0.0
GF ,CV                  ,50.0
GF ,AVV                 ,2.0
GF ,S80004BZQW          ,-2.0
GF ,PNSDBC0251R         ,0.0
GF ,PNSSCUP04           ,0.0
GF ,PNSSCUP03           ,1.0
GF ,PNSHDF26            ,-2.0
GF ,PNSSUNF001          ,2.0
GF ,PNSSUNF001XL        ,1.0
GF ,PNS2WBGS2           ,-2.0
GF ,PCBCT2              ,-2.0
GF ,06EAXMG1            ,0.0
GF ,05TEANACVN          ,-4.0
GF ,05TEANAD-           ,0.0
GF ,VAXDFV              ,-1.0
GF ,BOSCH95D23L         ,0.0
GF ,TNT275D2R           ,-1.0
GF ,PNSSUN006-70        ,3.0
GF ,HJX030GSR           ,5.0
GF ,HJX028XR            ,0.0
GF ,R588DFW5            ,2.0
GF ,BHW878BGHY          ,0.0
GF ,DH35MG2EF           ,0.0
GF ,GHA3442DTY          ,2.0
GF ,DP009Z22TWW         ,2.0
GF ,H16OSRAM2Q          ,1.0
GF ,82VADFV             ,1.0
GF ,82VAXFXJ            ,-5.0
GF ,D00392              ,6.0
GF ,E00648              ,3.0
GF ,E00729              ,0.0
GF ,E00897              ,2.0
GF ,E00948              ,0.0
GF ,E01020              ,3.0
GF ,E01099              ,13.0
GF ,F00341B             ,2.0
GF ,F00440              ,0.0
GF ,F00453              ,0.0
GF ,F00456              ,0.0
GF ,F00523              ,0.0
GF ,F00539              ,3.0
GF ,F00788              ,2.0
GF ,W51EFFVR            ,1.0
GF ,T5I112              ,14.0
GF ,H00342              ,0.0
GF ,H00677              ,0.0
GF ,H00688              ,6.0
GF ,H00689              ,3.0
GF ,H00799              ,1.0
GF ,H00800              ,0.0
GF ,H00844              ,0.0
GF ,H00847              ,2.0
GF ,H00861              ,-1.0
GF ,H00867              ,0.0
GF ,H00868              ,-1.0
GF ,J00384              ,7.0
GF ,J00386              ,3.0
GF ,K00133              ,3.0
GF ,K00172              ,3.0
GF ,K00173              ,3.0
GF ,K00372              ,3.0
GF ,K00374              ,0.0
GF ,M00111B             ,0.0
GF ,M00128BL            ,2.0
GF ,M00247              ,1.0
GF ,H00347              ,0.0
GF ,H00352              ,0.0
GF ,H00372              ,0.0
GF ,H00377              ,0.0
GF ,H00501              ,0.0
GF ,82VAUV              ,-8.0
GF ,HY923W5             ,-3.0
GF ,FORTISDFV           ,-1.0
GF ,ZINGERDFV           ,-8.0
GF ,INNONANQFMT         ,0.0
GF ,VBDZJTUQ            ,0.0
GF ,TVJ1                ,0.0
GF ,08RAV45MW2          ,-1.0
GF ,N1QWZ1TR            ,1.0
GF ,SIENTA1.8FMT        ,0.0
GF ,V2IX35QGA2          ,0.0
GF ,GPSWV               ,-5.0
GF ,LEDRG2              ,-1.0
GF ,XXF21X              ,0.0
GF ,VWXN                ,-3.0
GF ,KYOROKU530RU        ,10.0
GF ,PNSSUN11            ,4.0
GF ,PNSTK3072-12        ,-1.0
GF ,MVHS125             ,0.0
GF ,INNOVAQUW           ,0.0
GF ,A18VJGVTRXF         ,0.0
GF ,5EM                 ,-1.0
GF ,R1F618              ,-1.0
GF ,BOSCHX1             ,1.0
GF ,VBDQEYB1UR          ,1.0
GF ,055MVTRXF           ,0.0
GF ,ALTIS1UW            ,0.0
GF ,CORSSNQFMT          ,0.0
GF ,HF007TA1Y           ,1.0
GF ,PNSS17              ,2.0
GF ,KX212EF             ,-1.0
GF ,GARMINVQR           ,10.0
GF ,CHY7772FR           ,1.0
GF ,ABTA089             ,1.0
GF ,VBDH5YVRG           ,2.0
GF ,SF029               ,5.0
GF ,FORTISFMT           ,-1.0
GF ,NO2112GRR           ,-11.0
GF ,H422VY              ,0.0
GF ,500RTCW             ,-4.0
GF ,BD0907GQW1          ,-3.0
GF ,K00370              ,7.0
GF ,Y2EUW2              ,0.0
GF ,12ELANTRATA1E2      ,-1.0
GF ,PNSF410BK12         ,1.0
GF ,ES122VG             ,-4.0
GF ,INNONACVN           ,0.0
GF ,QXA-TA1E2           ,-1.0
GF ,2GE                 ,2.0
GF ,B0905GQQ2W          ,1.0
GF ,ABR                 ,4.0
GF ,32CM*33             ,0.0
GF ,3MR2CM*33           ,0.0
GF ,1A2E                ,16.0
GF ,1G5MRU              ,0.0
GF ,CLA2500UV           ,-4.0
GF ,CLA250DFV           ,-8.0
GF ,1G5MYQU             ,-7.0
GF ,F2W5                ,-4.0
GF ,8CV3+325R           ,0.0
GF ,1ERV                ,201.0
GF ,1ARV                ,1.0
GF ,J-NABX              ,0.0
GF ,UEJFZN              ,1.0
GF ,UJGYXCR             ,39.0
GF ,ROGUETA1E2          ,0.0
GF ,J2WV2               ,-4.0
GF ,19RAV4TA1E2         ,1.0
GF ,05SWIFETA1E2        ,1.0
GF ,ELANTRA1.8TA1E2     ,1.0
GF ,FAGEUW              ,-1.0
GF ,AIDO24HMG           ,-1.0
GF ,TYPER9012T1E2Q      ,-1.0
GF ,TYPERH16T1E         ,0.0
GF ,TYPERH16CR2Q        ,-1.0
GF ,TYPER9012CR2Q       ,0.0
GF ,LY970GSR            ,0.0
GF ,02EAXF2AW           ,0.0
GF ,510UD5D             ,3.0
GF ,CHAA434             ,-9.0
GF ,NG2                 ,2.0
GF ,RG2LED12V           ,2.0
GF ,RG212V2Q            ,0.0
GF ,CJ5T2800MUJV        ,0.0
GF ,T5T                 ,-1.0
GF ,ELANTRXFXJ          ,-1.0
GF ,IX35XFXJ            ,-2.0
GF ,5EVTRXF             ,-5.0
GF ,T10506FHUD2         ,-1.0
GF ,V2A5WC              ,-1.0
GF ,VIOS5MTX            ,0.0
GF ,05TEANAZ2R          ,0.0
GF ,05TEANAUF2Q         ,0.0
GF ,DRG15CTFB           ,-1.0
GF ,DRG15FCTFE          ,0.0
GF ,DRG15FCTFF          ,2.0
GF ,DRG15FCTFA          ,1.0
GF ,DRG15FCTFC          ,0.0
GF ,CARDIO8C32TIDA      ,0.0
GF ,SF1269              ,-2.0
GF ,ABT369FY            ,-1.0
GF ,14ALTIS5MW2         ,1.0
GF ,CORSS5W2            ,0.0
GF ,13RAV45MW2          ,1.0
GF ,18YARIS5MW2         ,1.0
GF ,18KICKS5MW2         ,1.0
GF ,LEXUS5MW2           ,0.0
GF ,05EAX5MW2           ,1.0
GF ,MZ                  ,5.0
GF ,VAUV                ,2.0
GF ,S27-54TY214AS1VN    ,5.0
GF ,GT81032GT2          ,1.0
GF ,GT-81032B           ,1.0
GF ,HS0400              ,1.0
GF ,H326812VX1          ,1.0
GF ,DR0AZVQWM           ,1.0
GF ,DR0AZVQWL           ,1.0
GF ,DR0AZVQW2L          ,2.0
GF ,DR0AZVQW3L          ,2.0
GF ,DR0AZVQW5L          ,1.0
GF ,BCF16161RDF         ,0.0
GF ,DH1801FXHWA5W       ,1.0
GF ,IN39LED             ,2.0
GF ,07RWYU5JC           ,0.0
GF ,R23.5QUW            ,1.0
GF ,V81VTRXFGPS         ,0.0
GF ,AL22751R            ,-2.0
GF ,15EAX4+32DVD5R      ,-1.0
GF ,RSENHID90066000K2Q  ,-1.0
GF ,F00341              ,-2.0
GF ,K00371              ,2.0
GF ,DX38                ,1.0
GF ,DX40                ,1.0
GF ,DX41                ,1.0
GF ,R2W                 ,-2.0
GF ,TAA053              ,-1.0
GF ,TAA096              ,0.0
GF ,TAD029              ,0.0
GF ,TAD030              ,0.0
GF ,MIO848              ,0.0
GF ,CB1107UCE           ,-2.0
GF ,5CMZQW              ,1.0
GF ,7CMZQW              ,-1.0
GF ,20322T              ,-3.0
GF ,ALTISERR            ,0.0
GF ,G23.3*150           ,5.0
GF ,G23.6*200           ,5.0
GF ,G24.8*250           ,5.0
GF ,NO167VG             ,2.0
GF ,NO95RCVG            ,3.0
GF ,JK39                ,1.0
GF ,3CMZQW              ,1.0
GF ,S175R.ER2F          ,10.0
GF ,C55QEFRR            ,2.0
GF ,4TFR2               ,2.0
GF ,2TFR2               ,-1.0
GF ,05XGJ1G             ,-1.0
GF ,05XGZGV             ,-1.0
GF ,TAD013              ,-1.0
GF ,JK40S27             ,4.0
GF ,01-07XGTAXRN        ,1.0
GF ,ZV5Q3VTRXF          ,0.0
GF ,0882VAMG            ,1.0
GF ,DIYEUW              ,-1.0
GF ,RMQUW               ,0.0
GF ,RSEN39MMCARMS       ,-2.0
GF ,FIFIVG              ,5.0
GF ,PS800LED2           ,2.0
GF ,PS801LEDW2          ,0.0
GF ,LASTS2DVG           ,39.0
GF ,VBDQEYB1UU          ,2.0
GF ,3M12*15             ,12.0
GF ,7616HWJE            ,1.0
GF ,RSEN57ZVQW          ,4.0
GF ,7609-1HWJE          ,1.0
GF ,RSENGR2128MM        ,3.0
GF ,J00349CMG           ,0.0
GF ,XRW                 ,-1.0
GF ,2013CRVFMTF         ,0.0
GF ,2013CRVFMTC         ,0.0
GF ,SF0016              ,-1.0
GF ,SF0043              ,2.0
GF ,QUZVQW              ,2.0
GF ,LD4VTRXF            ,2.0
GF ,2015CRVTX           ,0.0
GF ,3138CU2             ,-3.0
GF ,HY3155J2            ,-2.0
GF ,307DTV              ,0.0
GF ,GN13205J2           ,0.0
GF ,ABTE011DTF          ,-1.0
GF ,3013.105V           ,-1.0
GF ,82VADFV2.0          ,-4.0
GF ,S5RDFV              ,1.0
GF ,S5RRUV              ,1.0
GF ,3032YXAFXXW         ,0.0
GF ,13ALTIS5MW2         ,-1.0
GF ,2015RAV45MTX        ,0.0
GF ,KR104LZVQW          ,-1.0
GF ,1MT525              ,1.0
GF ,KLLEDRG2            ,2.0
GF ,T363QEBU            ,1.0
GF ,NO217VG             ,2.0
GF ,TCMVG1              ,-1.0
GF ,TIDARUV             ,-2.0
GF ,TIDADFV             ,-4.0
GF ,RSENH18000K         ,1.0
GF ,JL101FVYT           ,0.0
GF ,V18LEDH122          ,2.0
GF ,ABTE033GTJVT2F      ,0.0
GF ,NR162ZVQW           ,10.0
GF ,ABTE061VTF          ,0.0
GF ,ZXDCEXRN            ,0.0
GF ,REVXTT5             ,-1.0
GF ,L2Q7FTW2            ,0.0
GF ,L2Q7TA1E2           ,-1.0
GF ,62G2YXX             ,0.0
GF ,20252T              ,-5.0
GF ,UR                  ,0.0
GF ,OPS01VXR            ,0.0
GF ,RSENHID55WUADG      ,0.0
GF ,LDO1115GUSB         ,2.0
GF ,DR0AZVQW            ,-2.0
GF ,ZXDCXRN1R           ,0.0
GF ,QGW                 ,-1.0
GF ,BSDA25H             ,-1.0
GF ,VAX                 ,-7.0
GF ,QWZG                ,-7.0
GF ,TAE026WVGGJ2FR      ,-1.0
GF ,2014ALTISCGR        ,0.0
GF ,ID3002UMX1          ,1.0
GF ,GW5RUV              ,1.0
GF ,RTT5M               ,0.0
GF ,T5286U112           ,2.0
GF ,KY165LED2Q          ,0.0
GF ,T6.5522Q            ,3.0
GF ,T8U112Q             ,3.0
GF ,V18LEDH7            ,-2.0
GF ,GN777QD             ,-2.0
GF ,A13LEDJ2            ,-2.0
GF ,MP35C1NS13          ,0.0
GF ,DR0AZVQW3.5L        ,2.0
GF ,PD1136GMFWV         ,1.0
GF ,ABTXWG              ,-1.0
GF ,RSEN1GR             ,0.0
GF ,08ALTISXN           ,-1.0
GF ,JS03315             ,-1.0
GF ,VA011               ,0.0
GF ,2009LTISXN          ,0.0
GF ,09EAX22L            ,0.0
GF ,09EAX22R            ,0.0
GF ,30A1VNY             ,-5.0
GF ,1995JXGZ1           ,0.0
GF ,NA5CU               ,-1.0
GF ,05WISHTA1E2         ,-1.0
GF ,ABTE060             ,-1.0
GF ,J00345              ,-2.0
GF ,J00351              ,2.0
GF ,RSEN66ZVQW          ,9.0
GF ,RSEN90123000K       ,2.0
GF ,RSEN90128000K       ,2.0
GF ,327T65W             ,3.0
GF ,327Q30W             ,0.0
GF ,FS81TFE             ,3.0
GF ,E5NRRC              ,-2.0
GF ,RSEMMGR1000ML       ,0.0
GF ,TAE0062FR           ,-1.0
GF ,R589CUXNDFH         ,1.0
GF ,FCGYXWFY            ,4.0
GF ,TC6683CXDTY         ,2.0
GF ,RSENMGR1000ML       ,5.0
GF ,SF0012              ,-2.0
GF ,2011RX4505MW2       ,0.0
GF ,1GWCLAW117F2DE      ,0.0
GF ,1GCLAW117DFV        ,2.0
GF ,NGKBKR5E11          ,-13.0
GF ,RT5A2Q              ,0.0
GF ,2TBB                ,-4.0
GF ,KY911AW             ,-1.0
GF ,ABTE075             ,1.0
GF ,TYPERH1T1E          ,0.0
GF ,ESCAPECE5DN         ,0.0
GF ,GN190ZEW5           ,-2.0
GF ,03VAXXN             ,0.0
GF ,2XAX                ,0.0
GF ,2TVUAHDJE           ,-1.0
GF ,2TVUAHDVTA          ,-2.0
GF ,14ALTISFMT          ,0.0
GF ,05XGMGA2            ,0.0
GF ,RSENH13000K2Q       ,-1.0
GF ,KY8210J2            ,-1.0
GF ,3M1UFTR             ,8.0
GF ,15FOCUS5MMG         ,0.0
GF ,FTZEW5              ,-4.0
GF ,PNSS33              ,3.0
GF ,PNSS312019          ,1.0
GF ,AFL4PL-VC-C         ,1.0
GF ,PNSS312018          ,-1.0
GF ,PNSSW003            ,-1.0
GF ,08LIVINATA1E2       ,1.0
GF ,ID4HX1              ,0.0
GF ,LED22W              ,-2.0
GF ,10WISHCV2E          ,2.0
GF ,COLTPLUSCV2E        ,2.0
GF ,YH3702XENVY         ,0.0
GF ,PNSMY780            ,3.0
GF ,PNS11001            ,1.0
GF ,1GW211A1D           ,0.0
GF ,1GW2111C5R          ,0.0
GF ,ZEW51.0             ,-1.0
GF ,ID4HZUX1            ,-1.0
GF ,J00356ZINGCMG       ,-1.0
GF ,RSEN36MMCANBUS      ,-4.0
GF ,DLSX16*9            ,-1.0
GF ,ALTISRFA2QYT        ,0.0
GF ,E00983              ,4.0
GF ,F00986              ,4.0
GF ,H00658              ,3.0
GF ,H00679              ,3.0
GF ,LEO695              ,2.0
GF ,S3DFV               ,0.0
GF ,FTA11CW             ,-10.0
GF ,FT1CWJE             ,2.0
GF ,VBDXWG              ,2.0
GF ,V37TDGUVTRXF        ,-6.0
GF ,H324V1002Q          ,2.0
GF ,08VIOSCXQFMT        ,0.0
GF ,FTCGRZEQ            ,-4.0
GF ,FTZQWZEQ            ,-16.0
GF ,ID6*9W5X1           ,2.0
GF ,X1V1                ,20.0
GF ,18SINTA3+32         ,0.0
GF ,VIOSTA1E2           ,0.0
GF ,031GW211TA1E2       ,1.0
GF ,RSENGRCANBS10*36    ,2.0
GF ,2TXW5R+ZAF          ,1.0
GF ,2021ALTISYRQ2N      ,0.0
GF ,19ALTIS5MW2         ,0.0
GF ,V15XCRVTRXF         ,14.0
GF ,FORTIS1C4+645R      ,0.0
GF ,82VAQUW             ,0.0
GF ,ESCAPE2.3XW         ,0.0
GF ,15WISHTX            ,0.0
GF ,JPMSWJWU5HF         ,1.0
GF ,21VR11804QFM        ,0.0
GF ,BMWX3NQFMT          ,0.0
GF ,J00353CMG           ,-3.0
GF ,C55SBXDF            ,2.0
GF ,LY9862HC            ,1.0
GF ,FCOUSM3             ,-1.0
GF ,J00341CMG           ,-4.0
GF ,ABRO1WR             ,-2.0
GF ,TUBRO9012LED22      ,0.0
GF ,ALTISRUVE           ,0.0
GF ,LY501FY             ,-2.0
GF ,U00070              ,2.0
GF ,U00075              ,1.0
GF ,FV5D                ,0.0
GF ,ZV5D                ,-2.0
GF ,NGKBKR5E            ,-1.0
GF ,10ALTISA1D          ,0.0
GF ,TBE50021UF          ,-2.0
GF ,07LIVINA5MW2        ,0.0
GF ,V15GIVTRXFF         ,-3.0
GF ,GLA180CMG           ,0.0
GF ,08A2-5MMG           ,2.0
GF ,RTV6000AP           ,5.0
GF ,TC6682USB           ,0.0
GF ,2XDFMT              ,-2.0
GF ,JXU1                ,-1.0
GF ,R2CGR               ,-1.0
GF ,TJ6185J2            ,-3.0
GF ,VA7879CMG11H        ,-1.0
GF ,VA880112HMG         ,1.0
GF ,VA151513HCMG        ,0.0
GF ,VA051014HCMG        ,0.0
GF ,VA661215HCMG        ,0.0
GF ,180XFXJ             ,0.0
GF ,TIDAXFXJ            ,2.0
GF ,KA23325J2           ,2.0
GF ,SR5215J2            ,2.0
GF ,MC092R              ,2.0
GF ,SP5504QFE           ,-1.0
GF ,13KUGATA1E2         ,0.0
GF ,1VNYTG              ,-10.0
GF ,SR116GMWV           ,-1.0
GF ,ZXQH4T1E            ,-2.0
GF ,XB311W2             ,-1.0
GF ,RSEN22CMXER         ,9.0
GF ,RSENVRWCMR          ,6.0
GF ,PNSDBC03            ,1.0
GF ,SPAGEGERDFV         ,-1.0
GF ,2013GOLFFMGXQ       ,-1.0
GF ,04WISHXXQ           ,0.0
GF ,RSENH1WHW           ,2.0
GF ,SAXOC35W30FHU       ,-28.0
GF ,SPAGEGEARFMT        ,0.0
GF ,TAB00112HGUVTRXF    ,0.0
GF ,09FORTISYFABSVCV    ,0.0
GF ,2004WISHNQFMT       ,0.0
GF ,RTV2500CC           ,2.0
GF ,PD-1066300W1UF      ,1.0
GF ,PD1066500W1UF       ,-2.0
GF ,VR1DFV              ,0.0
GF ,08ALTISTAVQ         ,0.0
GF ,VWA53               ,-1.0
GF ,08ALTISVUXN         ,0.0
GF ,PNSTAIR001          ,2.0
GF ,NR1MY2              ,-4.0
GF ,X5NY2               ,1.0
GF ,ZXDGT22             ,-3.0
GF ,5QXV2CU             ,-2.0
GF ,RT2Q7B              ,-1.0
GF ,2818-PN195-60-15XW  ,0.0
GF ,LD92YGVTRXF         ,0.0
GF ,LE-7512XCFQY        ,0.0
GF ,LE-7512GX5T         ,0.0
GF ,LE-75125V5T         ,0.0
GF ,LE-7512XCFEY        ,0.0
GF ,LE-7512XCFU         ,0.0
GF ,VIOS5MW2            ,-1.0
GF ,P70GUVTRXF          ,0.0
GF ,01CRVXXQ            ,-1.0
GF ,PNSHDF24            ,1.0
GF ,PNSHDF21            ,5.0
GF ,PNSTPC006           ,3.0
GF ,LP081UCE            ,-1.0
GF ,PNSS212UF           ,1.0
GF ,UADWVJZVQW          ,-1.0
GF ,TYLEDUCE            ,1.0
GF ,VBDVATX200G         ,-4.0
GF ,VBDTFVTFJSW         ,2.0
GF ,T2EY                ,-1.0
GF ,08ALTIS5UTZDG1L     ,0.0
GF ,08ALTIS5G1R         ,0.0
GF ,10ALTIS8C4+64       ,0.0
GF ,STAREX22E5T         ,0.0
GF ,X2UR                ,4.0
GF ,2P5986XW            ,0.0
GF ,02XGXFXJ            ,1.0
GF ,FORTISXFXJ          ,-2.0
GF ,BGD-                ,0.0
GF ,LE-7512EY           ,0.0
GF ,LE-7512CVN          ,0.0
GF ,H1OSRAN2Q           ,-3.0
GF ,BGC2D               ,0.0
GF ,12VAXWN             ,-1.0
GF ,12VAGE              ,-1.0
GF ,12VAGERHZ           ,-1.0
GF ,12VAXWNEY           ,-1.0
GF ,RTV38QZ             ,4.0
GF ,ZXD1WRJ1G           ,0.0
GF ,13ALTISD-           ,0.0
GF ,T101E               ,-4.0
GF ,01XGFMG             ,-1.0
GF ,CORSS05103+32       ,0.0
GF ,CORSSSG1D           ,3.0
GF ,24VRG2LED           ,-1.0
GF ,S52211ASRG1VN       ,9.0
GF ,02EAXXXQ            ,1.0
GF ,TAD022WUWJGJVGF     ,-1.0
GF ,UVE33MM             ,0.0
GF ,FUVE33MM            ,-1.0
GF ,PS251F25U           ,-2.0
GF ,UATTW               ,2.0
GF ,SD2505TMU1GD        ,3.0
GF ,VBDVATX-2           ,25.0
GF ,VBDQEE5CX           ,-2.0
GF ,VBD22TBCR           ,0.0
GF ,TK56005R            ,0.0
GF ,TK5600CTZVTEF       ,0.0
GF ,TK56002MV           ,0.0
GF ,LE7512Z2RR2F        ,0.0
GF ,ZV5HNFX1JV          ,0.0
GF ,PNSHDF30            ,5.0
GF ,PNSHDF31            ,3.0
GF ,INNONATA1E2         ,0.0
GF ,09EAXCGR            ,0.0
GF ,09EAXCGRR           ,0.0
GF ,13FCOUSTA1E2        ,1.0
GF ,RSENT2069DGCQ       ,3.0
GF ,RSENS25692V5R1      ,-1.0
GF ,RSENS2569ZGG2V5RCQ  ,0.0
GF ,RSENS25692DG2VVR    ,1.0
GF ,RSENS25692ZDG2VVRCQ ,3.0
GF ,RSENT20S69ZDG2V1    ,1.0
GF ,0052DSGRR           ,-2.0
GF ,09EAXCGRDF          ,0.0
GF ,ALTISGGE            ,0.0
GF ,POSENSD2246*20      ,-7.0
GF ,MPVTA1E2            ,-1.0
GF ,SR346WFJ2DUSB       ,2.0
GF ,P16X5XN             ,0.0
GF ,LN01Q5XN4B          ,6.0
GF ,LY336G1R            ,-2.0
GF ,BGZ2Q               ,0.0
GF ,BGV2V               ,0.0
GF ,BGEY                ,0.0
GF ,GN5400FCW           ,4.0
GF ,RSENH33000K2Q       ,0.0
GF ,08ALTISZEQ          ,0.0
GF ,DH1703ZCAY2         ,1.0
GF ,DH1705ZAY2          ,2.0
GF ,DH1801VWA5C         ,0.0
GF ,1VN30AVAT1VN        ,2.0
GF ,05FOCUSC22X1        ,0.0
GF ,TURBOH3LED          ,0.0
GF ,H4LED181E           ,-2.0
GF ,19ALTISGS2Q         ,0.0
GF ,07-12ALTISMTJUF     ,-1.0
GF ,SUFEFMT             ,-1.0
GF ,BGF2A2              ,0.0
GF ,VG1TU               ,-3.0
GF ,ID20MT5UX1          ,1.0
GF ,ID6.5HW5X1          ,3.0
GF ,21XXCGR             ,0.0
GF ,ZINGERCGR           ,0.0
GF ,LEDGEF              ,-1.0
GF ,PNSJW220R2UG        ,5.0
GF ,BMWX64QFMT          ,0.0
GF ,ZNGOLF83+325R       ,0.0
GF ,GOLFUVJD            ,0.0
GF ,VBDAR3B1            ,-1.0
GF ,RSENUGMG22H         ,4.0
GF ,RVF84+645R          ,0.0
GF ,04ALTISC2D          ,0.0
GF ,10WISHVBN           ,0.0
GF ,10WISHGTQ           ,0.0
GF ,GHA313VRW           ,1.0
GF ,HG002MGR            ,2.0
GF ,GJ0282FRBE          ,3.0
GF ,10WISHCXXQ          ,0.0
GF ,WISHRUVE            ,0.0
GF ,10WISHC2E           ,0.0
GF ,6H2G                ,-1.0
GF ,ABROCRYXX           ,-1.0
GF ,10WISHXQ            ,0.0
GF ,10WUSHD12HZ         ,0.0
GF ,10WISHXFH5EY        ,0.0
GF ,10WISHXA            ,0.0
GF ,10WISHXFFV          ,-1.0
GF ,12HMG               ,-1.0
GF ,D4OSRAM4300K        ,-1.0
GF ,D2ROSRAM4300K       ,-1.0
GF ,09WISH5MTX          ,0.0
GF ,FTXDZEW5            ,1.0
GF ,PNSHUDL1            ,2.0
GF ,HY656YU             ,-1.0
GF ,BMW7VXTA1E2         ,0.0
GF ,06TIDATA1E2         ,2.0
GF ,INNONAFMT2Q         ,-1.0
GF ,1MXCNZY2            ,4.0
GF ,MP3XURGF            ,-3.0
GF ,XW21                ,2.0
GF ,C007USBTY           ,-2.0
GF ,FTTX2GR             ,0.0
GF ,FTTX2X              ,0.0
GF ,HY899GQ2W           ,2.0
GF ,55ZCW               ,-1.0
GF ,05WISHNQFMT         ,0.0
GF ,2TXW5R              ,0.0
GF ,CAR5205R            ,6.0
GF ,07COLTPLUSTA1E2     ,-1.0
GF ,RW22DE              ,0.0
GF ,14HXE               ,-2.0
GF ,ZMOMOZVQ            ,0.0
GF ,ABROUF1EUR          ,7.0
GF ,NO16375TGGD         ,-12.0
GF ,3MWAGAR             ,1.0
GF ,YC017DAQ2WW         ,4.0
GF ,YC016DAGGTW         ,8.0
GF ,YC013DAEGA5C        ,4.0
GF ,CY909QWW            ,2.0
GF ,ZINGERT2R           ,0.0
GF ,DAY2NR              ,-2.0
GF ,DWGJ2WV             ,0.0
GF ,DWGJ2WV2V           ,1.0
GF ,5DGUD               ,1.0
GF ,05WISHCGRR          ,0.0
GF ,F00315B             ,1.0
GF ,F00708R             ,0.0
GF ,F00922              ,3.0
GF ,G00146              ,4.0
GF ,F00330              ,0.0
GF ,H00842              ,4.0
GF ,H00848              ,1.0
GF ,H00864              ,-3.0
GF ,J00336              ,0.0
GF ,J00385              ,0.0
GF ,K00281              ,5.0
GF ,O00201              ,1.0
GF ,O00202              ,1.0
GF ,O00203              ,0.0
GF ,O00204              ,1.0
GF ,H00330              ,3.0
GF ,TEANA2.0XQ          ,0.0
GF ,GLA180MG            ,0.0
GF ,DAY2C               ,-2.0
GF ,01XGXFXJ            ,-1.0
GF ,PNSSB27C            ,4.0
GF ,R689NUCU            ,0.0
GF ,DAW510*50           ,-21.0
GF ,PNSSUN14            ,4.0
GF ,VBD60*165VJVT1      ,-2.0
GF ,ABROHUR             ,-2.0
GF ,XUN                 ,-1.0
GF ,TXWEYY              ,4.0
GF ,K00138              ,5.0
GF ,K00219              ,10.0
GF ,K00864              ,2.0
GF ,3313-T9Z2RQ2        ,0.0
GF ,CARDIO8C3+32        ,1.0
GF ,NUVTRXFFRW          ,1.0
GF ,UXZ6.2TQUW          ,0.0
GF ,VJ5UTZ              ,-1.0
GF ,RSEND23000K         ,0.0
GF ,7085YX055R          ,0.0
GF ,CEO104NDTY          ,-2.0
GF ,TVCVNERY            ,2.0
GF ,CVNERY4P            ,4.0
GF ,7231HEXW            ,0.0
GF ,FN001NXJE           ,-1.0
GF ,TAA068              ,-1.0
GF ,XVTA1E2             ,1.0
GF ,TR26012UF           ,0.0
GF ,7652FR              ,-1.0
GF ,C2Q                 ,3.0
GF ,PS2015U15J2         ,-2.0
GF ,LD9SGUVTRXF         ,0.0
GF ,V37GUVTRXFF         ,-1.0
GF ,MIOC316VTRXF        ,-1.0
GF ,2T                  ,1.0
GF ,2018EAXNQFMT        ,1.0
GF ,1MT5XXL             ,-1.0
GF ,1MT5VXTM            ,0.0
GF ,12EAXTA1E2DZ        ,0.0
GF ,PNSSUN15L           ,0.0
GF ,PNSSUN15XL          ,-1.0
GF ,NXSAVRAN            ,0.0
GF ,GT0831RW1           ,-1.0
GF ,14TIDAEZR           ,0.0
GF ,ZINGERCGRE          ,0.0
GF ,A881J2WV            ,-1.0
GF ,ASQ-8068            ,0.0
GF ,VTTRFORTISXXQ       ,-1.0
GF ,JC005GMFWV          ,6.0
GF ,RSENA1FTU11A5W      ,1.0
GF ,FTTAR5Q             ,3.0
GF ,RSENH16000K2Q       ,2.0
GF ,FS580+GUVTRXF       ,0.0
GF ,ACC2XV              ,0.0
GF ,COLTPOLS2+32055R    ,1.0
GF ,13YD2FMT            ,-1.0
GF ,18EAXCGRY2GG        ,0.0
GF ,LK1VTRXFJV          ,0.0
GF ,X2VTRXF             ,-3.0
GF ,MIO65R              ,-1.0
GF ,VXTERR              ,-1.0
GF ,VLZVQ               ,-1.0
GF ,P1010HVTRXF         ,0.0
GF ,1GUVTRXF            ,0.0
GF ,Z1GUVTRXF           ,0.0
GF ,13TIDATA1E2         ,0.0
GF ,2QFW                ,-6.0
GF ,18EAXCGRY2EUCGR     ,0.0
GF ,DL1208X1            ,-2.0
GF ,08ALTIS1C2+32055R   ,1.0
GF ,S83PDE              ,12.0
GF ,SP3601UXR           ,1.0
GF ,TAE007VTF           ,-1.0
GF ,VXTX15U             ,6.0
GF ,110512V1UF          ,-1.0
GF ,QXA-22CG4L          ,0.0
GF ,SR347WVJT2F         ,0.0
GF ,SR-348TY            ,-2.0
GF ,QXA-CGRDFL          ,-1.0
GF ,PS2572DSFT5UX       ,-1.0
GF ,FORTIS5MW2          ,0.0
GF ,PNSSCUP05           ,1.0
GF ,TYPERH7T1E          ,0.0
GF ,04UEFMT             ,-1.0
GF ,04UETA1E2           ,-1.0
GF ,R5VG                ,-3.0
GF ,1UX2YX1             ,1.0
GF ,RSEN4.3H5X2G        ,-1.0
GF ,ERJGNIDN            ,-1.0
GF ,10WISH5MW2          ,-1.0
GF ,RTT5XL              ,1.0
GF ,07LIVINAFMT         ,-1.0
GF ,XB572ZR2V           ,-1.0
GF ,1S2X                ,0.0
GF ,R1S2X               ,-1.0
GF ,0803LEDGS2          ,0.0
GF ,FN002TUVEYY         ,1.0
GF ,2022OUTLANDERNTUW   ,0.0
GF ,96R2FMT             ,-1.0
GF ,PNSSC001            ,-1.0
GF ,04WISH5MW2          ,1.0
GF ,19RAV45MW2          ,1.0
GF ,RSEN90062TY         ,-1.0
GF ,A88EUX1             ,-1.0
GF ,ERQ560L252Q         ,0.0
GF ,SF4004CNVQ          ,7.0
GF ,SF0039              ,2.0
GF ,SF0029              ,-1.0
GF ,3151-61Y2           ,-2.0
GF ,BLD6389VIOS1C4+64   ,0.0
GF ,AY25FMT             ,-2.0
GF ,2N5U                ,-2.0
GF ,5REV                ,-1.0
GF ,KY8210XYJ2          ,-1.0
GF ,06TIDACEDE          ,0.0
GF ,2387-DWEAXGTYT      ,0.0
GF ,LEXUSIS300CVW2      ,1.0
GF ,10AY23FXXQ          ,0.0
GF ,10AY23DFV           ,0.0
GF ,14CRV8C4+64055R     ,0.0
GF ,2XRXQ               ,-1.0
GF ,05CAMW.6            ,-1.0
GF ,LVFE                ,-4.0
GF ,ZV5T8RTVTRXF        ,1.0
GF ,ZXQH355WT1E         ,1.0
GF ,ZXQH155WCR2W        ,1.0
GF ,ABT4015JC           ,-1.0
GF ,101GR22TA1E2        ,1.0
GF ,01XGTA1E2           ,-1.0
GF ,2013RAV4FMT         ,-1.0
GF ,BCG-2057FXXQ        ,0.0
GF ,BCG-2057CXXQ        ,0.0
GF ,05AY23SE1           ,1.0
GF ,YD2CGRR             ,0.0
GF ,3032YXZ2R           ,0.0
GF ,3032YXZ2RQ2         ,0.0
GF ,GARMIN2MV           ,-2.0
GF ,2001BMWE46ERR       ,0.0
GF ,02EAXCVN            ,0.0
GF ,2015EAX84+64055R    ,1.0
GF ,2012WISH2+32055R    ,0.0
GF ,COLTPLUSFMT         ,-1.0
GF ,BNE-7087EB5         ,0.0
GF ,XZXD22GRRUF         ,0.0
GF ,ZXD22GRRUF          ,1.0
GF ,RSENUE12HMG         ,3.0
GF ,ZXDGV               ,0.0
GF ,V18NH4LED22         ,1.0
GF ,ABTA116WVJFYQD      ,2.0
GF ,ABTB072VTF          ,2.0
GF ,ABTE072VVZVTF       ,-1.0
GF ,LEDNN22H116000K     ,0.0
GF ,2TFW                ,-7.0
GF ,BNE                 ,25.0
GF ,GE50CM              ,50.0
GF ,2TRW1               ,4.0
GF ,2TRXN               ,8.0
GF ,ABTA037WFC25        ,3.0
GF ,ABTA038EW5          ,2.0
GF ,IX35TA1E2           ,-1.0
GF ,95VR1TA1E2          ,-1.0
GF ,VTRXFV2DE           ,-2.0
GF ,16162T              ,4.0
GF ,2018KICKSNQFMT      ,0.0
GF ,GYQ2W               ,-3.0
GF ,EKA0504USTY         ,2.0
GF ,CC0023DTY           ,0.0
GF ,5Y5T02GUVTRXF       ,0.0
GF ,RSEN02FCANBUS       ,1.0
GF ,Z16GUVTRXF          ,1.0
GF ,M1YFS1G             ,0.0
GF ,TIDA8C4+64          ,0.0
GF ,2013FCOUSMG         ,2.0
GF ,055R                ,-1.0
GF ,RRVFMT              ,-1.0
GF ,CLA250RFABSYT       ,0.0
GF ,CLA250YQU           ,0.0
GF ,TIERRAMG1           ,0.0
GF ,HY-555GGNTW         ,-1.0
GF ,ZINGER054+64        ,0.0
GF ,F1W84+64055R        ,0.0
GF ,USBUVGTF            ,0.0
GF ,LP6920F2D           ,2.0
GF ,GOLTPLUST2R         ,0.0
GF ,XW2FRNO193841       ,0.0
GF ,ERQ8526L2Q          ,0.0
GF ,ABT-D001            ,1.0
GF ,02EAX20565R15       ,0.0
GF ,2013FCOUS055R       ,0.0
GF ,ZINGER5MZG          ,-1.0
GF ,ZINGERTA1E2         ,-3.0
GF ,H500TWGRR           ,0.0
GF ,CC321USB31A         ,0.0
GF ,V38U1GRR            ,0.0
GF ,K008125             ,-2.0
GF ,12VAMG              ,-1.0
GF ,ALTIS2055R16        ,0.0
GF ,SY56402UW           ,-1.0
GF ,ACP301              ,-2.0
GF ,HINO17TW2           ,0.0
GF ,2XAF                ,0.0
GF ,VINAQ2W             ,-1.0
GF ,05ZCXC90TA1E2       ,0.0
GF ,TAXZUW              ,-2.0
GF ,05ZCXC905MW2CCV     ,0.0
GF ,1WW                 ,-3.0
GF ,PNSFB003            ,1.0
GF ,PNSHDS04            ,3.0
GF ,YL100ZZX2           ,-1.0
GF ,VBDVTX1000ML        ,2.0
GF ,3154Y2              ,-2.0
GF ,GARMINVQ2Y          ,-1.0
GF ,15HXFE              ,-2.0
GF ,JXFMT               ,0.0
GF ,ZWHIACEFMT          ,0.0
GF ,XTRAILC5U1          ,0.0
GF ,XTRAIL5U1R          ,0.0
GF ,05ZCNQFMT           ,0.0
GF ,1276-THEB5          ,-1.0
GF ,PNSSW005QW          ,1.0
GF ,MIOR460GUVTRXF      ,0.0
GF ,24VBW2              ,-6.0
GF ,RAV4JGF             ,0.0
GF ,ABTA010A5W          ,2.0
GF ,ZWHIACETX           ,1.0
GF ,2TXW24V             ,1.0
GF ,MU2TX1              ,1.0
GF ,HINO5TTA1E2         ,-1.0
GF ,245122UW            ,-1.0
GF ,PNST1070202Q        ,-2.0
GF ,V2003G22            ,-2.0
GF ,FCPUS1UW            ,0.0
GF ,992XDCT2.45MW2      ,0.0
GF ,06AY235MW2          ,0.0
GF ,03AY23GVC5          ,0.0
GF ,03AY23XXQ           ,0.0
GF ,WF48D26R2Q          ,0.0
GF ,03AY23TA1E2         ,0.0
GF ,2013EAXXN           ,0.0
GF ,99RVFUW             ,0.0
GF ,J00352CMG           ,-1.0
GF ,LEO813              ,4.0
GF ,5Y5X8GUVTRXF        ,0.0
GF ,LEDEVRG2C           ,1.0
GF ,24VLEDE2CRG2        ,0.0
GF ,T20N                ,-1.0
GF ,GN115ZVQW2L         ,1.0
GF ,GN116DAJZVQW2L      ,1.0
GF ,GN1153LZVQW         ,1.0
GF ,TEANACV2E           ,0.0
GF ,BSD-77GHZ           ,0.0
GF ,N1EFWZ1TR           ,-1.0
GF ,2011WISHCE          ,0.0
GF ,PREVIAFXTTX         ,0.0
GF ,08AY23TA1E2         ,0.0
GF ,RF-LN01Q3XN         ,-1.0
GF ,DH5205EZWV          ,3.0
GF ,DH5219EZWV          ,3.0
GF ,LY-1172HWMR         ,5.0
GF ,OBDT1ZRV            ,2.0
GF ,XWFAVY              ,2.0
GF ,XWZYX1F             ,2.0
GF ,XW5VFY              ,4.0
GF ,XW5VFY414           ,4.0
GF ,XW5VFY412           ,4.0
GF ,XWDAVYFW            ,1.0
GF ,W210C2DRH           ,0.0
GF ,04AY23GRRRL         ,0.0
GF ,2TXW24V2MV          ,5.0
GF ,XXTA1E2             ,-1.0
GF ,PNSSUNF002M         ,0.0
GF ,PNSTL4030           ,4.0
GF ,PNSTL80200          ,2.0
GF ,RT73A2Q             ,0.0
GF ,VCQ84+64            ,0.0
GF ,XFRV                ,-2.0
GF ,XF2Q                ,-1.0
GF ,TAD012              ,0.0
GF ,H3OSRAM5RCR2Q       ,0.0
GF ,CARMACSARUR         ,3.0
GF ,MUOC580VTRXF        ,0.0
GF ,GN400VU552          ,10.0
GF ,S14PN2DE            ,2.0
GF ,LY609NMGSR          ,3.0
GF ,LI568GSR            ,2.0
GF ,PNS-TAIR002         ,0.0
GF ,5A-9666DF           ,0.0
GF ,C28024R2Q           ,0.0
GF ,3DXWQD              ,-1.0
GF ,VVXN                ,-2.0
GF ,V2IX35FXXQ          ,0.0
GF ,V2IX35CXXQ          ,0.0
GF ,V2IX35XFXJ          ,0.0
GF ,V2IX35DFV           ,0.0
GF ,ABT-A126            ,2.0
GF ,ABT-A130            ,0.0
GF ,ABT-A123            ,-2.0
GF ,ABT-A129            ,0.0
GF ,ABT-A114            ,2.0
GF ,ABT-A125            ,2.0
GF ,ABT-A053            ,4.0
GF ,VTRXFCGRV           ,-3.0
GF ,P210GVR             ,-2.0
GF ,2010WISHCGRRZ2      ,0.0
GF ,2010WISH1C4+64      ,0.0
GF ,RG2DL120            ,-4.0
GF ,RSENH14300K2Q       ,2.0
GF ,D2LDE6000K2Q        ,1.0
GF ,2010ALTISJ2E5F      ,-1.0
GF ,2010ALTISXA         ,-1.0
GF ,2010ALTISHXFV       ,-1.0
GF ,2015RAV48C4+64055R  ,0.0
GF ,PNSSC020            ,1.0
GF ,PNSSUN09            ,2.0
GF ,MP3XUXW             ,5.0
GF ,3D3138CU2           ,-1.0
GF ,T07GRR              ,-1.0
GF ,BHD-5719XFUNR       ,0.0
GF ,XFFV                ,-2.0
GF ,ID6.5TZUX1          ,2.0
GF ,RSEND43000K2Q       ,2.0
GF ,ID2.3VEU            ,2.0
GF ,ID25EUX1            ,1.0
GF ,ID30VX1             ,1.0
GF ,RH5020EUX1          ,3.0
GF ,03AY23MGWZJR        ,1.0
GF ,03QY2322            ,0.0
GF ,03AY2322R           ,0.0
GF ,02EAXRUV2.0T        ,3.0
GF ,02EAXRUV2.02        ,3.0
GF ,G7743CROSSBV2       ,2.0
GF ,V2STAEFTA1E2        ,-1.0
GF ,T10CN               ,-1.0
GF ,RS-06FY             ,-1.0
GF ,03AY2MG1            ,0.0
GF ,03AY2LFJ1G          ,0.0
GF ,2TXWC2GFVU          ,0.0
GF ,2TXWVTAVU           ,0.0
GF ,PNSHG07             ,2.0
GF ,2782-VZXW           ,0.0
GF ,2782-VZ             ,0.0
GF ,50AP1VN             ,-3.0
GF ,03AY2LF1GDF         ,0.0
GF ,PNSHDF32            ,2.0
GF ,5MZVQW              ,2.0
GF ,04TOUCSNQFMT        ,0.0
GF ,CLA25022545R17XW    ,0.0
GF ,08RAV4QCE           ,0.0
GF ,Z1010H2YGVTRXF      ,4.0
GF ,Z1212H2YVTRXF       ,1.0
GF ,JUKETA1E2           ,0.0
GF ,01ALTISNQFMT        ,-1.0
GF ,VA62FMTF            ,-1.0
GF ,RSENT10MU6R         ,2.0
GF ,02EAXDFXXR          ,0.0
GF ,ABROQAG1XTUA        ,0.0
GF ,GN-119WFQZVQW       ,2.0
GF ,TA-D010             ,-1.0
GF ,04-07AY3WTE         ,0.0
GF ,04-07AY23J1GYT5T    ,0.0
GF ,04-07AY23LFCGR25    ,0.0
GF ,92BGHV              ,0.0
GF ,94BGGGE             ,0.0
GF ,94BGGRGY            ,0.0
GF ,SF-1244H1Y          ,-2.0
GF ,ABT-517HWA5W        ,3.0
GF ,ABTD003GTVTF        ,1.0
GF ,SINENTA1.8TA1E2     ,0.0
GF ,RAV4JD              ,0.0
GF ,055REY              ,-1.0
GF ,QY-42360VWGRR       ,2.0
GF ,TIERRATA1E2         ,-2.0
GF ,0960-MNDF           ,0.0
GF ,H4100W2Q            ,-3.0
GF ,13TIDAFMT           ,-1.0
GF ,SF1244-1H1GUTY      ,2.0
GF ,2021ZINGERTX        ,0.0
GF ,S5RU6DFV            ,1.0
GF ,9012LED3N2Q         ,0.0
GF ,SP5510              ,-2.0
GF ,CC2AGM80A           ,0.0
GF ,10ALTISTA1E2        ,1.0
GF ,08AY26TA1E2         ,1.0
GF ,GSLN1               ,1.0
GF ,07V2TUCSONQUW       ,0.0
GF ,2018FCOUS5MW2       ,0.0
GF ,COLTPLUST2R         ,0.0
GF ,02EAXCGRQL          ,-1.0
GF ,5XGVTW              ,-1.0
GF ,02EAXCGRQ           ,1.0
GF ,GARMIN532C          ,1.0
GF ,PNSWT001            ,1.0
GF ,PNSTL60120          ,2.0
GF ,IX35DFV             ,-2.0
GF ,LE-7512             ,0.0
GF ,LE-7512CFUZ         ,0.0
GF ,PNSSUN14-L          ,4.0
GF ,TIERRADFV           ,-1.0
GF ,2013WISHNQFMT       ,0.0
GF ,1MT5AB              ,-1.0
GF ,1UF1A               ,-1.0
GF ,8391-N8ZG           ,0.0
GF ,8391-N8XFEY         ,0.0
GF ,SL-702GXGWV         ,-1.0
GF ,97RWCGR             ,-1.0
GF ,PNSF202             ,4.0
GF ,Z10CVU              ,-1.0
GF ,1MT5F               ,0.0
GF ,ZINGEFUFEDF         ,-1.0
GF ,TX002BGXGWV         ,4.0
GF ,05VTRXFCVU          ,-1.0
GF ,ZXDFU1Q             ,0.0
GF ,ZXDXQ               ,0.0
GF ,ZXDXA               ,0.0
GF ,ZXDCVN              ,0.0
GF ,ZXDUNRQ2            ,0.0
GF ,ZXDZ2RQ2            ,0.0
GF ,ZXDZVRQ2            ,0.0
GF ,ZXDGVXQEY           ,0.0
GF ,IX35XA              ,0.0
GF ,IX35XF2Q            ,-1.0
GF ,IX35TXEY            ,-1.0
GF ,RSENT10MU10R        ,4.0
GF ,RSENT1018RMU        ,-1.0
GF ,RSENGR1536MM        ,2.0
GF ,RSENGR1539MM        ,3.0
GF ,V15LEDD46000K2Q     ,0.0
GF ,RSENVMC             ,-4.0
GF ,PNSHG08             ,5.0
GF ,PNSFA02             ,1.0
GF ,PNSFDB312           ,3.0
GF ,PNSFDB324           ,1.0
GF ,2782VZXYTLF         ,0.0
GF ,2782-VZYFXYT        ,0.0
GF ,2782-VZYF15F        ,0.0
GF ,2782-VZUF15F        ,0.0
GF ,2782VZQ2YT          ,0.0
GF ,H4LED3N             ,0.0
GF ,H11LED3N            ,-1.0
GF ,H7LED3N             ,-1.0
GF ,D4LED6000K          ,1.0
GF ,92BGF1E             ,0.0
GF ,92BGEJR             ,0.0
GF ,92BGR22             ,0.0
GF ,92BGR2              ,0.0
GF ,92BG1E2R            ,0.0
GF ,92BG1E2L            ,0.0
GF ,92BGZV2R2F          ,0.0
GF ,ASM2723XW           ,0.0
GF ,ABTE082DXGAGDJUNRV2 ,0.0
GF ,ABTA1550UWVJGRR     ,0.0
GF ,ABTA162VSXFDGRRVY   ,0.0
GF ,ABTA160JMT1XFDGRR   ,0.0
GF ,ABTA159JMXFGRR      ,0.0
GF ,RSEN20HUEMG         ,9.0
GF ,SOLIOR2F            ,0.0
GF ,VAK14CJU            ,0.0
GF ,2782-VZUNR          ,0.0
GF ,PNSS30              ,15.0
GF ,05VW                ,-1.0
GF ,2TXWSD1AW           ,1.0
GF ,ZXDLFJ1G            ,-1.0
GF ,VIOS84+64055R       ,0.0
GF ,T152UKUERL          ,1.0
GF ,WTG                 ,-1.0
GF ,WISH8C4+64055R      ,-1.0
GF ,04AYW3GSR           ,0.0
GF ,08ALTIST2GW         ,0.0
GF ,08ALTIST2GWL        ,0.0
GF ,05AYW3F15F          ,0.0
GF ,05AY23RF15F         ,0.0
GF ,05AY23LC15F         ,0.0
GF ,05AY23RC15F         ,0.0
GF ,05AY23FXYT          ,0.0
GF ,05AY23CXYT          ,0.0
GF ,15XTRAILTA1E2       ,-2.0
GF ,D00501              ,5.0
GF ,E00692              ,1.0
GF ,E01108              ,1.0
GF ,F00708              ,0.0
GF ,F00710              ,0.0
GF ,F00712              ,1.0
GF ,F00919              ,2.0
GF ,F00921              ,1.0
GF ,F00920              ,4.0
GF ,H00390              ,0.0
GF ,K00131              ,4.0
GF ,H00380              ,1.0
GF ,M00199              ,2.0
GF ,F01051              ,1.0
GF ,02EAXS1G            ,0.0
GF ,2012FORTISNQFMT     ,0.0
GF ,CLA250WT            ,0.0
GF ,PNSHDF22XXEGRR      ,-1.0
GF ,PS2503XBTX          ,-1.0
GF ,USBGTV              ,-1.0
GF ,2014WISHC2E         ,0.0
GF ,FTX1QADD            ,-1.0
GF ,RVFFMT              ,-1.0
GF ,7H2G                ,0.0
GF ,9006LEDNN22         ,0.0
GF ,H-326111X1          ,1.0
GF ,X1VGXVX1            ,1.0
GF ,ZXQ1G5M2Q           ,-1.0
GF ,BCF-16165TQ2        ,0.0
GF ,BCF-1616Q2EY        ,0.0
GF ,BCF-1616CVN         ,0.0
GF ,BCF-1616CVNEY       ,-1.0
GF ,RWFVEY              ,-1.0
GF ,CX5TX               ,0.0
GF ,2008QRVTX           ,0.0
GF ,ZV5K5DGUVTRXF       ,0.0
GF ,93XGXXQF            ,0.0
GF ,15XTREILMGWZJ       ,0.0
GF ,4.3H52TV            ,0.0
GF ,2004EAXUFT25        ,0.0
GF ,2004EAXCXXQ         ,0.0
GF ,OUTUNDERY55R        ,0.0
GF ,PNSTK3012LEDDT5M    ,1.0
GF ,RSENH48000K2Q       ,0.0
GF ,MIO6VTRXFR          ,5.0
GF ,MIOD20VTRXF         ,1.0
GF ,EAXDFV              ,-3.0
GF ,RSEND14300K2Q       ,1.0
GF ,PNSP05              ,0.0
GF ,PNSP06              ,2.0
GF ,PW-15WU1            ,0.0
GF ,YARISCORSS1E2       ,-1.0
GF ,BUW-7317            ,0.0
GF ,BUW-7317XFZG        ,0.0
GF ,BUW-7317XFGBQ       ,0.0
GF ,BUW-7317XFXV        ,0.0
GF ,BUW-7317XFH5EY      ,0.0
GF ,BUW-7317UFEXRN      ,0.0
GF ,BUW73172Q           ,-1.0
GF ,GZJGUVTRXF          ,0.0
GF ,W796CV5JR           ,0.0
GF ,1QRVW               ,0.0
GF ,YARISCORSSNQFMT     ,0.0
GF ,LD-9JVGSR           ,0.0
GF ,LD9VTRXFV           ,-1.0
GF ,U7NQGFMT            ,0.0
GF ,AY25DFV             ,2.0
GF ,05GUVTRXFVW         ,0.0
GF ,2013EAX055R         ,0.0
GF ,IX35RUV             ,0.0
GF ,2XDC2D              ,0.0
GF ,S5RU7GT2WQ          ,0.0
GF ,BHD-59172FUXE5F     ,1.0
GF ,ABTE091ZDJMAIGDJVJF ,3.0
GF ,ABTD0040FRGZE1V     ,1.0
GF ,TAA013RUUVW5        ,1.0
GF ,ABTE08195WXCRDTPD   ,0.0
GF ,TAA055DQF0FTV       ,5.0
GF ,ABTD002             ,3.0
GF ,2012TIDANQFMT       ,0.0
GF ,2012TIDATA1E2       ,1.0
GF ,JA-16VTF            ,-1.0
GF ,U75MW2              ,0.0
GF ,23YARIS5MW2         ,1.0
GF ,97R2C2E             ,0.0
GF ,ZV2-CU              ,-1.0
GF ,PNS1705HD           ,3.0
GF ,PNSWH002-5          ,3.0
GF ,2011CRV5MW2         ,0.0
GF ,01-07ALTISQUWCN     ,0.0
GF ,AY25A1D             ,0.0
GF ,G77LEDGYWU5HF       ,2.0
GF ,JXFYE               ,8.0
GF ,322515XF            ,2.0
GF ,YI269AW             ,1.0
GF ,P235J5C2            ,1.0
GF ,P225J5C220*13       ,0.0
GF ,F150F2TQ            ,4.0
GF ,F160F2TQGY          ,4.0
GF ,F170F2TQW           ,2.0
GF ,F180F2TQ            ,1.0
GF ,RT9A2Q              ,1.0
GF ,H7OSRARN2Q          ,0.0
GF ,24VX1               ,-1.0
GF ,XVCE1G              ,1.0
GF ,PNS1704HD           ,2.0
GF ,PNSCS002RUAU1E2     ,1.0
GF ,ANF52652XQ2         ,0.0
GF ,ANF5265Z2RQ2        ,0.0
GF ,ANF5265XFQ2         ,0.0
GF ,ANF5265UFGV1        ,0.0
GF ,ANF5265U1E          ,0.0
GF ,ANF5265FARVW5       ,0.0
GF ,ANF52655GQ2         ,0.0
GF ,ANF52655GQ22X       ,0.0
GF ,ANF52655GQ225       ,0.0
GF ,ANF5265QC5QW        ,0.0
GF ,ANF5265QC5Q22X      ,0.0
GF ,ANF5265G1Q          ,0.0
GF ,ANF5265RJF          ,0.0
GF ,ANF5265UFH5EY       ,0.0
GF ,2009RAVWZ2R         ,0.0
GF ,AYW34+64055R        ,0.0
GF ,IX35S1G             ,0.0
GF ,ABT-D060USBVW       ,0.0
GF ,07AYW32+325R        ,0.0
GF ,OUTLANDERT2R        ,0.0
GF ,YYC02USBTY          ,1.0
GF ,LIVINACGRQL         ,-1.0
GF ,CRVN2W2             ,1.0
GF ,LEXUSIS5MW2         ,0.0
GF ,LEXUSIS200TA1E2     ,0.0
GF ,WISHC2G1D           ,0.0
GF ,10ALTISUVAD         ,0.0
GF ,2TMUX1              ,1.0
GF ,TAW001JMG           ,1.0
GF ,HK903FTX1           ,3.0
GF ,KY303122FE          ,2.0
GF ,GN121WW             ,10.0
GF ,RVXGY2              ,4.0
GF ,GN12036ZVQW         ,2.0
GF ,ABROGTU             ,2.0
GF ,BUU-8103EB5         ,0.0
GF ,LE7512XECGW         ,0.0
GF ,13TIDA5MW2          ,0.0
GF ,XW0FFYFAA           ,3.0
GF ,10WISHSE1UF         ,0.0
GF ,10WISHUFVC1R        ,0.0
GF ,10WISHUFVC1L        ,0.0
GF ,10WISHNQGFMT        ,0.0
GF ,2QFWZUY             ,4.0
GF ,MIOC580VTRXF        ,0.0
GF ,15FCOUSTA1E2        ,-2.0
GF ,RSENUE16HMG         ,24.0
GF ,PNSS36              ,5.0
GF ,WISH701QUW          ,0.0
GF ,ZINGERUV            ,-3.0
GF ,WISH4+64055R        ,1.0
GF ,UTEY                ,-8.0
GF ,XWH5EY              ,0.0
GF ,5E2C                ,-2.0
GF ,LE-7512Z2R          ,0.0
GF ,LE-7512R2F          ,0.0
GF ,LE-7512Z2REY        ,0.0
GF ,AY25054+645R        ,0.0
GF ,XXC2D               ,1.0
GF ,FCOUSQGW            ,1.0
GF ,ID300KUV            ,1.0
GF ,6YQD                ,-1.0
GF ,AR002QFE2-          ,1.7
GF ,AR003QFE2-          ,1.0
GF ,AR008QFE2-          ,2.0
GF ,RSENUE18HMG         ,11.0
GF ,RSEN93ZVQW          ,1.0
GF ,Z10GUVTRXF20A       ,-1.0
GF ,PNSHDS04-C          ,1.0
GF ,82VACVN             ,0.0
GF ,LW-P001             ,-1.0
GF ,XUGGX6GUVTRXFGPS    ,0.0
GF ,08EAX2.4FMT         ,1.0
GF ,12AY25TA1E2         ,-1.0
GF ,MXXDFMT             ,0.0
GF ,V18H4LED22          ,-2.0
GF ,GGCGRR              ,-1.0
GF ,A8ZV27W92CE         ,2.0
GF ,TCOUSTA1E2          ,0.0
GF ,ESCAPEFMT           ,-1.0
GF ,RSEN90068000K2Q     ,2.0
GF ,03LANCH058C3+325R   ,0.0
GF ,03LANCHXFVE         ,0.0
GF ,ESCAPE2+32055R      ,0.0
GF ,07LIVINAGTQ         ,0.0
GF ,15EAXNQFMT          ,0.0
GF ,WISH4+64+CR5R       ,0.0
GF ,FIT2+32055R         ,0.0
GF ,ERQ60J2U            ,0.0
GF ,BGFUV               ,0.0
GF ,D1SLED22            ,1.0
GF ,13RAV4TA1E2         ,1.0
GF ,BGN-19025GQ2        ,0.0
GF ,BGN-19025GQ22X      ,0.0
GF ,BGN-19025GQ2252X    ,0.0
GF ,BGN-1902QC5Q2       ,0.0
GF ,BGN-1902            ,0.0
GF ,BGN-1902RU1UZ       ,0.0
GF ,BGN-1902DFXXE5F     ,0.0
GF ,BGN-1902Z2QYT       ,0.0
GF ,BGN-19025GEY        ,0.0
GF ,1998TGEUR5          ,0.0
GF ,1998Z2QE            ,0.0
GF ,1998BGZCW           ,0.0
GF ,NXGRANDTA1E2        ,0.0
GF ,KY-227-CUX1         ,-1.0
GF ,WMVWVJZVQW          ,3.0
GF ,WVJV1               ,2.0
GF ,CVWVJC1             ,2.0
GF ,F1WFRGRR            ,0.0
GF ,2015RAV4JD          ,0.0
GF ,LE7512QFE           ,0.0
GF ,USB5RW              ,7.0
GF ,RSEND243000K2Q      ,-2.0
GF ,TYPER900655W1E2Q    ,2.0
GF ,2015RAV4TA1E2       ,-1.0
GF ,ERQ80D23LUCR2T      ,1.0
GF ,LE-7512UT           ,-1.0
GF ,ABTA077             ,0.0
GF ,ABT-D007            ,0.0
GF ,ABT-E094            ,-1.0
GF ,ABT-A179            ,1.0
GF ,Z10CTUTV            ,-1.0
GF ,PNS-P07-01          ,1.0
GF ,2TX2U               ,3.0
GF ,5287-EQ4+64055R     ,0.0
GF ,QD                  ,-1.0
GF ,08ALTISCGR2R        ,0.0
GF ,BNF-6175055R        ,0.0
GF ,ABT-A079EUT2GRR     ,2.0
GF ,ABTA159JMXFDGRR     ,2.0
GF ,ABT-A164GN1GR5RVY   ,0.0
GF ,BHD-5719XFNBQ       ,0.0
GF ,BHD-5719Q5Z         ,0.0
GF ,BHD-5719XFFR        ,0.0
GF ,BHD-5719XA          ,0.0
GF ,PNS-HD39UCRJFGRR    ,2.0
GF ,PNS-HDF39-GRUCRJFN1 ,-2.0
GF ,PNS-HG09            ,2.0
GF ,PNS-F520            ,2.0
GF ,T10-3528            ,2.0
GF ,T10-3030            ,3.0
GF ,ESCAPE4QFMT         ,0.0
GF ,AF003ZWQ2W          ,1.0
GF ,F16X5Q5XN           ,6.0
GF ,QAJFTNFTR           ,1.0
GF ,R25MW2              ,1.0
GF ,SIENTA5MW2          ,1.0
GF ,AWL-57724+645R      ,0.0
GF ,ABTE095             ,1.0
GF ,ABTE084             ,0.0
GF ,H7LED28W5G          ,1.0
GF ,H11LED28W22         ,1.0
GF ,PNSS37TY            ,1.0
GF ,YARIS062225         ,0.0
GF ,KH-8281WERY         ,-2.0
GF ,TUVERY              ,3.0
GF ,ZINGERCYCE          ,0.0
GF ,ZINGERCVC2          ,0.0
GF ,96R2CGRE            ,0.0
GF ,96R2CGRQ            ,2.0
GF ,2280-MRG1Q          ,1.0
GF ,2280-MRZ2R          ,1.0
GF ,2280-MR             ,1.0
GF ,2280-MRVGE          ,1.0
GF ,2280-MRGVR2         ,1.0
GF ,PNSSUN16-L          ,1.0
GF ,6802-QKYCQ2         ,0.0
GF ,6802-QKXFQ2         ,0.0
GF ,6802-QKGTU1U        ,0.0
GF ,6802-QJRFA1U        ,0.0
GF ,6802-QKQUYVW1U      ,0.0
GF ,CHRTA1E2            ,0.0
GF ,ERQ60UCR2Q          ,1.0
GF ,ROGUE055R           ,0.0
GF ,ESCAPEFRQCE         ,-1.0
GF ,CLA250ABSE5F        ,0.0
GF ,T5GEBA              ,2.0
GF ,T-137               ,1.0
GF ,C551GR              ,3.0
GF ,PNSSD1027           ,-1.0
GF ,CARMATERU5UR        ,3.0
GF ,2018VIOS5MW2        ,2.0
GF ,VUS1GR              ,0.0
GF ,FORTISCVN           ,0.0
GF ,1VN2Q               ,-6.0
GF ,12ELANTRAGTUE5      ,0.0
GF ,AFK-2537EZR         ,0.0
GF ,AFK-2537EZREY       ,0.0
GF ,2TXWGJVNU           ,0.0
GF ,2022CBG             ,1.0
GF ,UXZMG1              ,1.0
GF ,IMAXTA1E2           ,-1.0
GF ,05VIOSCGRQR         ,-1.0
GF ,ZXDCGRR             ,0.0
GF ,PRIUS1.5TA1E2       ,0.0
GF ,PRUISXFV            ,0.0
GF ,PRUISDFV            ,0.0
GF ,PNSSUN19            ,3.0
GF ,03ALTISERR          ,0.5
GF ,TA-E015             ,-1.0
GF ,XARATA1E2           ,-1.0
GF ,04WISHCGRQR         ,0.0
GF ,2017FCOUSRABSE5F    ,-1.0
GF ,RAV48128            ,0.0
GF ,WISH8+128055R       ,0.0
GF ,LD-7FJV             ,-1.0
GF ,13A2-8+32+CAN       ,0.0
GF ,14CRVTA1E2          ,0.0
GF ,14CRV4QFMT          ,-1.0
GF ,13A2-NQFMT          ,0.0
GF ,06YARISTA1E2        ,1.0
GF ,EXXTA1E2            ,0.0
GF ,CLA250XFXJ          ,-5.0
GF ,CCZVQW              ,6.0
GF ,GN290GVR            ,4.0
GF ,GN-293MGG           ,4.0
GF ,2ZSIRIONDFV         ,0.0
GF ,2017FCOUSYE5F       ,0.0
GF ,PNSFB1801           ,1.0
GF ,ABTE0772XGVTF       ,1.0
GF ,V189005LED22        ,1.0
GF ,V189006LED22        ,1.0
GF ,V18H11LED22         ,-1.0
GF ,V18NH7LED22         ,1.0
GF ,V18N9012LED22       ,1.0
GF ,FCOUS5MRU           ,0.0
GF ,FCOUS5MXFXJ         ,-1.0
GF ,FCOUSDFV            ,-2.0
GF ,RSEN90066000K2Q     ,-2.0
GF ,HRVXQGFMT           ,0.0
GF ,02EAX2XUE           ,0.0
GF ,RSENEFFVR           ,2.0
GF ,01ALTISUD5D         ,0.0
GF ,PNSTPC003           ,-1.0
GF ,0760-TPZ2R          ,0.0
GF ,0760-TPGV           ,0.0
GF ,0760-TPYFT25        ,0.0
GF ,0760-TPGV5R         ,0.0
GF ,0760-TPGVE          ,0.0
GF ,0760-TPGVWNE        ,0.0
GF ,0762-TPEY           ,0.0
GF ,XUG3UVTRXF          ,1.0
GF ,2QT2                ,-1.0
GF ,ABT-E711TT          ,8.0
GF ,3313-TPF1E          ,0.0
GF ,3313-TPF1EDF        ,0.0
GF ,3313-TPUCA1D        ,0.0
GF ,PNSHDF28            ,2.0
GF ,PNSHDF29            ,1.0
GF ,JGWA5               ,1.0
GF ,05FCOUSUV           ,-1.0
GF ,05FCOUSDFV          ,-1.0
GF ,05FCOUSCVA1         ,0.0
GF ,3VXTA1E2            ,0.0
GF ,VIOSUCSG1           ,-1.0
GF ,08ALTISCUW          ,0.0
GF ,DE-352EF            ,2.0
GF ,70A1VN              ,2.0
GF ,100A1VN             ,2.0
GF ,6069-RG             ,0.0
GF ,HNFJV               ,-1.0
GF ,XASX4054+645R       ,0.0
GF ,ABT-D005            ,0.0
GF ,XASX4TA1E2          ,0.0
GF ,GN-102EF            ,5.0
GF ,V2STAREXZG          ,1.0
GF ,GPSWVEY             ,-1.0
GF ,22EY                ,-1.0
GF ,703TZD5XGRR         ,2.0
GF ,709U11GRR           ,0.0
GF ,712XFDGRR           ,4.0
GF ,12EAXFMT            ,-1.0
GF ,MIMI2Q              ,0.0
GF ,FOCUSR2F            ,0.0
GF ,YH3702XENJV         ,-1.0
GF ,64GRUD              ,-3.0
GF ,7D3237Q2            ,0.0
GF ,SUFEUV              ,0.0
GF ,SUFECUEY            ,0.0
GF ,KYKMGR              ,2.0
GF ,OULLANDERW2         ,0.0
GF ,PNS1706HDUSB5VGUTY  ,3.0
GF ,15ALTIS5MW2         ,1.0
GF ,345LNDU2T2Q         ,0.0
GF ,24VRG22QG           ,1.0
GF ,U6FMT               ,0.0
GF ,13VIOSFMTXQ         ,0.0
GF ,BCF161617XF         ,0.0
GF ,13VIOSCFMT          ,1.0
GF ,13TIDA4QFMT         ,0.0
GF ,GOLFUVUVE           ,0.0
GF ,99R2CAW2            ,0.0
GF ,CARW2               ,-1.0
GF ,2XDR2F              ,0.0
GF ,99GD5MW2            ,0.0
GF ,12BMWX55MW2         ,0.0
GF ,BHD-5917            ,0.0
GF ,VH                  ,50.0
GF ,17SU5FL             ,0.0
GF ,17SXCFR             ,0.0
GF ,17SXCRL             ,0.0
GF ,17SXCRR             ,0.0
GF ,2015CRVCAFT+CV      ,0.0
GF ,GOLTPLUSGSR         ,0.0
GF ,2FWBE               ,-2.0
GF ,WJD                 ,-1.0
GF ,GR                  ,0.0
GF ,BCF-1616V2Q         ,0.0
GF ,PNSHUDS1            ,1.0
GF ,PNSHDF43            ,1.0
GF ,13R2FMT             ,-1.0
GF ,10WISHCW            ,-1.0
GF ,0760-T9WISHF2EB5    ,0.0
GF ,XTRAILRUV           ,1.0
GF ,XTRAILDFV           ,1.0
GF ,XTRAILXFXJ          ,1.0
GF ,BEV-83298C+128055R  ,0.0
GF ,01ALTISTA5DYF       ,0.0
GF ,XB-306ZEW5          ,-1.0
GF ,MIOD22GPSVTRXF      ,0.0
GF ,J00391              ,4.0
GF ,K00460              ,4.0
GF ,J00398              ,2.0
GF ,0760-T9WISH0513H5R  ,0.0
GF ,0760-T9CREY         ,0.0
GF ,RSENQEGXR           ,3.0
GF ,RSENB12W            ,3.0
GF ,PG10671UF           ,1.0
GF ,PD12012MRW          ,1.0
GF ,BAL-7633EB5         ,0.0
GF ,RSENVTR             ,6.0
GF ,GARMIN762C          ,-1.0
GF ,10WISHXF15H15       ,0.0
GF ,DUCA2HW2            ,0.0
GF ,01-08ALTISDFV       ,-1.0
GF ,0760-T9UCA1R        ,0.0
GF ,0760-T9UCAEW1R      ,0.0
GF ,0760-T9UCADF        ,0.0
GF ,0760-T9UCAEWDF      ,0.0
GF ,TYPERH8CR2Q         ,0.0
GF ,JOHNSENSNTRRU       ,2.0
GF ,JOHNSENTUUR         ,1.0
GF ,3CUDTGWWU2FT        ,1.0
GF ,SP3098IDFRTMXRW     ,1.0
GF ,V2QWV1JTURW2        ,0.0
GF ,J00354CMGIX35       ,-1.0
GF ,512G                ,-1.0
GF ,G206GVR             ,5.0
GF ,T9ET1CQR            ,4.0
GF ,CGRVTRXFR           ,-1.0
GF ,SF0014              ,2.0
GF ,10WISHRUV           ,2.0
GF ,10WISHRUVE          ,0.0
GF ,ABT-D2330WR2F22M    ,0.0
GF ,S54AS1VNQRV         ,6.0
GF ,S27-52Z211AS1VN     ,4.0
GF ,S53213TG1VNJ1VN     ,2.0
GF ,10WISHD-            ,3.0
GF ,10WISHCVN           ,4.0
GF ,8391-N8UNFR2F       ,0.0
GF ,8391-N8UER          ,0.0
GF ,8391-N8XA           ,0.0
GF ,8391-N8XAHXEY       ,-1.0
GF ,8391-N8XAFV         ,-1.0
GF ,USB095              ,-4.0
GF ,ID202T152U          ,1.0
GF ,U21                 ,-1.0
GF ,TOWNZG              ,0.0
GF ,3313-T9             ,-1.0
GF ,3313-T9F            ,-1.0
GF ,3313-T9XW           ,0.0
GF ,Q8LEDH43N           ,1.0
GF ,Q8H11LED3N2Q        ,1.0
GF ,Q89006LED3N2Q       ,1.0
GF ,Q8H7LED3N2Q         ,1.0
GF ,GN756               ,-1.0
GF ,J00347              ,2.0
GF ,FIESTA5MMG          ,-1.0
GF ,2016WISHT2R         ,0.0
GF ,2016WISHUR          ,0.0
GF ,PNS-CS150           ,1.0
GF ,PNS-CS150FW         ,1.0
GF ,PNS-CS150FAC        ,1.0
GF ,PNSP012             ,3.0
GF ,PNS-SCUP11          ,2.0
GF ,DQ-003F2C1          ,1.0
GF ,DQ-003E-13X1VOMNN   ,1.0
GF ,BA-10055C55ZAP6QGR  ,2.0
GF ,B-22208C55AWQAFRR   ,2.0
GF ,09WISHFMT           ,-1.0
GF ,BPT-3788XW          ,0.0
GF ,10AY23FMT           ,-1.0
GF ,03EAXFXXQ           ,0.0
GF ,VTRXFVQ             ,-1.0
GF ,F00522              ,0.0
GF ,I00022              ,9.0
GF ,LEO007R             ,0.0
GF ,LEO007Y             ,2.0
GF ,LEO694Y             ,0.0
GF ,LEO695Y             ,0.0
GF ,LEO720GR            ,2.0
GF ,RSENT10CQ2Q         ,1.5
GF ,2010LRXUSRX450      ,0.0
GF ,GS-562202Q          ,1.0
GF ,RS-08WV             ,-1.0
GF ,AS1VN               ,51.0
GF ,T1GUVTRXF           ,4.0
GF ,99UXZMG1ZQGW        ,-1.0
GF ,J03160              ,0.0
GF ,J03164              ,0.0
GF ,J03172              ,0.0
GF ,5C2                 ,-1.0
GF ,18BMWX25MW2         ,0.0
GF ,M0069BB             ,0.0
GF ,T0020C2             ,0.0
GF ,J0341B              ,-1.0
GF ,YH9357              ,2.0
GF ,X685DH5R            ,1.0
GF ,WVJJ2WV             ,2.0
GF ,3MT1GAR             ,1.0
GF ,L1383.1AT2V         ,2.0
GF ,BY-55D23L           ,2.0
GF ,HG-022              ,4.0
GF ,T-TW162             ,6.0
GF ,JX5E9006CR2Q        ,-1.0
GF ,MIOD35              ,1.0
GF ,HG-019              ,3.0
GF ,S-12006             ,3.0
GF ,HD-12               ,2.0
GF ,PNSF410BK24         ,1.0
GF ,KY3301FE            ,-1.0
GF ,BG1UW               ,0.0
GF ,10WISHXXQ           ,0.0
GF ,10WISHZ2R           ,0.0
GF ,10WISHUNR2TZ        ,0.0
GF ,10WISHZ2REY         ,0.0
GF ,10WISHUNR2TZT5EY    ,0.0
GF ,10WISH2QT5EY        ,0.0
GF ,TEANAXXQ            ,0.0
GF ,XTRAILS51UW         ,0.0
GF ,2055516BSNH100      ,0.0
GF ,BH-008-A02          ,2.0
GF ,R134ZCGUX1          ,1.0
GF ,RSENT104R10         ,1.0
GF ,ELANTRAJU           ,0.0
GF ,MR002ZEQ            ,2.0
GF ,MS003MVZEQ          ,2.0
GF ,RTV2000             ,5.0
GF ,YC020CAZVQW         ,4.0
GF ,FA003U15JR          ,5.0
GF ,GN-338EUW           ,3.0
GF ,DC-035FJ2           ,2.0
GF ,YARISCXXQ           ,0.0
GF ,YARISGTUEC          ,0.0
GF ,FC-1166J2           ,-1.0
GF ,01ALTISQUW          ,-1.0
GF ,RSEN1UFTR           ,3.0
GF ,NP-747XCRV22M       ,0.0
GF ,ZWHILUXTA1E2        ,-1.0
GF ,JOHNSE2XZVQU        ,3.0
GF ,SP-7741YQW1         ,-1.0
GF ,NC1                 ,-2.0
GF ,C55GXCMR            ,0.0
GF ,CORSS1.8TA1E2       ,3.0
GF ,BCF-16162CVF        ,0.0
GF ,ANW-0195TUYT        ,0.0
GF ,2019FOCUS5MMG       ,1.0
GF ,PNS-ATY01VVR        ,2.0
GF ,PNS-ATY05VVR        ,4.0
GF ,PNSATY01VG1T1       ,3.0
GF ,PNSATY05VG1TU       ,4.0
GF ,ZNT62-QUW           ,-1.0
GF ,T62-QQUW            ,1.0
GF ,5EXW                ,0.0
GF ,COROLLACROSSXC      ,0.0
GF ,CLA250RUT           ,0.0
GF ,ANW-01955EXW        ,0.0
GF ,PNS-F0835           ,1.0
GF ,BMWVVXTA1E2         ,0.0
GF ,NO2062FR            ,0.0
GF ,12MAUCHFMT          ,-1.0
GF ,16HRVTA1E2          ,1.0
GF ,16TUCSONTA1E2       ,1.0
GF ,TOWNACETA1E2        ,1.0
GF ,S5RU7TA1E2          ,1.0
GF ,GS125D31L2Q         ,0.0
GF ,9652FR              ,1.0
GF ,VBDRWCX             ,2.0
GF ,SF0015              ,5.0
GF ,5ED2R               ,-1.0
GF ,T1GUVTRXFF          ,1.0
GF ,VAXMG1              ,0.0
GF ,9012LED28W          ,1.0
GF ,PNSHDF44            ,1.0
GF ,12VACGRU            ,0.0
GF ,8391-M8EB5          ,0.0
GF ,Q89012NNLED         ,1.0
GF ,J00358              ,1.0
GF ,0760-T9XW2J         ,0.0
GF ,AZE-7328EZR         ,0.0
GF ,AZE-7328XFHX        ,0.0
GF ,AZE-7328XA          ,0.0
GF ,AZE-7328XFFV        ,0.0
GF ,T5EY                ,-1.0
GF ,ZGR2F               ,-1.0
GF ,CT01NXCMR           ,5.0
GF ,PEAKGVR             ,6.0
GF ,MT600GJT2R          ,1.0
GF ,FTF25U              ,0.0
GF ,PNS-MS001           ,1.0
GF ,NRCNCW2             ,-5.0
GF ,1VNAY               ,1.0
GF ,PNSNS001            ,2.0
GF ,2014EAXFMT          ,0.0
GF ,PNSSCUP12           ,1.0
GF ,06EAX2+32105R       ,0.0
GF ,T1GUVTRXFVW         ,0.0
GF ,COROLLACORSSDFV     ,2.0
GF ,COROLLACROSSU2      ,2.0
GF ,14YARISDFV          ,2.0
GF ,08ALTISQGWYT        ,0.0
GF ,08WISHA1E           ,0.0
GF ,1GW117FXXQ          ,-1.0
GF ,1GW117FWQ           ,0.0
GF ,1GW117FE5V          ,-1.0
GF ,1GW117XXQEY         ,1.0
GF ,JS033152            ,-1.0
GF ,832YW               ,-20.0
GF ,H112HEJW            ,1.0
GF ,AYJ-7187YQU         ,0.0
GF ,FIESTAFMT4Q         ,1.0
GF ,12EAXFM4Q           ,-1.0
GF ,5338-M3EB5          ,0.0
GF ,5Y5T1CVU15A         ,0.0
GF ,C1-67V1UF           ,2.0
GF ,13HXE               ,-1.0
GF ,H152Q               ,-1.0
GF ,20PORTER            ,0.0
GF ,2020ALTIS5MW2       ,1.0
GF ,1GW117CXXQ          ,0.0
GF ,1GW117C2Q           ,0.0
GF ,1GW117CE5V          ,0.0
GF ,1G117CXXQ05EY       ,0.0
GF ,J00344CMG           ,-1.0
GF ,E00550              ,2.0
GF ,E00726              ,1.0
GF ,E00727              ,1.0
GF ,E00728              ,1.0
GF ,H00281              ,2.0
GF ,2ZTERIOSQUW         ,0.0
GF ,PNSHDF42            ,1.0
GF ,H3CVY               ,0.0
GF ,06YARISCXXQ         ,0.0
GF ,06YARISFXXQ         ,0.0
GF ,06YARISCGTZ1        ,0.0
GF ,06YARISCYGTZ1       ,0.0
GF ,12VAXXQ             ,0.0
GF ,GN-091-W0F2         ,-1.0
GF ,SIENTAJ1G           ,0.0
GF ,ABTE102YJVDFFRR     ,1.0
GF ,19ALTIS8C05R        ,0.0
GF ,7905D               ,1.0
GF ,NV5RW               ,-1.0
GF ,FCOUS2Q             ,0.0
GF ,09M7C2E             ,0.0
GF ,04EAXFMT2Q          ,0.0
GF ,R48JE               ,-1.0
GF ,08ALTISUC2S1        ,0.0
GF ,0769-T9F1EDF        ,0.0
GF ,CR1632              ,20.0
GF ,ZW2Y                ,-1.0
GF ,08GOLF10055R        ,0.0
GF ,9012OSRAM2Q         ,10.0
GF ,CROSS4QFMT          ,0.0
GF ,VUXXQ               ,0.0
GF ,AVA7H055R           ,0.0
GF ,SIENTA054+645R      ,0.0
GF ,2020RAV4FMTNQ       ,-1.0
GF ,97EAXFMT            ,-1.0
GF ,07CRV4+645R         ,0.0
GF ,REDGD1005           ,0.0
GF ,COWD2T              ,0.0
GF ,RY-GT2225           ,1.0
GF ,CBP01               ,2.0
GF ,RDTV3               ,6.0
GF ,CO2M-B              ,9.0
GF ,REYU836             ,3.0
GF ,YARISCROSS055R4+64  ,0.0
GF ,8891-AEUX1          ,0.0
GF ,SOLIOCXXQ           ,0.0
GF ,SOLIOCGTV           ,0.0
GF ,BEQ-7162XXQ05EY     ,3.0
GF ,LIVINARC2D          ,0.0
GF ,C00433              ,2.0
GF ,C00436              ,0.0
GF ,D00316              ,6.0
GF ,D00501R             ,0.0
GF ,E00472              ,0.0
GF ,E00482              ,3.0
GF ,E00621              ,4.0
GF ,E00678              ,0.0
GF ,E00679              ,2.0
GF ,E00871              ,3.0
GF ,E00895              ,3.0
GF ,E00928              ,0.0
GF ,E00931              ,4.0
GF ,E00969              ,3.0
GF ,E01041              ,2.0
GF ,E010999             ,0.0
GF ,E00251              ,3.0
GF ,F00368              ,2.0
GF ,F00428              ,0.0
GF ,F00533              ,0.0
GF ,F00750              ,2.0
GF ,F00838              ,2.0
GF ,F00851              ,1.0
GF ,F00855              ,3.0
GF ,F00957              ,3.0
GF ,H00234              ,4.0
GF ,H00351              ,2.0
GF ,H00574              ,6.0
GF ,H00579              ,3.0
GF ,H00630              ,2.0
GF ,H00631              ,2.0
GF ,J00359              ,3.0
GF ,K00394              ,2.0
GF ,LED0437             ,0.0
GF ,LEO547              ,2.0
GF ,LEO06950            ,3.0
GF ,LEO437              ,2.0
GF ,V52                 ,98.0
GF ,3R-2252             ,2.0
GF ,FORTIS05+CR         ,0.0
GF ,CRVNQFMT            ,1.0
GF ,EWXJ2               ,0.0
GF ,180TA1E2DZ          ,-1.0
GF ,362UTV              ,2.0
GF ,EUX1                ,-1.0
GF ,VBDSAVY5UX          ,3.0
GF ,ERHVTX              ,3.0
GF ,VBDQEJDFTR          ,3.0
GF ,09ALTISDFV          ,0.0
GF ,08ALTISCGRR         ,0.0
GF ,19ALTISDFV          ,0.0
GF ,CARDIO84+645R       ,0.0
GF ,CLARF2E             ,-1.0
GF ,H424V222Q           ,-2.0
GF ,09ALTIS1UW          ,0.0
GF ,08ALTISCGRQ         ,2.0
