wno,wdate,odate,wfacno,sltax,invnoam,tax_a,slamt2_a,slamt3_a,facno,setday,mark,stockno,note1,toacc
[車牌]7334      ,2020-08-03 00:00:00,2020-07-25 00:00:00,MFFT1C    ,外加  ,2385.0,0.05,119.0,2504.0,FAC_00040,202008.0,            ,GF ,,
CP[電話]      ,2020-08-17 00:00:00,2020-08-17 00:00:00,JG        ,外加  ,5952.0,0.05,298.0,6250.0,FAC_00036,202009.0,            ,GF ,,
[車牌]7699      ,2020-08-24 00:00:00,2020-08-24 00:00:00,ZF        ,外加  ,16370.0,0.05,819.0,17189.0,          ,,            ,GF ,,
EJ[電話]      ,2020-09-14 00:00:00,2020-09-14 00:00:00,JG        ,外加  ,10762.0,0.05,538.0,11300.0,FAC_00036,202009.0,            ,GF ,,
[車牌]2310      ,2020-09-17 00:00:00,2020-09-18 00:00:00,ZF        ,外加  ,18565.0,0.05,928.0,19493.0,          ,,            ,GF ,,
[車牌]1860      ,2020-08-22 00:00:00,2020-08-22 00:00:00,XC        ,外加  ,5810.0,0.05,291.0,6101.0,          ,,            ,GF ,,
EJ[電話]      ,2020-10-14 00:00:00,2020-10-14 00:00:00,JG        ,外加  ,3333.0,0.05,167.0,3500.0,          ,,            ,GF ,,
[車牌]2372      ,2020-10-20 00:00:00,2020-10-22 00:00:00,ZF        ,外加  ,13960.0,0.05,698.0,14658.0,FAC_00066,202010.0,            ,GF ,,
[車牌]3912      ,2020-10-29 00:00:00,2020-11-05 00:00:00,MFFT1C    ,外加  ,3660.0,0.05,183.0,3843.0,          ,,            ,GF ,,
GD[電話]      ,2020-11-17 00:00:00,2020-11-17 00:00:00,JG        ,外加  ,5000.0,0.05,250.0,5250.0,FAC_00036,202012.0,            ,GF ,,
[車牌]1411      ,2020-11-20 00:00:00,2020-11-21 00:00:00,ZF        ,外加  ,0.0,0.05,0.0,0.0,FAC_00066,202011.0,            ,GF ,,
[車牌]7495      ,2020-11-25 00:00:00,2020-11-25 00:00:00,2UFT1C    ,外加  ,5705.0,0.05,285.0,5990.0,FAC_00010,202011.0,            ,GF ,,
[車牌]7494      ,2020-11-25 00:00:00,2020-11-25 00:00:00,2UFT1C    ,外加  ,3048.0,0.05,152.0,3200.0,FAC_00010,202011.0,            ,GF ,,
GD[電話]      ,2020-12-15 00:00:00,2020-12-15 00:00:00,JG        ,外加  ,8762.0,0.05,438.0,9200.0,FAC_00036,202012.0,            ,GF ,,
[車牌]1468      ,2020-12-22 00:00:00,2020-12-22 00:00:00,ZF        ,外加  ,15985.0,0.05,799.0,16784.0,          ,,            ,GF ,,
[車牌]4191      ,2020-12-25 00:00:00,2020-12-25 00:00:00,DDFTRQ    ,外加  ,3200.0,0.05,160.0,3360.0,FAC_00027,202012.0,            ,GF ,,
JC[電話]      ,2021-01-15 00:00:00,2021-01-15 00:00:00,JG        ,外加  ,6286.0,0.05,314.0,6600.0,FAC_00036,202101.0,            ,GF ,,
[車牌]4082      ,2021-01-19 00:00:00,2021-01-19 00:00:00,XC        ,外加  ,2476.0,0.05,124.0,2600.0,FAC_00061,202101.0,            ,GF ,,
[車牌]3839      ,2021-01-19 00:00:00,2021-01-19 00:00:00,XC        ,外加  ,5905.0,0.05,295.0,6200.0,          ,,            ,GF ,,
[車牌]3961      ,2021-01-20 00:00:00,2021-01-20 00:00:00,ZF        ,外加  ,13940.0,0.05,697.0,14637.0,FAC_00066,202101.0,            ,GF ,,
[車牌]1085      ,2021-01-26 00:00:00,2021-01-26 00:00:00,MFFT1C    ,外加  ,1890.0,0.05,95.0,1985.0,FAC_00040,202102.0,            ,GF ,,
[車牌]1086      ,2021-02-02 00:00:00,2021-01-26 00:00:00,MFFT1C    ,外加  ,1743.0,0.05,87.0,1830.0,FAC_00040,202102.0,            ,GF ,,
[車牌]3819      ,2021-01-29 00:00:00,2021-01-29 00:00:00,2UFT1C    ,外加  ,3219.0,0.05,161.0,3380.0,FAC_00010,202102.0,            ,GF ,,
JC[電話]      ,2021-02-06 00:00:00,2021-02-06 00:00:00,JG        ,外加  ,0.0,0.05,0.0,0.0,FAC_00036,202102.0,            ,GF ,,
[車牌]4402      ,2021-02-24 00:00:00,2021-02-24 00:00:00,ZF        ,外加  ,20250.0,0.05,1013.0,21263.0,FAC_00066,202102.0,            ,GF ,,
[車牌]0280      ,2021-02-18 00:00:00,2021-02-18 00:00:00,X2T       ,外加  ,3710.0,0.05,186.0,3896.0,FAC_00060,202102.0,            ,GF ,,
KX[電話]      ,2021-03-15 00:00:00,2021-03-15 00:00:00,JG        ,外加  ,5333.0,0.05,267.0,5600.0,FAC_00036,202103.0,            ,GF ,,
[車牌]8666      ,2021-03-22 00:00:00,2021-03-22 00:00:00,ZF        ,外加  ,25680.0,0.05,1284.0,26964.0,FAC_00066,202103.0,            ,GF ,,
[車牌]1647      ,2021-03-31 00:00:00,2021-03-31 00:00:00,2UFT1C    ,外加  ,8066.0,0.05,403.0,8469.0,FAC_00010,202104.0,            ,GF ,,
KX[電話]      ,2021-04-15 00:00:00,2021-04-15 00:00:00,JG        ,外加  ,5249.0,0.05,262.0,5511.0,FAC_00036,202104.0,            ,GF ,,
[車牌]8730      ,2021-04-24 00:00:00,2021-04-24 00:00:00,ZF        ,外加  ,4705.0,0.05,235.0,4940.0,FAC_00066,202104.0,            ,GF ,,
[車牌]2686      ,2021-04-26 00:00:00,2021-04-26 00:00:00,2UFT1C    ,外加  ,1267.0,0.05,63.0,1330.0,          ,,            ,GF ,,
MS[電話]      ,2021-05-17 00:00:00,2021-05-17 00:00:00,JG        ,外加  ,1667.0,0.05,83.0,1750.0,FAC_00036,202106.0,            ,GF ,,
[車牌]8019      ,2021-05-24 00:00:00,2021-05-24 00:00:00,ZF        ,外加  ,7020.0,0.05,351.0,7371.0,FAC_00066,202105.0,            ,GF ,,
[車牌]6028      ,2021-06-02 00:00:00,2021-06-02 00:00:00,X2T       ,外加  ,1050.0,0.05,53.0,1103.0,FAC_00060,202106.0,            ,GF ,,
[車牌]8351      ,2021-05-19 00:00:00,2021-05-19 00:00:00,CMFUG     ,外加  ,1240.0,0.05,62.0,1302.0,FAC_00019,202105.0,            ,GF ,,
MS[電話]      ,2021-06-15 00:00:00,2021-06-15 00:00:00,JG        ,外加  ,6238.0,0.05,312.0,6550.0,FAC_00036,202106.0,            ,GF ,,
[車牌]101       ,2021-05-31 00:00:00,2021-05-31 00:00:00,ZF        ,外加  ,15460.0,0.05,773.0,16233.0,FAC_00066,202106.0,            ,GF ,,
PM[電話]      ,2021-07-15 00:00:00,2021-07-22 00:00:00,JG        ,外加  ,8143.0,0.05,407.0,8550.0,          ,,            ,GF ,,
[車牌]8469      ,2021-07-20 00:00:00,2021-07-20 00:00:00,ZF        ,外加  ,12310.0,0.05,616.0,12926.0,FAC_00066,202107.0,            ,GF ,,
[車牌]7277      ,2021-07-27 00:00:00,2021-07-27 00:00:00,2UFT1C    ,外加  ,10438.0,0.05,522.0,10960.0,FAC_00010,202108.0,            ,GF ,,
[車牌]3763      ,2021-07-20 00:00:00,2021-07-20 00:00:00,X2T       ,外加  ,3138.0,0.05,157.0,3295.0,FAC_00060,202107.0,            ,GF ,,
PM[電話]      ,2021-08-16 00:00:00,2021-08-16 00:00:00,JG        ,外加  ,11048.0,0.05,552.0,11600.0,FAC_00036,202108.0,            ,GF ,,
PM4[電話]      ,2021-08-17 00:00:00,2021-08-17 00:00:00,CMFUG     ,外加  ,5770.0,0.05,289.0,6059.0,FAC_00019,202108.0,            ,GF ,,
[車牌]8515      ,2021-08-20 00:00:00,2021-08-20 00:00:00,ZF        ,外加  ,0.0,0.05,0.0,0.0,FAC_00066,202108.0,            ,GF ,,
[車牌]8019      ,2021-08-27 00:00:00,2021-08-27 00:00:00,2UFT1C    ,外加  ,2019.0,0.05,101.0,2120.0,FAC_00010,202109.0,            ,GF ,,
[車牌]3057      ,2021-08-05 00:00:00,2021-08-05 00:00:00,2MFT1C    ,外加  ,11429.0,0.05,571.0,12000.0,FAC_00004,202108.0,            ,GF ,,
[車牌]3776      ,2021-08-19 00:00:00,2021-08-19 00:00:00,X2T       ,外加  ,3700.0,0.05,185.0,3885.0,FAC_00060,202108.0,            ,GF ,,
[車牌]3011      ,2021-09-03 00:00:00,2021-09-03 00:00:00,MFFT1C    ,外加  ,3840.0,0.05,192.0,4032.0,FAC_00040,202109.0,            ,GF ,,
RG[電話]      ,2021-09-15 00:00:00,2021-09-15 00:00:00,JG        ,外加  ,3667.0,0.05,183.0,3850.0,FAC_00036,202109.0,            ,GF ,,
[車牌]7623      ,2021-09-24 00:00:00,2021-09-24 00:00:00,ZF        ,外加  ,8220.0,0.05,411.0,8631.0,FAC_00066,202109.0,            ,GF ,,
RG[電話]      ,2021-10-05 00:00:00,2021-10-05 00:00:00,XUDRUVEN  ,外加  ,2760.0,0.05,138.0,2898.0,FAC_00063,202110.0,            ,GF ,,
RG4[電話]      ,2021-09-08 00:00:00,2021-09-08 00:00:00,CMFUG     ,外加  ,4280.0,0.05,214.0,4494.0,FAC_00019,202109.0,            ,GF ,,
RG[電話]      ,2021-10-15 00:00:00,2021-10-15 00:00:00,JG        ,外加  ,7333.0,0.05,367.0,7700.0,FAC_00036,202110.0,            ,GF ,,
[車牌]7653      ,2021-10-21 00:00:00,2021-10-21 00:00:00,ZF        ,外加  ,19430.0,0.05,972.0,20402.0,FAC_00066,202110.0,            ,GF ,,
TB[電話]      ,2021-11-15 00:00:00,2021-11-15 00:00:00,JG        ,外加  ,5143.0,0.05,257.0,5400.0,FAC_00036,202111.0,            ,GF ,,
[車牌]2417      ,2021-11-20 00:00:00,2021-11-20 00:00:00,ZF        ,外加  ,22615.0,0.05,1131.0,23746.0,FAC_00066,202111.0,            ,GF ,,
RG4[電話]      ,2021-10-30 00:00:00,2021-10-30 00:00:00,CMFUG     ,外加  ,2200.0,0.05,110.0,2310.0,FAC_00019,202111.0,            ,GF ,,
[車牌]4036      ,2021-11-26 00:00:00,2021-11-26 00:00:00,2UFT1C    ,外加  ,1952.0,0.05,98.0,2050.0,FAC_00010,202112.0,            ,GF ,,
[車牌]8262      ,2021-11-11 00:00:00,2021-11-11 00:00:00,DDFTRQ    ,外加  ,4650.0,0.05,233.0,4883.0,FAC_00027,202111.0,            ,GF ,,
[車牌]1510      ,2021-11-15 00:00:00,2021-11-15 00:00:00,X2T       ,外加  ,4225.0,0.05,211.0,4436.0,FAC_00060,202111.0,            ,GF ,,
TB4[電話]      ,2021-11-26 00:00:00,2021-11-26 00:00:00,CMFUG     ,外加  ,2300.0,0.05,115.0,2415.0,FAC_00019,202111.0,            ,GF ,,
TB[電話]      ,2021-12-15 00:00:00,2021-12-15 00:00:00,JG        ,外加  ,0.0,0.05,0.0,0.0,FAC_00036,202112.0,            ,GF ,,
[車牌]2468      ,2021-12-20 00:00:00,2021-12-20 00:00:00,ZF        ,外加  ,16828.0,0.05,841.0,17669.0,FAC_00066,202112.0,            ,GF ,,
TB[電話]      ,2021-12-24 00:00:00,2021-12-24 00:00:00,XUDRUVEN  ,外加  ,703.0,0.05,35.0,738.0,FAC_00063,202112.0,            ,GF ,,
[車牌]4386      ,2021-12-30 00:00:00,2021-12-30 00:00:00,CRAU      ,外加  ,2250.0,0.05,113.0,2363.0,FAC_00021,202112.0,            ,GF ,,
[車牌]1530      ,2021-12-20 00:00:00,2021-12-20 00:00:00,X2T       ,外加  ,3356.0,0.05,168.0,3524.0,FAC_00060,202112.0,            ,GF ,,
[車牌]4860      ,2021-12-30 00:00:00,2021-12-30 00:00:00,2UFT1C    ,外加  ,3142.0,0.05,157.0,3299.0,FAC_00010,202201.0,            ,GF ,,
[車牌]4861      ,2021-12-30 00:00:00,2021-12-30 00:00:00,2UFT1C    ,外加  ,3571.0,0.05,179.0,3750.0,FAC_00010,202201.0,            ,GF ,,
TB4[電話]      ,2021-12-27 00:00:00,2021-12-27 00:00:00,CMFUG     ,外加  ,10150.0,0.05,508.0,10658.0,FAC_00019,202201.0,            ,GF ,,
VK[電話]      ,2022-01-11 00:00:00,2022-01-11 00:00:00,XUDRUVEN  ,外加  ,1066.0,0.05,53.0,1119.0,FAC_00063,202201.0,            ,GF ,,
VK[電話]      ,2022-01-15 00:00:00,2022-01-15 00:00:00,JG        ,外加  ,5429.0,0.05,271.0,5700.0,FAC_00036,202201.0,            ,GF ,,
[車牌]8111      ,2022-01-20 00:00:00,2022-01-20 00:00:00,ZF        ,外加  ,11345.0,0.05,567.0,11912.0,FAC_00066,202201.0,            ,GF ,,
[車牌]8814      ,2022-01-20 00:00:00,2022-01-20 00:00:00,MFFT1C    ,外加  ,1670.0,0.05,84.0,1754.0,FAC_00040,202201.0,            ,GF ,,
[車牌]8156      ,2022-02-17 00:00:00,2022-02-17 00:00:00,ZF        ,外加  ,12690.0,0.05,635.0,13325.0,FAC_00066,202202.0,            ,GF ,,
VK4[電話]      ,2022-01-25 00:00:00,2022-01-25 00:00:00,CMFUG     ,外加  ,6375.0,0.05,319.0,6694.0,FAC_00019,202201.0,            ,GF ,,
[車牌]0611      ,2022-03-24 00:00:00,2022-03-24 00:00:00,ZF        ,外加  ,0.0,0.05,0.0,0.0,FAC_00066,202203.0,            ,GF ,,
[車牌]5529      ,2022-03-30 00:00:00,2022-03-30 00:00:00,2UFT1C    ,外加  ,3810.0,0.05,191.0,4001.0,FAC_00010,202204.0,            ,GF ,,
[車牌]5530      ,2022-03-30 00:00:00,2022-03-30 00:00:00,2UFT1C    ,外加  ,6190.0,0.05,310.0,6500.0,FAC_00010,202204.0,            ,GF ,,
XM4[電話]      ,2022-03-31 00:00:00,2022-03-31 00:00:00,CMFUG     ,外加  ,5585.0,0.05,279.0,5864.0,FAC_00019,202204.0,            ,GF ,,
XM[電話]      ,2022-04-15 00:00:00,2022-04-15 00:00:00,JG        ,外加  ,3429.0,0.05,171.0,3600.0,FAC_00036,202204.0,            ,GF ,,
[車牌]0646      ,2022-04-19 00:00:00,2022-04-19 00:00:00,2UFT1C    ,外加  ,6110.0,0.05,306.0,6416.0,FAC_00010,202204.0,            ,GF ,,
[車牌]5660      ,2022-03-26 00:00:00,2022-03-26 00:00:00,2MFT1C    ,外加  ,11429.0,0.05,571.0,12000.0,FAC_00004,202204.0,            ,GF ,,
[車牌]0520      ,2022-04-19 00:00:00,2022-04-19 00:00:00,X2T       ,外加  ,4285.0,0.05,214.0,4499.0,FAC_00060,202204.0,            ,GF ,,
[車牌]6365      ,2022-04-27 00:00:00,2022-04-27 00:00:00,2UFT1C    ,外加  ,5276.0,0.05,264.0,5540.0,FAC_00010,202205.0,            ,GF ,,
XM4[電話]      ,2022-04-30 00:00:00,2022-04-30 00:00:00,CMFUG     ,外加  ,1700.0,0.05,85.0,1785.0,FAC_00019,202205.0,            ,GF ,,
ZP[電話]      ,2022-05-16 00:00:00,2022-05-16 00:00:00,JG        ,外加  ,1667.0,0.05,83.0,1750.0,FAC_00036,202205.0,            ,GF ,,
[車牌]3661      ,2022-05-24 00:00:00,2022-05-24 00:00:00,ZF        ,外加  ,4970.0,0.05,249.0,5219.0,FAC_00066,202205.0,            ,GF ,,
[車牌]1008      ,2022-06-01 00:00:00,2022-06-01 00:00:00,MFFT1C    ,外加  ,5040.0,0.05,252.0,5292.0,FAC_00040,202206.0,            ,GF ,,
[車牌]3253      ,2022-05-12 00:00:00,2022-05-12 00:00:00,X2T       ,外加  ,7630.0,0.05,382.0,8012.0,          ,,            ,GF ,,
ZP[電話]      ,2022-06-15 00:00:00,2022-06-15 00:00:00,JG        ,外加  ,5143.0,0.05,257.0,5400.0,FAC_00036,202206.0,            ,GF ,,
ZP4[電話]      ,2022-06-16 00:00:00,2022-06-16 00:00:00,CMFUG     ,外加  ,8395.0,0.05,420.0,8815.0,FAC_00019,202206.0,            ,GF ,,
[車牌]3701      ,2022-06-22 00:00:00,2022-06-22 00:00:00,ZF        ,外加  ,17660.0,0.05,883.0,18543.0,FAC_00066,202206.0,            ,GF ,,
[車牌]6744      ,2022-06-28 00:00:00,2022-06-28 00:00:00,2UFT1C    ,外加  ,1142.0,0.05,57.0,1199.0,FAC_00010,202207.0,            ,GF ,,
ZP4[電話]      ,2022-06-21 00:00:00,2022-07-21 00:00:00,CMFUG     ,外加  ,6320.0,0.05,316.0,6636.0,FAC_00019,202206.0,            ,GF ,,
[車牌]6511      ,2022-07-05 00:00:00,2022-07-05 00:00:00,MFFT1C    ,外加  ,970.0,0.05,49.0,1019.0,FAC_00040,202207.0,            ,GF ,,
BS[電話]      ,2022-07-15 00:00:00,2022-07-15 00:00:00,JG        ,外加  ,0.0,0.05,0.0,0.0,FAC_00036,202207.0,            ,GF ,,
[車牌]3508      ,2022-07-20 00:00:00,2022-07-20 00:00:00,ZF        ,外加  ,11930.0,0.05,597.0,12527.0,FAC_00066,202207.0,            ,GF ,,
[車牌]4026      ,2022-07-28 00:00:00,2029-03-28 00:00:00,FMGUUVEN  ,外加  ,0.0,0.05,0.0,0.0,FAC_00031,202207.0,            ,GF ,,
[車牌]2541      ,2022-07-22 00:00:00,2022-07-22 00:00:00,DDFTRQ    ,外加  ,3850.0,0.05,193.0,4043.0,FAC_00027,202207.0,            ,GF ,,
BS4[電話]      ,2022-07-28 00:00:00,2022-07-28 00:00:00,CMFUG     ,外加  ,2900.0,0.05,145.0,3045.0,FAC_00019,202207.0,            ,GF ,,
BS[電話]      ,2022-08-15 00:00:00,2022-08-15 00:00:00,JG        ,外加  ,10143.0,0.05,507.0,10650.0,FAC_00036,202208.0,            ,GF ,,
BS[電話]      ,2022-08-15 00:00:00,2022-08-15 00:00:00,XUDRUVEN  ,外加  ,1820.0,0.05,91.0,1911.0,FAC_00063,202208.0,            ,GF ,,
[車牌]3554      ,2022-08-22 00:00:00,2022-08-22 00:00:00,ZF        ,外加  ,21120.0,0.05,1056.0,22176.0,FAC_00066,202208.0,            ,GF ,,
[車牌]8531      ,2022-09-13 00:00:00,2022-09-13 00:00:00,MFFT1C    ,外加  ,1670.0,0.05,84.0,1754.0,FAC_00040,202209.0,            ,GF ,,
DU[電話]      ,2022-09-15 00:00:00,2022-09-15 00:00:00,JG        ,外加  ,1667.0,0.05,83.0,1750.0,FAC_00036,202209.0,            ,GF ,,
BS4[電話]      ,2022-09-16 00:00:00,2022-09-16 00:00:00,CMFUG     ,外加  ,500.0,0.05,25.0,525.0,FAC_00019,202209.0,            ,GF ,,
[車牌]5406      ,2022-09-20 00:00:00,2022-09-20 00:00:00,ZF        ,外加  ,3040.0,0.05,152.0,3192.0,FAC_00066,202209.0,            ,GF ,,
DU4[電話]      ,2022-09-30 00:00:00,2022-09-30 00:00:00,CMFUG     ,外加  ,775.0,0.05,39.0,814.0,FAC_00019,202209.0,            ,GF ,,
DU[電話]      ,2022-10-15 00:00:00,2022-10-15 00:00:00,JG        ,外加  ,3857.0,0.05,193.0,4050.0,FAC_00036,202210.0,            ,GF ,,
[車牌]5447      ,2022-10-24 00:00:00,2022-10-24 00:00:00,ZF        ,外加  ,20330.0,0.05,1017.0,21347.0,FAC_00066,202210.0,            ,GF ,,
[車牌]2294      ,2022-10-27 00:00:00,2022-10-27 00:00:00,2UFT1C    ,外加  ,2342.0,0.05,117.0,2459.0,FAC_00010,202211.0,            ,GF ,,
DU4[電話]      ,2022-09-27 00:00:00,2022-10-27 00:00:00,CMFUG     ,外加  ,1600.0,0.05,80.0,1680.0,FAC_00019,202209.0,            ,GF ,,
FW[電話]      ,2022-11-15 00:00:00,2022-11-15 00:00:00,JG        ,外加  ,0.0,0.05,0.0,0.0,FAC_00036,202211.0,            ,GF ,,
[車牌]7908      ,2022-11-23 00:00:00,2022-11-23 00:00:00,ZF        ,外加  ,7105.0,0.05,355.0,7460.0,FAC_00066,202211.0,            ,GF ,,
[車牌]7751      ,2022-11-26 00:00:00,2022-11-26 00:00:00,MFFT1C    ,外加  ,7410.0,0.05,371.0,7781.0,FAC_00040,202212.0,            ,GF ,,
[車牌]4780      ,2022-11-22 00:00:00,2022-12-22 00:00:00,X2T       ,外加  ,,0.05,0.0,,FAC_00060,202211.0,            ,GF ,,
FW[電話]      ,2022-12-15 00:00:00,2022-12-15 00:00:00,JG        ,外加  ,6160.0,0.05,308.0,6468.0,FAC_00036,202212.0,            ,GF ,,
[車牌]7947      ,2022-12-21 00:00:00,2022-12-21 00:00:00,ZF        ,外加  ,0.0,0.05,0.0,0.0,FAC_00066,202212.0,            ,GF ,,
FW4[電話]      ,2022-12-29 00:00:00,2022-12-29 00:00:00,CMFUG     ,外加  ,3500.0,0.05,175.0,3675.0,FAC_00019,202212.0,            ,GF ,,
HY[電話]      ,2023-01-10 00:00:00,2023-01-10 00:00:00,JG        ,外加  ,7327.0,0.05,366.0,7693.0,FAC_00036,202301.0,            ,GF ,,
[車牌]2817      ,2023-01-16 00:00:00,2023-01-16 00:00:00,MFFT1C    ,外加  ,3700.0,0.05,185.0,3885.0,FAC_00040,202301.0,            ,GF ,,
[車牌]2021      ,2023-01-24 00:00:00,2023-01-24 00:00:00,ZF        ,外加  ,26135.0,0.05,1307.0,27442.0,FAC_00066,202301.0,            ,GF ,,
[車牌]6515      ,2023-01-04 00:00:00,2023-01-04 00:00:00,DDFTRQ    ,外加  ,3667.0,0.05,183.0,3850.0,FAC_00027,202301.0,            ,GF ,,
[車牌]8307      ,2023-01-31 00:00:00,2023-01-31 00:00:00,2UFT1C    ,外加  ,1380.0,0.05,69.0,1449.0,FAC_00010,202302.0,            ,GF ,,
[車牌]2107      ,2023-02-20 00:00:00,2023-02-20 00:00:00,ZF        ,外加  ,4900.0,0.05,245.0,5145.0,FAC_00066,202302.0,            ,GF ,,
KY[電話]      ,2023-03-03 00:00:00,2023-03-03 00:00:00,XUDRUVEN  ,外加  ,2709.0,0.05,135.0,2844.0,FAC_00063,202303.0,            ,GF ,,
HY4[電話]      ,2023-02-25 00:00:00,2023-02-25 00:00:00,CMFUG     ,外加  ,6350.0,0.05,318.0,6668.0,FAC_00019,202302.0,            ,GF ,,
KY[電話]      ,2023-03-15 00:00:00,2023-03-15 00:00:00,JG        ,外加  ,6860.0,0.05,343.0,7203.0,FAC_00036,202303.0,            ,GF ,,
[車牌]2166      ,2023-03-20 00:00:00,2023-03-20 00:00:00,ZF        ,外加  ,19210.0,0.05,961.0,20171.0,FAC_00066,202303.0,            ,GF ,,
[車牌]9863      ,2023-03-23 00:00:00,2023-03-23 00:00:00,XC        ,外加  ,2095.0,0.05,105.0,2200.0,FAC_00061,202303.0,            ,GF ,,
KY4[電話]      ,2023-03-31 00:00:00,2023-03-31 00:00:00,CMFUG     ,外加  ,3450.0,0.05,173.0,3623.0,FAC_00019,202303.0,            ,GF ,,
[車牌]7705      ,2023-04-26 00:00:00,2023-04-26 00:00:00,2UFT1C    ,外加  ,210.0,0.05,11.0,221.0,FAC_00010,202305.0,            ,GF ,,
[車牌]991       ,2023-04-30 00:00:00,2023-04-30 00:00:00,CMFUG     ,外加  ,3700.0,0.05,185.0,3885.0,FAC_00019,202304.0,            ,GF ,,
[車牌]2295      ,2023-04-24 00:00:00,2023-04-24 00:00:00,ZF        ,外加  ,28585.0,0.05,1429.0,30014.0,FAC_00066,202304.0,            ,GF ,,
MY[電話]      ,2023-05-15 00:00:00,2023-05-15 00:00:00,JG        ,外加  ,4760.0,0.05,238.0,4998.0,FAC_00036,202305.0,            ,GF ,,
[車牌]4364      ,2023-05-19 00:00:00,2023-05-19 00:00:00,ZF        ,外加  ,11260.0,0.05,563.0,11823.0,FAC_00066,202305.0,            ,GF ,,
[車牌]8107      ,2023-05-22 00:00:00,2023-05-22 00:00:00,XC        ,外加  ,2762.0,0.05,138.0,2900.0,FAC_00061,202305.0,            ,GF ,,
[車牌]9952      ,2023-05-30 00:00:00,2023-05-30 00:00:00,2MFT1C    ,外加  ,11429.0,0.05,571.0,12000.0,FAC_00004,202306.0,            ,GF ,,
[車牌]1772      ,2023-05-19 00:00:00,2023-05-19 00:00:00,X2T       ,外加  ,8980.0,0.05,449.0,9429.0,FAC_00060,202305.0,            ,GF ,,
MY4[電話]      ,2023-05-31 00:00:00,2023-05-31 00:00:00,CMFUG     ,外加  ,11640.0,0.05,582.0,12222.0,FAC_00019,202305.0,            ,GF ,,
MY[電話]      ,2023-06-27 00:00:00,2023-06-27 00:00:00,XUDRUVEN  ,外加  ,,0.05,0.0,,FAC_00063,202306.0,            ,GF ,,
[車牌]7081      ,2023-06-28 00:00:00,2023-06-28 00:00:00,2UFT1C    ,外加  ,11895.0,0.05,595.0,12490.0,FAC_00010,202307.0,            ,GF ,,
[車牌]4507      ,2023-06-26 00:00:00,2023-06-26 00:00:00,ZF        ,外加  ,13465.0,0.05,673.0,14138.0,FAC_00066,202307.0,            ,GF ,,
PY[電話]      ,2023-07-15 00:00:00,2023-07-15 00:00:00,JG        ,外加  ,8680.0,0.05,434.0,9114.0,FAC_00036,202307.0,            ,GF ,,
[車牌]2264      ,2023-08-03 00:00:00,2023-08-03 00:00:00,MFFT1C    ,外加  ,5280.0,0.05,264.0,5544.0,FAC_00040,202308.0,進貨開出發票      ,GF ,,
PY4[電話]      ,2023-07-31 00:00:00,2023-07-31 00:00:00,CMFUG     ,外加  ,7350.0,0.05,368.0,7718.0,FAC_00019,202307.0,            ,GF ,,
[車牌]9817      ,2023-08-07 00:00:00,2023-07-25 00:00:00,ZF        ,外加  ,10210.0,0.05,511.0,10721.0,FAC_00066,202308.0,進貨開出發票      ,GF ,,
[車牌]9867      ,2023-08-23 00:00:00,2023-08-23 00:00:00,ZF        ,外加  ,10210.0,0.05,511.0,10721.0,FAC_00066,202308.0,            ,GF ,,
PY4[電話]      ,2023-08-31 00:00:00,2023-08-31 00:00:00,CMFUG     ,外加  ,2650.0,0.05,133.0,2783.0,FAC_00019,202308.0,            ,GF ,,
[車牌]5964      ,2023-08-04 00:00:00,2023-08-04 00:00:00,DDFTRQ    ,外加  ,4429.0,0.05,221.0,4650.0,FAC_00027,202308.0,            ,GF ,,
RY[電話]      ,2023-09-14 00:00:00,2023-09-14 00:00:00,JG        ,外加  ,0.0,0.05,0.0,0.0,FAC_00036,202309.0,            ,GF ,,
[車牌]5724      ,2023-09-24 00:00:00,2023-09-24 00:00:00,ZF        ,外加  ,17500.0,0.05,875.0,18375.0,FAC_00066,202309.0,            ,GF ,,
RY4[電話]      ,2023-09-29 00:00:00,2023-09-29 00:00:00,CMFUG     ,外加  ,600.0,0.05,30.0,630.0,FAC_00019,202309.0,            ,GF ,,
RY[電話]      ,2023-10-13 00:00:00,2023-10-13 00:00:00,JG        ,外加  ,6113.0,0.05,306.0,6419.0,FAC_00036,202310.0,            ,GF ,,
[車牌]5871      ,2023-10-24 00:00:00,2023-10-24 00:00:00,ZF        ,外加  ,0.0,0.05,0.0,0.0,FAC_00066,202310.0,            ,GF ,,
RY4[電話]      ,2023-11-03 00:00:00,2023-11-03 00:00:00,CMFUG     ,外加  ,2750.0,0.05,138.0,2888.0,FAC_00019,202311.0,            ,GF ,,
TY[電話]      ,2023-11-16 00:00:00,2023-11-16 00:00:00,JG        ,外加  ,9800.0,0.05,490.0,10290.0,FAC_00036,202311.0,            ,GF ,,
[車牌]8225      ,2023-11-23 00:00:00,2023-11-23 00:00:00,ZF        ,外加  ,3570.0,0.05,179.0,3749.0,FAC_00066,202311.0,            ,GF ,,
TY[電話]      ,2023-12-14 00:00:00,2023-12-14 00:00:00,JG        ,外加  ,0.0,0.05,0.0,0.0,FAC_00036,202312.0,            ,GF ,,
[車牌]8382      ,2023-12-27 00:00:00,2023-12-27 00:00:00,ZF        ,外加  ,25630.0,0.05,1282.0,26912.0,FAC_00066,202401.0,            ,GF ,,
[車牌]4240      ,2023-12-28 00:00:00,2023-12-28 00:00:00,2UFT1C    ,外加  ,2190.0,0.05,110.0,2300.0,FAC_00010,202401.0,            ,GF ,,
[車牌]4239      ,2023-12-28 00:00:00,2023-12-28 00:00:00,2UFT1C    ,外加  ,4743.0,0.05,237.0,4980.0,FAC_00010,202401.0,            ,GF ,,
VY[電話]      ,2024-01-15 00:00:00,2024-01-15 00:00:00,JG        ,外加  ,3333.0,0.05,167.0,3500.0,FAC_00036,202401.0,            ,GF ,,
[車牌]4624      ,2024-01-22 00:00:00,2024-01-22 00:00:00,ZF        ,外加  ,4600.0,0.05,230.0,4830.0,FAC_00066,202401.0,            ,GF ,,
[車牌]5768      ,2024-01-26 00:00:00,2023-11-26 00:00:00,2UFT1C    ,外加  ,7591.0,0.05,380.0,7971.0,FAC_00010,202402.0,            ,GF ,,
VY[電話]      ,2024-02-05 00:00:00,2024-02-05 00:00:00,JG        ,外加  ,19227.0,0.05,961.0,20188.0,FAC_00036,202402.0,            ,GF ,,
[車牌]4773      ,2024-02-22 00:00:00,2024-02-22 00:00:00,ZF        ,外加  ,23800.0,0.05,1190.0,24990.0,FAC_00066,202402.0,            ,GF ,,
[車牌]6056      ,2024-02-02 00:00:00,2024-02-02 00:00:00,2MFT1C    ,外加  ,11429.0,0.05,571.0,12000.0,FAC_00004,202402.0,            ,GF ,,
XX[電話]      ,2024-03-12 00:00:00,2024-03-12 00:00:00,XUDRUVEN  ,外加  ,1750.0,0.05,88.0,1838.0,FAC_00063,202403.0,進貨開出發票      ,GF ,,
[車牌]2885      ,2024-03-27 00:00:00,2024-03-28 00:00:00,MFFT1C    ,外加  ,4240.0,0.05,212.0,4452.0,FAC_00040,202404.0,進貨開出發票      ,GF ,,
[車牌]1698      ,2024-02-27 00:00:00,2024-03-28 00:00:00,2UFT1C    ,外加  ,450.0,0.05,23.0,473.0,FAC_00010,202403.0,進貨開出發票      ,GF ,,
XX4[電話]      ,2024-03-11 00:00:00,2024-04-11 00:00:00,CMFUG     ,外加  ,1840.0,0.05,92.0,1932.0,FAC_00019,202403.0,            ,GF ,,
[車牌]8838      ,2024-04-09 00:00:00,2024-04-09 00:00:00,ZF        ,外加  ,16380.0,0.05,819.0,17199.0,FAC_00066,202404.0,            ,GF ,,
XX1[電話]      ,2024-04-15 00:00:00,2024-04-15 00:00:00,JG        ,外加  ,8167.0,0.05,408.0,8575.0,FAC_00036,202404.0,            ,GF ,,
[車牌]8908      ,2024-04-22 00:00:00,2024-04-22 00:00:00,ZF        ,外加  ,4145.0,0.05,207.0,4352.0,FAC_00066,202404.0,            ,GF ,,
[車牌]2480      ,2024-04-26 00:00:00,2024-04-26 00:00:00,2UFT1C    ,外加  ,229.0,0.05,11.0,240.0,FAC_00010,202405.0,            ,GF ,,
[車牌]2481      ,2024-04-26 00:00:00,2024-04-26 00:00:00,2UFT1C    ,外加  ,4000.0,0.05,200.0,4200.0,FAC_00010,202405.0,            ,GF ,,
ZW1[電話]      ,2024-05-15 00:00:00,2024-05-15 00:00:00,JG        ,外加  ,4571.0,0.05,229.0,4800.0,FAC_00036,202405.0,            ,GF ,,
XX4[電話]      ,2024-05-19 00:00:00,2024-05-19 00:00:00,CMFUG     ,外加  ,3490.0,0.05,175.0,3665.0,FAC_00019,202405.0,            ,GF ,,
[車牌]4569      ,2024-05-21 00:00:00,2024-05-21 00:00:00,ZF        ,外加  ,8460.0,0.05,423.0,8883.0,FAC_00066,202405.0,            ,GF ,,
[車牌]8506      ,2024-06-30 00:00:00,2024-06-30 00:00:00,2UFT1C    ,外加  ,2000.0,0.05,100.0,2100.0,FAC_00010,202407.0,            ,GF ,,
ZW4[電話]      ,2024-05-31 00:00:00,2024-05-31 00:00:00,CMFUG     ,外加  ,400.0,0.05,20.0,420.0,FAC_00019,202405.0,            ,GF ,,
ZW1[電話]      ,2024-06-15 00:00:00,2024-06-15 00:00:00,JG        ,外加  ,1429.0,0.05,71.0,1500.0,FAC_00036,202406.0,            ,GF ,,
[車牌]4674      ,2024-06-24 00:00:00,2024-06-24 00:00:00,ZF        ,外加  ,12360.0,0.05,618.0,12978.0,FAC_00066,202406.0,            ,GF ,,
[車牌]9262      ,2024-06-27 00:00:00,2024-06-27 00:00:00,2UFT1C    ,外加  ,5152.0,0.05,258.0,5410.0,FAC_00010,202407.0,            ,GF ,,
[車牌]4286      ,2024-06-20 00:00:00,2024-06-20 00:00:00,X2T       ,外加  ,4210.0,0.05,211.0,4421.0,FAC_00060,202406.0,            ,GF ,,
ZW4[電話]      ,2024-06-29 00:00:00,2024-06-29 00:00:00,CMFUG     ,外加  ,5380.0,0.05,269.0,5649.0,FAC_00019,202406.0,            ,GF ,,
BW[電話]      ,2024-07-15 00:00:00,2024-07-15 00:00:00,JG        ,外加  ,8073.0,0.05,404.0,8477.0,FAC_00036,202407.0,            ,GF ,,
[車牌]5815      ,2024-07-22 00:00:00,2024-07-22 00:00:00,ZF        ,外加  ,3820.0,0.05,191.0,4011.0,FAC_00066,202407.0,            ,GF ,,
BW4[電話]      ,2024-07-29 00:00:00,2024-07-29 00:00:00,CMFUG     ,外加  ,4560.0,0.05,228.0,4788.0,FAC_00019,202407.0,            ,GF ,,
[車牌]3771      ,2024-08-05 00:00:00,2024-08-06 00:00:00,MFFT1C    ,外加  ,2930.0,0.05,147.0,3077.0,FAC_00040,202408.0,進貨開出發票      ,GF ,,
BW[電話]      ,2024-08-15 00:00:00,2024-08-15 00:00:00,JG        ,外加  ,6209.0,0.05,310.0,6519.0,FAC_00036,202408.0,            ,GF ,,
[車牌]5925      ,2024-08-21 00:00:00,2024-08-21 00:00:00,ZF        ,外加  ,19380.0,0.05,969.0,20349.0,FAC_00066,202408.0,            ,GF ,,
BW4[電話]      ,2024-08-26 00:00:00,2024-08-26 00:00:00,CMFUG     ,外加  ,1720.0,0.05,86.0,1806.0,FAC_00019,202408.0,            ,GF ,,
DV[電話]      ,2024-09-19 00:00:00,2024-09-19 00:00:00,JG        ,外加  ,5787.0,0.05,289.0,6076.0,FAC_00036,202410.0,            ,GF ,,
[車牌]0911      ,2024-09-28 00:00:00,2024-09-28 00:00:00,2UFT1C    ,外加  ,2343.0,0.05,117.0,2460.0,FAC_00010,202410.0,            ,GF ,,
DC4[電話]      ,2024-09-13 00:00:00,2024-10-04 00:00:00,CMFUG     ,外加  ,500.0,0.05,25.0,525.0,FAC_00019,202409.0,進貨開出發票      ,GF ,,
[車牌]4509      ,2024-10-09 00:00:00,2024-10-09 00:00:00,MFFT1C    ,外加  ,2050.0,0.05,103.0,2153.0,FAC_00040,202410.0,進貨開出發票      ,GF ,,
[車牌]4434      ,2024-10-11 00:00:00,2024-10-11 00:00:00,ZF        ,外加  ,9410.0,0.05,471.0,9881.0,FAC_00066,202410.0,            ,GF ,,
DV[電話]      ,2024-10-15 00:00:00,2024-10-15 00:00:00,JG        ,外加  ,7000.0,0.05,350.0,7350.0,FAC_00036,202410.0,            ,GF ,,
[車牌]3957      ,2024-10-29 00:00:00,2024-10-29 00:00:00,2MFT1C    ,外加  ,11429.0,0.05,571.0,12000.0,FAC_00004,202411.0,            ,GF ,,
[車牌]2174      ,2024-10-28 00:00:00,2024-10-28 00:00:00,2UFT1C    ,外加  ,,0.05,0.0,,FAC_00010,202411.0,            ,GF ,,
[車牌]2173      ,2024-10-28 00:00:00,2024-10-28 00:00:00,2UFT1C    ,外加  ,4800.0,0.05,240.0,5040.0,FAC_00010,202411.0,            ,GF ,,
[車牌]4524      ,2024-10-24 00:00:00,2024-11-24 00:00:00,ZF        ,外加  ,1600.0,0.05,80.0,1680.0,FAC_00066,202410.0,            ,GF ,,
[車牌]3501      ,2024-11-24 00:00:00,2024-11-24 00:00:00,ZF        ,外加  ,1625.0,0.05,81.0,1706.0,FAC_00066,202411.0,            ,GF ,,
[車牌]8967      ,2024-11-27 00:00:00,2024-11-27 00:00:00,CMFUG     ,外加  ,1830.0,0.05,92.0,1922.0,FAC_00019,202411.0,            ,GF ,,
FU1[電話]      ,2024-12-14 00:00:00,2024-12-14 00:00:00,JG        ,外加  ,6813.0,0.05,341.0,7154.0,FAC_00036,202412.0,            ,GF ,,
[車牌]8924      ,2025-01-04 00:00:00,2025-01-04 00:00:00,CMFUG     ,外加  ,5600.0,0.05,280.0,5880.0,FAC_00019,202501.0,            ,GF ,,
[車牌]619       ,2024-12-24 00:00:00,2024-12-24 00:00:00,ZF        ,外加  ,14580.0,0.05,729.0,15309.0,FAC_00066,202412.0,            ,GF ,,
HT1[電話]      ,2025-01-15 00:00:00,2025-01-15 00:00:00,JG        ,外加  ,8587.0,0.05,429.0,9016.0,FAC_00036,202501.0,            ,GF ,,
[車牌]9914      ,2025-01-24 00:00:00,2025-01-24 00:00:00,2UFT1C    ,外加  ,0.0,0.05,0.0,0.0,FAC_00010,202501.0,            ,GF ,,
[車牌]9913      ,2025-01-24 00:00:00,2025-01-24 00:00:00,2UFT1C    ,外加  ,3619.0,0.05,181.0,3800.0,FAC_00010,202501.0,            ,GF ,,
[車牌]2418      ,2025-01-21 00:00:00,2025-01-21 00:00:00,CMFUG     ,外加  ,3050.0,0.05,153.0,3203.0,FAC_00019,202501.0,            ,GF ,,
[車牌]4724      ,2025-02-14 00:00:00,2025-02-14 00:00:00,ZF        ,外加  ,8490.0,0.05,425.0,8915.0,FAC_00066,202502.0,            ,GF ,,
HT1[電話]      ,2025-02-15 00:00:00,2025-02-15 00:00:00,JG        ,外加  ,5787.0,0.05,289.0,6076.0,FAC_00036,202502.0,            ,GF ,,
[車牌]0750      ,2025-03-05 00:00:00,2025-03-06 00:00:00,X2T       ,外加  ,5829.0,0.05,291.0,6120.0,FAC_00060,202503.0,進貨開出發票      ,GF ,,
[車牌]2463      ,2025-02-19 00:00:00,2025-02-19 00:00:00,CMFUG     ,外加  ,5842.0,0.05,292.0,6134.0,FAC_00019,202502.0,            ,GF ,,
[車牌]4174      ,2025-03-25 00:00:00,2025-03-25 00:00:00,2UFT1C    ,外加  ,5457.0,0.05,273.0,5730.0,FAC_00010,202503.0,            ,GF ,,
KT[電話]      ,2025-04-08 00:00:00,2025-04-08 00:00:00,CMFUG     ,外加  ,5315.0,0.05,266.0,5581.0,FAC_00019,202504.0,            ,GF ,,
[車牌]8069      ,2025-04-11 00:00:00,2025-04-11 00:00:00,ZF        ,外加  ,10725.0,0.05,536.0,11261.0,FAC_00066,202504.0,            ,GF ,,
KT[電話]      ,2025-04-11 00:00:00,2025-04-11 00:00:00,XUDRUVEN  ,外加  ,1580.0,0.05,79.0,1659.0,FAC_00063,202504.0,            ,GF ,,
KT1[電話]      ,2025-04-16 00:00:00,2025-04-16 00:00:00,JG        ,外加  ,619.0,0.05,31.0,650.0,FAC_00036,202504.0,            ,GF ,,
[車牌]5151      ,2025-05-02 00:00:00,2025-05-02 00:00:00,DDFTRQ    ,外加  ,4429.0,0.05,221.0,4650.0,FAC_00027,202505.0,            ,GF ,,
[車牌]5151      ,2025-04-01 00:00:00,2025-04-01 00:00:00,DDFTRQ    ,外加  ,4429.0,0.05,221.0,4650.0,FAC_00027,202504.0,            ,GF ,,
KT[電話]      ,2025-05-14 00:00:00,2025-04-28 00:00:00,CMFUG     ,外加  ,1980.0,0.05,99.0,2079.0,FAC_00019,202505.0,            ,GF ,,
[車牌]753       ,2025-04-28 00:00:00,2025-04-28 00:00:00,CMFUG     ,外加  ,0.0,0.05,0.0,0.0,FAC_00019,202504.0,            ,GF ,,
MT1[電話]      ,2025-05-15 00:00:00,2025-05-15 00:00:00,JG        ,外加  ,10201.0,0.05,510.0,10711.0,FAC_00036,202505.0,            ,GF ,,
[車牌]4883      ,2025-05-24 00:00:00,2025-05-24 00:00:00,ZF        ,外加  ,14355.0,0.05,718.0,15073.0,FAC_00066,202505.0,            ,GF ,,
MT[電話]      ,2025-05-23 00:00:00,2025-05-23 00:00:00,CMFUG     ,外加  ,0.0,0.05,0.0,0.0,FAC_00019,202505.0,            ,GF ,,
[車牌]5050      ,2025-06-24 00:00:00,2025-06-24 00:00:00,ZF        ,外加  ,0.0,0.05,0.0,0.0,FAC_00066,202506.0,            ,GF ,,
PT1[電話]      ,2025-07-15 00:00:00,2025-07-15 00:00:00,JG        ,外加  ,6020.0,0.05,301.0,6321.0,FAC_00036,202507.0,            ,GF ,,
[車牌]9220      ,2025-07-24 00:00:00,2025-07-24 00:00:00,ZF        ,外加  ,12825.0,0.05,641.0,13466.0,FAC_00066,202507.0,            ,GF ,,
[車牌]3754      ,2025-08-01 00:00:00,2025-08-02 00:00:00,MFFT1C    ,外加  ,3080.0,0.05,154.0,3234.0,FAC_00040,202508.0,進貨開出發票      ,GF ,,
[車牌]3277      ,2025-08-06 00:00:00,2025-08-06 00:00:00,X2T       ,外加  ,2323.0,0.05,116.0,2439.0,FAC_00060,202508.0,進貨開出發票      ,GF ,,
PT[電話]      ,2025-07-29 00:00:00,2025-07-29 00:00:00,CMFUG     ,外加  ,3940.0,0.05,197.0,4137.0,FAC_00019,202507.0,            ,GF ,,
PT1[電話]      ,2025-08-15 00:00:00,2025-08-15 00:00:00,JG        ,外加  ,5413.0,0.05,271.0,5684.0,FAC_00036,202508.0,            ,GF ,,
[車牌]9417      ,2025-08-24 00:00:00,2025-08-24 00:00:00,ZF        ,外加  ,8215.0,0.05,411.0,8626.0,FAC_00066,202508.0,            ,GF ,,
RT1[電話]      ,2025-09-15 00:00:00,2025-09-15 00:00:00,JG        ,外加  ,9427.0,0.05,471.0,9898.0,FAC_00036,202509.0,            ,GF ,,
PT[電話]      ,2025-08-13 00:00:00,2025-08-13 00:00:00,CMFUG     ,外加  ,3500.0,0.05,175.0,3675.0,FAC_00019,202508.0,            ,GF ,,
[車牌]2540      ,2025-09-24 00:00:00,2025-09-24 00:00:00,ZF        ,外加  ,0.0,0.05,0.0,0.0,FAC_00066,202509.0,            ,GF ,,
[車牌]8152      ,2025-08-26 00:00:00,2025-10-04 00:00:00,2MFT1C    ,內含  ,11429.0,0.05,571.0,12000.0,FAC_00004,202509.0,進貨開出發票      ,GF ,,
RT[電話]      ,2025-09-04 00:00:00,2025-10-08 00:00:00,CMFUG     ,外加  ,1000.0,0.05,50.0,1050.0,FAC_00019,202509.0,進貨開出發票      ,GF ,,
RT1[電話]      ,2025-09-26 00:00:00,2025-10-15 00:00:00,JG        ,內含  ,3524.0,0.05,176.0,3700.0,FAC_00036,202510.0,進貨開出發票      ,GF ,,
TG[電話]      ,2025-10-30 00:00:00,2025-10-30 00:00:00,CRAU      ,外加  ,2610.0,0.05,131.0,2741.0,FAC_00021,202510.0,進貨開出發票      ,GF ,,
TT1[電話]      ,2025-11-17 00:00:00,2025-11-17 00:00:00,JG        ,外加  ,5880.0,0.05,294.0,6174.0,FAC_00036,202512.0,            ,GF ,,
[車牌]0668      ,2025-11-21 00:00:00,2025-11-21 00:00:00,ZF        ,外加  ,9915.0,0.05,496.0,10411.0,FAC_00066,202511.0,            ,GF ,,
RT[電話]      ,2025-10-31 00:00:00,2025-10-31 00:00:00,CMFUG     ,外加  ,2720.0,0.05,136.0,2856.0,FAC_00019,202510.0,            ,GF ,,
[車牌]4251      ,2025-11-28 00:00:00,2025-11-28 00:00:00,MFFT1C    ,外加  ,3180.0,0.05,159.0,3339.0,FAC_00040,202512.0,進貨開出發票      ,GF ,,
[車牌]3669      ,2025-11-25 00:00:00,2025-12-03 00:00:00,DDFTRQ    ,外加  ,4429.0,0.05,221.0,4650.0,FAC_00027,202511.0,進貨開出發票      ,GF ,,
TT1[電話]      ,2025-12-15 00:00:00,2025-12-15 00:00:00,JG        ,外加  ,1524.0,0.05,76.0,1600.0,FAC_00036,202512.0,            ,GF ,,
[車牌]0909      ,2025-12-31 00:00:00,2025-12-31 00:00:00,2UFT1C    ,外加  ,2285.0,0.05,114.0,2399.0,FAC_00010,202601.0,            ,GF ,,
[車牌]0910      ,2025-12-31 00:00:00,2025-12-31 00:00:00,2UFT1C    ,外加  ,571.0,0.05,29.0,600.0,FAC_00010,202601.0,            ,GF ,,
TT[電話]      ,2025-12-29 00:00:00,2025-12-29 00:00:00,CMFUG     ,外加  ,4970.0,0.05,249.0,5219.0,FAC_00019,202512.0,            ,GF ,,
[車牌]0797      ,2025-12-24 00:00:00,2025-12-24 00:00:00,ZF        ,外加  ,0.0,0.05,0.0,0.0,FAC_00066,202512.0,            ,GF ,,
VT[電話]      ,2026-01-15 00:00:00,2026-01-15 00:00:00,JG        ,外加  ,0.0,0.05,0.0,0.0,FAC_00036,202601.0,            ,GF ,,
[車牌]9805      ,2026-01-24 00:00:00,2026-01-24 00:00:00,ZF        ,外加  ,4400.0,0.05,220.0,4620.0,FAC_00066,202601.0,            ,GF ,,
VY[電話]      ,2026-01-31 00:00:00,2026-01-31 00:00:00,CMFUG     ,外加  ,3000.0,0.05,150.0,3150.0,FAC_00019,202601.0,            ,GF ,,
[車牌]9944      ,2026-03-09 00:00:00,2026-03-09 00:00:00,ZF        ,外加  ,4670.0,0.05,234.0,4904.0,FAC_00066,202603.0,            ,GF ,,
XV[電話]      ,2026-03-16 00:00:00,2026-03-16 00:00:00,JG        ,外加  ,3048.0,0.05,152.0,3200.0,FAC_00036,202603.0,            ,GF ,,
[車牌]666       ,2026-03-24 00:00:00,2026-03-24 00:00:00,ZF        ,外加  ,5130.0,0.05,257.0,5387.0,FAC_00066,202603.0,            ,GF ,,
[車牌]1280      ,2026-04-02 00:00:00,2026-04-02 00:00:00,X2T       ,外加  ,7156.0,0.05,358.0,7514.0,FAC_00060,202604.0,進貨開出發票      ,GF ,,
XV[電話]      ,2026-03-10 00:00:00,2026-03-10 00:00:00,CMFUG     ,外加  ,1100.0,0.05,55.0,1155.0,FAC_00019,202603.0,            ,GF ,,
