cusno,billed,last_sale,orders,received,last_recv,outstanding,days_since_last_sale,cusnm,area,settle
CUS_00066,88200.0,2024-07-31,11,0.0,,88200.0,619,[已隱蔽],,31.0
CUS_00674,76750.0,2024-12-17,6,0.0,,76750.0,480,[已隱蔽],,25.0
CUS_00026,76650.0,2023-06-28,6,0.0,,76650.0,1018,[已隱蔽],,31.0
CUS_00197,47050.0,2023-05-19,11,0.0,,47050.0,1058,[已隱蔽],,31.0
CUS_00054,39750.0,2024-06-15,5,0.0,,39750.0,665,[已隱蔽],,31.0
CUS_00665,39000.0,2022-07-05,2,0.0,,39000.0,1376,[已隱蔽],,31.0
CUS_00622,38710.0,2024-08-27,6,0.0,,38710.0,592,[已隱蔽],,31.0
CUS_00021,38250.0,2022-01-23,9,0.0,,38250.0,1539,[已隱蔽],,31.0
CUS_00471,36500.0,2024-08-02,5,0.0,,36500.0,617,[已隱蔽],,31.0
CUS_00189,35300.0,2021-08-11,3,0.0,,35300.0,1704,[已隱蔽],,31.0
CUS_00731,34950.0,2023-08-02,5,0.0,,34950.0,983,[已隱蔽],,31.0
CUS_00107,33250.0,2023-06-26,1,0.0,,33250.0,1020,[已隱蔽],,31.0
CUS_00231,33250.0,2023-12-16,10,0.0,,33250.0,847,[已隱蔽],,31.0
CUS_00047,32700.0,2024-07-31,3,0.0,,32700.0,619,[已隱蔽],,31.0
CUS_00478,32700.0,2022-11-08,5,0.0,,32700.0,1250,[已隱蔽],,31.0
CUS_00308,31820.0,2023-10-10,2,0.0,,31820.0,914,[已隱蔽],,31.0
CUS_00557,31300.0,2024-03-15,9,0.0,,31300.0,757,[已隱蔽],,31.0
CUS_00181,30850.0,2024-12-25,5,0.0,,30850.0,472,[已隱蔽],,31.0
CUS_00283,30700.0,2024-08-22,3,0.0,,30700.0,597,[已隱蔽],,31.0
CUS_00079,30250.0,2022-04-02,2,0.0,,30250.0,1470,[已隱蔽],,31.0
CUS_00503,29900.0,2023-08-01,2,0.0,,29900.0,984,[已隱蔽],,31.0
CUS_00430,29000.0,2024-08-16,2,0.0,,29000.0,603,[已隱蔽],,31.0
CUS_00158,28450.0,2022-11-25,4,0.0,,28450.0,1233,[已隱蔽],,31.0
CUS_00340,26300.0,2024-03-13,2,0.0,,26300.0,759,[已隱蔽],,31.0
CUS_00272,26300.0,2024-01-13,3,0.0,,26300.0,819,[已隱蔽],,31.0
CUS_00085,26150.0,2024-06-28,6,0.0,,26150.0,652,[已隱蔽],,31.0
CUS_00159,26050.0,2022-07-29,3,0.0,,26050.0,1352,[已隱蔽],,31.0
CUS_00321,26000.0,2023-12-29,3,0.0,,26000.0,834,[已隱蔽],,31.0
CUS_00148,26000.0,2023-07-22,2,0.0,,26000.0,994,[已隱蔽],,31.0
CUS_00151,25300.0,2023-01-13,2,0.0,,25300.0,1184,[已隱蔽],,31.0
CUS_00311,24500.0,2022-11-17,1,0.0,,24500.0,1241,[已隱蔽],,31.0
CUS_00116,24300.0,2024-05-22,1,0.0,,24300.0,689,[已隱蔽],,31.0
CUS_00072,23900.0,2023-11-30,3,0.0,,23900.0,863,[已隱蔽],,31.0
CUS_00028,23800.0,2022-03-22,3,0.0,,23800.0,1481,[已隱蔽],,31.0
CUS_00495,23700.0,2024-08-21,5,0.0,,23700.0,598,[已隱蔽],,31.0
CUS_00389,23570.0,2023-07-15,10,0.0,,23570.0,1001,[已隱蔽],,31.0
CUS_00683,23550.0,2022-11-22,3,0.0,,23550.0,1236,[已隱蔽],,31.0
CUS_00067,23000.0,2024-03-27,5,0.0,,23000.0,745,[已隱蔽],,31.0
CUS_00291,23000.0,2024-10-07,1,0.0,,23000.0,551,[已隱蔽],,31.0
CUS_00161,22650.0,2024-08-08,5,0.0,,22650.0,611,[已隱蔽],,31.0
CUS_00479,22300.0,2024-03-30,1,0.0,,22300.0,742,[已隱蔽],,31.0
CUS_00443,22200.0,2024-08-14,3,0.0,,22200.0,605,[已隱蔽],,31.0
CUS_00636,21900.0,2021-08-07,4,0.0,,21900.0,1708,[已隱蔽],,31.0
CUS_00675,21300.0,2022-12-09,2,0.0,,21300.0,1219,[已隱蔽],,31.0
CUS_00450,21150.0,2021-08-10,3,0.0,,21150.0,1705,[已隱蔽],,31.0
CUS_00502,21000.0,2022-06-22,2,0.0,,21000.0,1389,[已隱蔽],,31.0
CUS_00081,20000.0,2023-02-10,1,0.0,,20000.0,1156,[已隱蔽],,31.0
CUS_00381,19500.0,2024-06-07,2,0.0,,19500.0,673,[已隱蔽],,31.0
CUS_00671,19400.0,2021-08-26,1,0.0,,19400.0,1689,[已隱蔽],,31.0
CUS_00521,18100.0,2023-05-20,1,0.0,,18100.0,1057,[已隱蔽],,31.0
CUS_00517,18000.0,2023-03-15,1,0.0,,18000.0,1123,[已隱蔽],,31.0
CUS_00678,18000.0,2024-12-02,6,0.0,,18000.0,495,[已隱蔽],,31.0
CUS_00121,17800.0,2021-10-29,2,0.0,,17800.0,1625,[已隱蔽],,31.0
CUS_00105,17600.0,2022-09-23,1,0.0,,17600.0,1296,[已隱蔽],,31.0
CUS_00624,17500.0,2021-04-27,3,0.0,,17500.0,1810,[已隱蔽],,31.0
CUS_00344,17000.0,2024-01-17,1,0.0,,17000.0,815,[已隱蔽],,31.0
CUS_00666,16999.0,2021-03-23,1,0.0,,16999.0,1845,[已隱蔽],,31.0
CUS_00215,16500.0,2024-02-09,1,0.0,,16500.0,792,[已隱蔽],,31.0
CUS_00372,16500.0,2022-06-16,1,0.0,,16500.0,1395,[已隱蔽],,31.0
CUS_00009,16450.0,2024-05-18,7,0.0,,16450.0,693,[已隱蔽],,31.0
CUS_00355,16350.0,2024-11-16,5,0.0,,16350.0,511,[已隱蔽],,31.0
CUS_00712,16000.0,2021-06-11,2,0.0,,16000.0,1765,[已隱蔽],,31.0
CUS_00404,16000.0,2022-11-02,1,0.0,,16000.0,1256,[已隱蔽],,31.0
CUS_00183,15700.0,2024-11-11,3,0.0,,15700.0,516,[已隱蔽],,31.0
CUS_00292,15700.0,2022-05-19,1,0.0,,15700.0,1423,[已隱蔽],,31.0
CUS_00679,15700.0,2023-06-15,1,0.0,,15700.0,1031,[已隱蔽],,31.0
CUS_00098,15500.0,2023-10-02,1,0.0,,15500.0,922,[已隱蔽],,31.0
CUS_00576,15450.0,2024-11-14,4,0.0,,15450.0,513,[已隱蔽],,31.0
CUS_00591,15000.0,2023-04-15,1,0.0,,15000.0,1092,[已隱蔽],,31.0
CUS_00356,15000.0,2022-09-21,2,0.0,,15000.0,1298,[已隱蔽],,31.0
CUS_00451,14950.0,2022-04-06,2,0.0,,14950.0,1466,[已隱蔽],,31.0
CUS_00216,14700.0,2023-10-14,1,0.0,,14700.0,910,[已隱蔽],,31.0
CUS_00723,14650.0,2025-02-08,5,0.0,,14650.0,427,[已隱蔽],,31.0
CUS_00016,14650.0,2024-06-28,2,0.0,,14650.0,652,[已隱蔽],,31.0
CUS_00064,14200.0,2022-04-18,2,0.0,,14200.0,1454,[已隱蔽],,31.0
CUS_00165,14000.0,2022-04-07,1,0.0,,14000.0,1465,[已隱蔽],,31.0
CUS_00179,14000.0,2022-09-24,2,0.0,,14000.0,1295,[已隱蔽],,31.0
CUS_00309,13800.0,2024-10-29,4,0.0,,13800.0,529,[已隱蔽],,31.0
CUS_00448,13460.0,2025-01-22,3,0.0,,13460.0,444,[已隱蔽],,31.0
CUS_00239,13300.0,2021-03-20,2,0.0,,13300.0,1848,[已隱蔽],,31.0
CUS_00518,12800.0,2023-03-20,2,0.0,,12800.0,1118,[已隱蔽],,31.0
CUS_00530,12700.0,2024-05-14,4,0.0,,12700.0,697,[已隱蔽],,31.0
CUS_00002,12700.0,2024-08-10,1,0.0,,12700.0,609,[已隱蔽],,31.0
CUS_00514,12650.0,2022-10-28,3,0.0,,12650.0,1261,[已隱蔽],,31.0
CUS_00319,12500.0,2021-02-09,1,0.0,,12500.0,1887,[已隱蔽],,31.0
CUS_00436,12500.0,2022-07-27,2,0.0,,12500.0,1354,[已隱蔽],,31.0
CUS_00602,12450.0,2020-12-16,2,0.0,,12450.0,1942,[已隱蔽],,31.0
CUS_00437,12300.0,2020-08-19,1,0.0,,12300.0,2061,[已隱蔽],,31.0
CUS_00490,12300.0,2022-11-16,2,0.0,,12300.0,1242,[已隱蔽],,31.0
CUS_00424,12250.0,2021-09-18,3,0.0,,12250.0,1666,[已隱蔽],,31.0
CUS_00042,12100.0,2024-03-30,2,0.0,,12100.0,742,[已隱蔽],,31.0
CUS_00260,11900.0,2021-05-10,3,0.0,,11900.0,1797,[已隱蔽],,25.0
CUS_00191,11800.0,2022-02-09,1,0.0,,11800.0,1522,[已隱蔽],,31.0
CUS_00317,11750.0,2024-01-05,1,0.0,,11750.0,827,[已隱蔽],,31.0
CUS_00730,11700.0,2021-07-01,4,0.0,,11700.0,1745,[已隱蔽],,31.0
CUS_00192,11600.0,2021-05-03,1,0.0,,11600.0,1804,[已隱蔽],,31.0
CUS_00206,11500.0,2022-12-05,1,0.0,,11500.0,1223,[已隱蔽],,31.0
CUS_00266,11500.0,2021-06-26,1,0.0,,11500.0,1750,[已隱蔽],,31.0
CUS_00720,11200.0,2023-05-20,3,0.0,,11200.0,1057,[已隱蔽],,31.0
CUS_00541,11000.0,2024-11-21,1,0.0,,11000.0,506,[已隱蔽],,31.0
CUS_00277,11000.0,2023-11-23,1,0.0,,11000.0,870,[已隱蔽],,31.0
CUS_00476,11000.0,2021-04-23,1,0.0,,11000.0,1814,[已隱蔽],,31.0
CUS_00512,10950.0,2023-05-23,4,0.0,,10950.0,1054,[已隱蔽],,31.0
CUS_00391,10900.0,2023-09-25,3,0.0,,10900.0,929,[已隱蔽],,31.0
CUS_00331,10900.0,2023-06-17,4,0.0,,10900.0,1029,[已隱蔽],,31.0
CUS_00592,10800.0,2024-12-15,2,0.0,,10800.0,482,[已隱蔽],,31.0
CUS_00030,10800.0,2025-01-25,2,0.0,,10800.0,441,[已隱蔽],,31.0
CUS_00416,10800.0,2023-12-29,2,0.0,,10800.0,834,[已隱蔽],,31.0
CUS_00153,10800.0,2023-11-21,2,0.0,,10800.0,872,[已隱蔽],,31.0
CUS_00041,10750.0,2023-09-18,1,0.0,,10750.0,936,[已隱蔽],,31.0
CUS_00571,10700.0,2024-12-19,2,0.0,,10700.0,478,[已隱蔽],,31.0
CUS_00692,10650.0,2020-11-14,1,0.0,,10650.0,1974,[已隱蔽],,31.0
CUS_00055,10500.0,2021-02-18,1,0.0,,10500.0,1878,[已隱蔽],,31.0
CUS_00722,10300.0,2022-12-28,3,0.0,,10300.0,1200,[已隱蔽],,31.0
CUS_00214,10299.0,2023-07-04,2,0.0,,10299.0,1012,[已隱蔽],,31.0
CUS_00498,10190.0,2022-12-06,4,0.0,,10190.0,1222,[已隱蔽],,31.0
CUS_00531,10150.0,2023-10-27,3,0.0,,10150.0,897,[已隱蔽],,31.0
CUS_00193,10140.0,2022-11-26,1,0.0,,10140.0,1232,[已隱蔽],,31.0
CUS_00537,10100.0,2024-09-24,1,0.0,,10100.0,564,[已隱蔽],,31.0
CUS_00670,10000.0,2021-04-15,1,0.0,,10000.0,1822,[已隱蔽],,31.0
CUS_00491,10000.0,2023-06-07,2,0.0,,10000.0,1039,,,
CUS_00357,10000.0,2024-01-23,1,0.0,,10000.0,809,[已隱蔽],,31.0
CUS_00240,10000.0,2024-08-27,1,0.0,,10000.0,592,[已隱蔽],,31.0
CUS_00367,9880.0,2024-12-13,7,0.0,,9880.0,484,[已隱蔽],,31.0
CUS_00094,9770.0,2024-07-31,3,0.0,,9770.0,619,[已隱蔽],,31.0
CUS_00536,9600.0,2025-02-24,2,0.0,,9600.0,411,[已隱蔽],,31.0
CUS_00528,9150.0,2023-07-07,1,0.0,,9150.0,1009,[已隱蔽],,31.0
CUS_00453,9150.0,2021-05-24,1,0.0,,9150.0,1783,[已隱蔽],,31.0
CUS_00173,9100.0,2023-05-19,2,0.0,,9100.0,1058,[已隱蔽],,31.0
CUS_00395,9000.0,2024-09-09,1,0.0,,9000.0,579,[已隱蔽],,31.0
CUS_00322,9000.0,2025-01-04,3,0.0,,9000.0,462,[已隱蔽],,31.0
CUS_00184,8800.0,2024-11-13,2,0.0,,8800.0,514,[已隱蔽],,31.0
CUS_00606,8800.0,2021-10-23,2,0.0,,8800.0,1631,[已隱蔽],,31.0
CUS_00631,8800.0,2024-10-01,2,0.0,,8800.0,557,[已隱蔽],,31.0
CUS_00010,8800.0,2020-12-24,1,0.0,,8800.0,1934,[已隱蔽],,31.0
CUS_00500,8600.0,2022-05-27,1,0.0,,8600.0,1415,[已隱蔽],,31.0
CUS_00549,8530.0,2024-09-04,12,0.0,,8530.0,584,[已隱蔽],,31.0
CUS_00017,8500.0,2023-03-27,1,0.0,,8500.0,1111,[已隱蔽],,31.0
CUS_00496,8500.0,2021-09-17,1,0.0,,8500.0,1667,[已隱蔽],,31.0
CUS_00166,8500.0,2023-03-18,1,0.0,,8500.0,1120,[已隱蔽],,31.0
CUS_00681,8500.0,2023-02-01,2,0.0,,8500.0,1165,[已隱蔽],,31.0
CUS_00345,8499.0,2024-02-17,1,0.0,,8499.0,784,[已隱蔽],,31.0
CUS_00281,8400.0,2024-12-16,2,0.0,,8400.0,481,[已隱蔽],,31.0
CUS_00689,8400.0,2021-10-13,2,0.0,,8400.0,1641,[已隱蔽],,31.0
CUS_00419,8300.0,2024-09-26,1,0.0,,8300.0,562,[已隱蔽],,31.0
CUS_00550,8150.0,2022-05-30,2,0.0,,8150.0,1412,[已隱蔽],,31.0
CUS_00641,8000.0,2024-09-27,1,0.0,,8000.0,561,[已隱蔽],,31.0
CUS_00273,8000.0,2022-02-21,1,0.0,,8000.0,1510,[已隱蔽],,31.0
CUS_00429,8000.0,2024-10-02,1,0.0,,8000.0,556,[已隱蔽],,31.0
CUS_00219,8000.0,2024-03-09,3,0.0,,8000.0,763,[已隱蔽],,31.0
CUS_00323,8000.0,2022-01-08,1,0.0,,8000.0,1554,[已隱蔽],,31.0
CUS_00342,7950.0,2022-03-31,3,0.0,,7950.0,1472,[已隱蔽],,31.0
CUS_00462,7800.0,2020-12-22,1,0.0,,7800.0,1936,[已隱蔽],,31.0
CUS_00699,7800.0,2024-04-13,3,0.0,,7800.0,728,[已隱蔽],,31.0
CUS_00008,7800.0,2021-11-14,2,0.0,,7800.0,1609,[已隱蔽],,31.0
CUS_00360,7750.0,2025-02-20,2,0.0,,7750.0,415,[已隱蔽],,31.0
CUS_00376,7750.0,2023-01-20,4,0.0,,7750.0,1177,[已隱蔽],,31.0
CUS_00305,7700.0,2023-02-23,1,0.0,,7700.0,1143,[已隱蔽],,31.0
CUS_00513,7700.0,2022-11-12,1,0.0,,7700.0,1246,[已隱蔽],,31.0
CUS_00328,7500.0,2022-03-29,1,0.0,,7500.0,1474,[已隱蔽],,31.0
CUS_00221,7500.0,2024-11-15,3,0.0,,7500.0,512,[已隱蔽],,31.0
CUS_00241,7500.0,2024-04-29,1,0.0,,7500.0,712,[已隱蔽],,31.0
CUS_00257,7500.0,2023-08-07,2,0.0,,7500.0,978,[已隱蔽],,31.0
CUS_00449,7500.0,2024-11-05,1,0.0,,7500.0,522,[已隱蔽],,31.0
CUS_00643,7500.0,2024-11-22,1,0.0,,7500.0,505,[已隱蔽],,31.0
CUS_00103,7500.0,2024-07-25,1,0.0,,7500.0,625,[已隱蔽],,31.0
CUS_00386,7500.0,2024-03-04,1,0.0,,7500.0,768,[已隱蔽],,31.0
CUS_00362,7500.0,2023-10-23,1,0.0,,7500.0,901,[已隱蔽],,31.0
CUS_00497,7450.0,2023-12-07,1,0.0,,7450.0,856,                                                            ,,31.0
CUS_00337,7350.0,2021-01-15,1,0.0,,7350.0,1912,[已隱蔽],,31.0
CUS_00269,7300.0,2024-07-01,1,0.0,,7300.0,649,[已隱蔽],,31.0
CUS_00522,7200.0,2024-07-13,1,0.0,,7200.0,637,[已隱蔽],,31.0
CUS_00120,7150.0,2023-07-20,2,0.0,,7150.0,996,[已隱蔽],,31.0
CUS_00196,7100.0,2022-12-31,2,0.0,,7100.0,1197,[已隱蔽],,31.0
CUS_00433,7050.0,2024-09-03,2,0.0,,7050.0,585,[已隱蔽],,31.0
CUS_00609,7000.0,2025-01-21,2,0.0,,7000.0,445,[已隱蔽],,31.0
CUS_00313,7000.0,2021-03-13,1,0.0,,7000.0,1855,[已隱蔽],,31.0
CUS_00600,7000.0,2022-09-22,1,0.0,,7000.0,1297,[已隱蔽],,31.0
CUS_00062,7000.0,2024-08-10,1,0.0,,7000.0,609,[已隱蔽],,31.0
CUS_00190,7000.0,2023-12-23,1,0.0,,7000.0,840,[已隱蔽],,31.0
CUS_00229,7000.0,2024-11-16,2,0.0,,7000.0,511,[已隱蔽],,31.0
CUS_00614,6900.0,2021-02-03,1,0.0,,6900.0,1893,[已隱蔽],,31.0
CUS_00015,6850.0,2020-12-29,1,0.0,,6850.0,1929,[已隱蔽],,31.0
CUS_00110,6820.0,2025-01-22,3,0.0,,6820.0,444,[已隱蔽],,31.0
CUS_00248,6800.0,2022-01-12,1,0.0,,6800.0,1550,[已隱蔽],,31.0
CUS_00149,6800.0,2021-06-25,2,0.0,,6800.0,1751,[已隱蔽],,31.0
CUS_00463,6800.0,2020-10-24,1,0.0,,6800.0,1995,[已隱蔽],,31.0
CUS_00267,6700.0,2023-09-26,1,0.0,,6700.0,928,[已隱蔽],,31.0
CUS_00235,6667.0,2024-03-07,1,0.0,,6667.0,765,[已隱蔽],,31.0
CUS_00607,6650.0,2024-12-23,2,0.0,,6650.0,474,[已隱蔽],,31.0
CUS_00460,6500.0,2022-06-17,2,0.0,,6500.0,1394,[已隱蔽],,31.0
CUS_00726,6500.0,2020-10-31,1,0.0,,6500.0,1988,[已隱蔽],,31.0
CUS_00580,6500.0,2022-10-27,1,0.0,,6500.0,1262,[已隱蔽],,31.0
CUS_00224,6500.0,2024-07-18,1,0.0,,6500.0,632,[已隱蔽],,31.0
CUS_00299,6500.0,2023-03-31,2,0.0,,6500.0,1107,[已隱蔽],,31.0
CUS_00087,6400.0,2022-05-04,1,0.0,,6400.0,1438,[已隱蔽],,31.0
CUS_00540,6400.0,2024-07-06,1,0.0,,6400.0,644,[已隱蔽],,31.0
CUS_00077,6300.0,2023-09-22,4,0.0,,6300.0,932,[已隱蔽],,31.0
CUS_00642,6300.0,2022-04-16,2,0.0,,6300.0,1456,[已隱蔽],,31.0
CUS_00301,6200.0,2024-01-16,2,0.0,,6200.0,816,[已隱蔽],,31.0
CUS_00350,6150.0,2022-10-11,1,0.0,,6150.0,1278,[已隱蔽],,31.0
CUS_00379,6050.0,2022-10-18,2,0.0,,6050.0,1271,[已隱蔽],,31.0
CUS_00406,6000.0,2025-01-21,1,0.0,,6000.0,445,[已隱蔽],,31.0
CUS_00423,6000.0,2023-03-29,1,0.0,,6000.0,1109,[已隱蔽],,31.0
CUS_00117,6000.0,2021-04-15,1,0.0,,6000.0,1822,[已隱蔽],,31.0
CUS_00438,6000.0,2022-08-05,1,0.0,,6000.0,1345,[已隱蔽],,31.0
CUS_00205,6000.0,2024-06-11,3,0.0,,6000.0,669,[已隱蔽],,31.0
CUS_00318,6000.0,2024-10-09,1,0.0,,6000.0,549,[已隱蔽],,31.0
CUS_00613,5900.0,2022-03-19,1,0.0,,5900.0,1484,[已隱蔽],,31.0
CUS_00287,5900.0,2023-07-25,2,0.0,,5900.0,991,[已隱蔽],,31.0
CUS_00265,5850.0,2025-01-23,3,0.0,,5850.0,443,[已隱蔽],,31.0
CUS_00702,5850.0,2022-04-20,1,0.0,,5850.0,1452,[已隱蔽],,31.0
CUS_00347,5800.0,2020-12-09,2,0.0,,5800.0,1949,[已隱蔽],,31.0
CUS_00390,5800.0,2024-02-08,1,0.0,,5800.0,793,[已隱蔽],,31.0
CUS_00455,5760.0,2025-02-19,1,0.0,,5760.0,416,[已隱蔽],,31.0
CUS_00137,5750.0,2024-03-22,4,0.0,,5750.0,750,[已隱蔽],,31.0
CUS_00124,5749.0,2023-08-18,1,0.0,,5749.0,967,[已隱蔽],,31.0
CUS_00088,5675.0,2023-01-20,1,0.0,,5675.0,1177,[已隱蔽],,31.0
CUS_00701,5600.0,2023-02-23,1,0.0,,5600.0,1143,[已隱蔽],,31.0
CUS_00484,5550.0,2023-05-30,2,0.0,,5550.0,1047,[已隱蔽],,31.0
CUS_00623,5500.0,2023-08-18,1,0.0,,5500.0,967,[已隱蔽],,31.0
CUS_00279,5500.0,2023-01-31,1,0.0,,5500.0,1166,[已隱蔽],,31.0
CUS_00280,5500.0,2023-06-09,1,0.0,,5500.0,1037,[已隱蔽],,31.0
CUS_00662,5500.0,2020-12-26,1,0.0,,5500.0,1932,[已隱蔽],,31.0
CUS_00457,5500.0,2022-08-02,1,0.0,,5500.0,1348,[已隱蔽],,31.0
CUS_00562,5500.0,2023-10-17,1,0.0,,5500.0,907,[已隱蔽],,31.0
CUS_00346,5500.0,2021-07-17,1,0.0,,5500.0,1729,[已隱蔽],,31.0
CUS_00024,5400.0,2021-12-06,1,0.0,,5400.0,1587,[已隱蔽],,31.0
CUS_00175,5400.0,2020-12-29,1,0.0,,5400.0,1929,[已隱蔽],,31.0
CUS_00427,5400.0,2022-11-29,2,0.0,,5400.0,1229,[已隱蔽],,31.0
CUS_00384,5399.0,2021-10-24,2,0.0,,5399.0,1630,[已隱蔽],,31.0
CUS_00057,5350.0,2024-07-30,2,0.0,,5350.0,620,[已隱蔽],,31.0
CUS_00363,5300.0,2024-08-31,1,0.0,,5300.0,588,[已隱蔽],,31.0
CUS_00259,5250.0,2021-12-16,1,0.0,,5250.0,1577,[已隱蔽],,31.0
CUS_00579,5200.0,2021-11-05,1,0.0,,5200.0,1618,[已隱蔽],,31.0
CUS_00417,5100.0,2023-05-29,1,0.0,,5100.0,1048,[已隱蔽],,31.0
CUS_00244,5000.0,2022-12-26,1,0.0,,5000.0,1202,[已隱蔽],,31.0
CUS_00208,5000.0,2022-03-23,1,0.0,,5000.0,1480,[已隱蔽],,31.0
CUS_00575,5000.0,2024-04-29,2,0.0,,5000.0,712,[已隱蔽],,31.0
CUS_00176,5000.0,2023-02-04,1,0.0,,5000.0,1162,[已隱蔽],,31.0
CUS_00657,5000.0,2021-07-31,1,0.0,,5000.0,1715,[已隱蔽],,31.0
CUS_00036,5000.0,2022-01-05,1,0.0,,5000.0,1557,[已隱蔽],,31.0
CUS_00245,4990.0,2025-01-16,1,0.0,,4990.0,450,[已隱蔽],,31.0
CUS_00546,4990.0,2025-01-09,1,0.0,,4990.0,457,[已隱蔽],,31.0
CUS_00230,4850.0,2021-02-06,1,0.0,,4850.0,1890,[已隱蔽],,31.0
CUS_00202,4850.0,2020-11-30,1,0.0,,4850.0,1958,[已隱蔽],,31.0
CUS_00136,4800.0,2020-11-21,1,0.0,,4800.0,1967,[已隱蔽],,31.0
CUS_00421,4700.0,2024-07-09,1,0.0,,4700.0,641,[已隱蔽],,31.0
CUS_00527,4700.0,2023-11-16,1,0.0,,4700.0,877,[已隱蔽],,31.0
CUS_00223,4600.0,2022-12-14,2,0.0,,4600.0,1214,[已隱蔽],,31.0
CUS_00304,4600.0,2022-09-16,1,0.0,,4600.0,1303,[已隱蔽],,31.0
CUS_00435,4565.0,2024-02-04,1,0.0,,4565.0,797,[已隱蔽],,31.0
CUS_00263,4500.0,2022-02-15,1,0.0,,4500.0,1516,[已隱蔽],,31.0
CUS_00063,4500.0,2023-11-28,1,0.0,,4500.0,865,[已隱蔽],,31.0
CUS_00203,4500.0,2023-04-12,1,0.0,,4500.0,1095,[已隱蔽],,31.0
CUS_00131,4500.0,2022-12-28,3,0.0,,4500.0,1200,[已隱蔽],,31.0
CUS_00425,4500.0,2022-11-28,1,0.0,,4500.0,1230,[已隱蔽],,31.0
CUS_00604,4455.0,2022-01-21,1,0.0,,4455.0,1541,[已隱蔽],,31.0
CUS_00646,4400.0,2022-08-03,3,0.0,,4400.0,1347,,,
CUS_00138,4400.0,2024-01-18,2,0.0,,4400.0,814,[已隱蔽],,31.0
CUS_00288,4350.0,2022-07-12,1,0.0,,4350.0,1369,[已隱蔽],,31.0
CUS_00714,4300.0,2021-01-07,1,0.0,,4300.0,1920,[已隱蔽],,31.0
CUS_00677,4300.0,2021-05-29,1,0.0,,4300.0,1778,[已隱蔽],,31.0
CUS_00271,4300.0,2021-08-10,1,0.0,,4300.0,1705,[已隱蔽],,31.0
CUS_00316,4290.0,2022-03-07,1,0.0,,4290.0,1496,[已隱蔽],,31.0
CUS_00056,4262.0,2021-09-09,1,0.0,,4262.0,1675,[已隱蔽],,31.0
CUS_00075,4250.0,2022-01-03,1,0.0,,4250.0,1559,[已隱蔽],,31.0
CUS_00011,4250.0,2021-01-25,1,0.0,,4250.0,1902,[已隱蔽],,31.0
CUS_00293,4200.0,2024-01-06,1,0.0,,4200.0,826,[已隱蔽],,31.0
CUS_00626,4200.0,2021-10-18,1,0.0,,4200.0,1636,[已隱蔽],,31.0
CUS_00339,4200.0,2022-01-12,1,0.0,,4200.0,1550,[已隱蔽],,31.0
CUS_00526,4200.0,2024-05-23,1,0.0,,4200.0,688,[已隱蔽],,31.0
CUS_00213,4200.0,2024-07-10,1,0.0,,4200.0,640,[已隱蔽],,31.0
CUS_00354,4100.0,2021-01-28,2,0.0,,4100.0,1899,[已隱蔽],,31.0
CUS_00052,4000.0,2023-07-06,2,0.0,,4000.0,1010,[已隱蔽],,31.0
CUS_00139,4000.0,2022-05-23,1,0.0,,4000.0,1419,[已隱蔽],,31.0
CUS_00686,4000.0,2023-03-03,2,0.0,,4000.0,1135,[已隱蔽],,31.0
CUS_00096,4000.0,2022-01-14,1,0.0,,4000.0,1548,[已隱蔽],,31.0
CUS_00101,4000.0,2023-03-30,1,0.0,,4000.0,1108,[已隱蔽],,31.0
CUS_00194,4000.0,2021-01-09,1,0.0,,4000.0,1918,[已隱蔽],,31.0
CUS_00475,4000.0,2024-03-08,1,0.0,,4000.0,764,[已隱蔽],,31.0
CUS_00329,4000.0,2021-10-27,1,0.0,,4000.0,1627,[已隱蔽],,31.0
CUS_00568,4000.0,2024-07-23,1,0.0,,4000.0,627,[已隱蔽],,31.0
CUS_00238,4000.0,2022-12-31,1,0.0,,4000.0,1197,[已隱蔽],,31.0
CUS_00320,3950.0,2025-03-29,1,0.0,,3950.0,378,[已隱蔽],,31.0
CUS_00459,3900.0,2023-04-26,1,0.0,,3900.0,1081,[已隱蔽],,31.0
CUS_00118,3850.0,2021-02-17,1,0.0,,3850.0,1879,[已隱蔽],,31.0
CUS_00373,3800.0,2024-07-23,1,0.0,,3800.0,627,[已隱蔽],,31.0
CUS_00399,3800.0,2023-10-19,1,0.0,,3800.0,905,[已隱蔽],,31.0
CUS_00282,3800.0,2025-02-10,3,0.0,,3800.0,425,[已隱蔽],,31.0
CUS_00204,3800.0,2024-08-13,2,0.0,,3800.0,606,[已隱蔽],,31.0
CUS_00493,3800.0,2022-09-10,1,0.0,,3800.0,1309,[已隱蔽],,31.0
CUS_00037,3800.0,2022-12-14,1,0.0,,3800.0,1214,[已隱蔽],,31.0
CUS_00640,3760.0,2020-11-09,1,0.0,,3760.0,1979,[已隱蔽],,31.0
CUS_00432,3730.0,2021-09-08,1,0.0,,3730.0,1676,[已隱蔽],,31.0
CUS_00078,3700.0,2021-08-12,1,0.0,,3700.0,1703,[已隱蔽],,31.0
CUS_00068,3700.0,2023-04-22,1,0.0,,3700.0,1085,[已隱蔽],,31.0
CUS_00464,3700.0,2023-01-19,1,0.0,,3700.0,1178,[已隱蔽],,31.0
CUS_00431,3700.0,2024-08-29,3,0.0,,3700.0,590,[已隱蔽],,31.0
CUS_00458,3550.0,2020-11-27,1,0.0,,3550.0,1961,[已隱蔽],,31.0
CUS_00092,3500.0,2023-10-26,1,0.0,,3500.0,898,[已隱蔽],,31.0
CUS_00565,3500.0,2021-04-08,1,0.0,,3500.0,1829,[已隱蔽],,31.0
CUS_00378,3500.0,2024-10-22,1,0.0,,3500.0,536,[已隱蔽],,31.0
CUS_00255,3500.0,2021-06-21,1,0.0,,3500.0,1755,[已隱蔽],,31.0
CUS_00247,3500.0,2021-07-17,1,0.0,,3500.0,1729,[已隱蔽],,31.0
CUS_00719,3500.0,2020-10-31,1,0.0,,3500.0,1988,[已隱蔽],,31.0
CUS_00597,3500.0,2024-03-15,1,0.0,,3500.0,757,[已隱蔽],,31.0
CUS_00668,3500.0,2024-06-04,1,0.0,,3500.0,676,[已隱蔽],,31.0
CUS_00468,3500.0,2023-07-19,1,0.0,,3500.0,997,[已隱蔽],,31.0
CUS_00115,3500.0,2024-10-28,1,0.0,,3500.0,530,[已隱蔽],,31.0
CUS_00488,3500.0,2021-07-14,1,0.0,,3500.0,1732,[已隱蔽],,31.0
CUS_00548,3500.0,2021-10-11,1,0.0,,3500.0,1643,[已隱蔽],,31.0
CUS_00465,3500.0,2023-06-09,1,0.0,,3500.0,1037,[已隱蔽],,31.0
CUS_00392,3500.0,2023-12-30,1,0.0,,3500.0,833,[已隱蔽],,31.0
CUS_00130,3500.0,2022-07-30,1,0.0,,3500.0,1351,[已隱蔽],,31.0
CUS_00226,3500.0,2024-01-23,1,0.0,,3500.0,809,[已隱蔽],,31.0
CUS_00142,3500.0,2024-11-18,1,0.0,,3500.0,509,[已隱蔽],,31.0
CUS_00351,3450.0,2020-12-07,1,0.0,,3450.0,1951,[已隱蔽],,31.0
CUS_00405,3449.0,2025-03-31,1,0.0,,3449.0,376,[已隱蔽],,31.0
CUS_00102,3400.0,2021-02-08,1,0.0,,3400.0,1888,[已隱蔽],,31.0
CUS_00724,3400.0,2024-03-23,1,0.0,,3400.0,749,[已隱蔽],,31.0
CUS_00452,3300.0,2021-05-12,1,0.0,,3300.0,1795,[已隱蔽],,31.0
CUS_00237,3300.0,2020-12-24,1,0.0,,3300.0,1934,[已隱蔽],,31.0
CUS_00187,3300.0,2022-01-31,1,0.0,,3300.0,1531,[已隱蔽],,31.0
CUS_00685,3300.0,2021-01-16,1,0.0,,3300.0,1911,[已隱蔽],,31.0
CUS_00048,3250.0,2025-02-10,1,0.0,,3250.0,425,[已隱蔽],,31.0
CUS_00232,3200.0,2022-02-08,1,0.0,,3200.0,1523,[已隱蔽],,31.0
CUS_00195,3200.0,2023-05-09,1,0.0,,3200.0,1068,[已隱蔽],,31.0
CUS_00155,3200.0,2021-02-27,1,0.0,,3200.0,1869,[已隱蔽],,31.0
CUS_00487,3100.0,2022-03-05,1,0.0,,3100.0,1498,[已隱蔽],,31.0
CUS_00507,3100.0,2023-03-31,1,0.0,,3100.0,1107,[已隱蔽],,31.0
CUS_00276,3100.0,2024-10-03,1,0.0,,3100.0,555,[已隱蔽],,31.0
CUS_00582,3050.0,2021-12-06,1,0.0,,3050.0,1587,[已隱蔽],,31.0
CUS_00069,3000.0,2022-08-04,1,0.0,,3000.0,1346,[已隱蔽],,31.0
CUS_00198,3000.0,2022-02-10,1,0.0,,3000.0,1521,[已隱蔽],,31.0
CUS_00212,3000.0,2022-08-19,2,0.0,,3000.0,1331,[已隱蔽],,31.0
CUS_00261,3000.0,2023-05-02,1,0.0,,3000.0,1075,[已隱蔽],,31.0
CUS_00620,3000.0,2022-06-24,1,0.0,,3000.0,1387,[已隱蔽],,31.0
CUS_00601,3000.0,2020-10-05,1,0.0,,3000.0,2014,[已隱蔽],,31.0
CUS_00374,3000.0,2021-06-10,1,0.0,,3000.0,1766,[已隱蔽],,31.0
CUS_00369,3000.0,2022-03-14,1,0.0,,3000.0,1489,[已隱蔽],,31.0
CUS_00312,3000.0,2025-02-06,1,0.0,,3000.0,429,[已隱蔽],,31.0
CUS_00146,3000.0,2024-10-09,1,0.0,,3000.0,549,[已隱蔽],,31.0
CUS_00364,3000.0,2024-03-06,2,0.0,,3000.0,766,[已隱蔽],,31.0
CUS_00234,3000.0,2024-11-08,1,0.0,,3000.0,519,[已隱蔽],,31.0
CUS_00227,3000.0,2025-01-14,1,0.0,,3000.0,452,[已隱蔽],,31.0
CUS_00570,3000.0,2024-10-01,2,0.0,,3000.0,557,[已隱蔽],,31.0
CUS_00111,3000.0,2024-04-08,1,0.0,,3000.0,733,[已隱蔽],,31.0
CUS_00144,3000.0,2023-10-05,1,0.0,,3000.0,919,[已隱蔽],,31.0
CUS_00504,3000.0,2023-10-20,1,0.0,,3000.0,904,[已隱蔽],,31.0
CUS_00489,3000.0,2022-01-04,1,0.0,,3000.0,1558,[已隱蔽],,31.0
CUS_00090,3000.0,2022-12-14,1,0.0,,3000.0,1214,[已隱蔽],,31.0
CUS_00644,3000.0,2021-06-20,1,0.0,,3000.0,1756,[已隱蔽],,31.0
CUS_00680,3000.0,2023-10-21,1,0.0,,3000.0,903,[已隱蔽],,31.0
CUS_00034,3000.0,2024-03-16,1,0.0,,3000.0,756,[已隱蔽],,31.0
CUS_00402,2950.0,2023-08-03,1,0.0,,2950.0,982,[已隱蔽],,31.0
CUS_00001,2950.0,2025-02-08,1,0.0,,2950.0,427,[已隱蔽],,31.0
CUS_00418,2900.0,2023-12-05,1,0.0,,2900.0,858,[已隱蔽],,31.0
CUS_00612,2900.0,2024-03-11,1,0.0,,2900.0,761,[已隱蔽],,31.0
CUS_00408,2900.0,2023-02-04,1,0.0,,2900.0,1162,[已隱蔽],,31.0
CUS_00519,2890.0,2023-08-10,1,0.0,,2890.0,975,[已隱蔽],,31.0
CUS_00710,2800.0,2023-12-08,1,0.0,,2800.0,855,[已隱蔽],,31.0
CUS_00338,2800.0,2021-01-04,1,0.0,,2800.0,1923,[已隱蔽],,31.0
CUS_00053,2800.0,2024-06-06,1,0.0,,2800.0,674,[已隱蔽],,31.0
CUS_00711,2750.0,2021-12-27,1,0.0,,2750.0,1566,[已隱蔽],,31.0
CUS_00170,2700.0,2024-03-11,1,0.0,,2700.0,761,[已隱蔽],,31.0
CUS_00659,2700.0,2021-10-12,2,0.0,,2700.0,1642,[已隱蔽],,31.0
CUS_00628,2700.0,2022-01-17,1,0.0,,2700.0,1545,[已隱蔽],,31.0
CUS_00625,2650.0,2022-01-10,1,0.0,,2650.0,1552,[已隱蔽],,31.0
CUS_00428,2650.0,2021-08-16,1,0.0,,2650.0,1699,[已隱蔽],,31.0
CUS_00314,2600.0,2022-10-03,1,0.0,,2600.0,1286,[已隱蔽],,31.0
CUS_00140,2600.0,2022-12-27,1,0.0,,2600.0,1201,[已隱蔽],,31.0
CUS_00145,2600.0,2020-12-09,1,0.0,,2600.0,1949,[已隱蔽],,31.0
CUS_00637,2600.0,2021-09-23,1,0.0,,2600.0,1661,[已隱蔽],,31.0
CUS_00143,2575.0,2021-01-11,1,0.0,,2575.0,1916,[已隱蔽],,31.0
CUS_00660,2571.0,2024-02-01,1,0.0,,2571.0,800,[已隱蔽],,31.0
CUS_00033,2500.0,2022-02-25,1,0.0,,2500.0,1506,[已隱蔽],,31.0
CUS_00284,2500.0,2022-12-26,1,0.0,,2500.0,1202,[已隱蔽],,31.0
CUS_00734,2500.0,2022-01-19,1,0.0,,2500.0,1543,[已隱蔽],,31.0
CUS_00361,2500.0,2022-01-25,1,0.0,,2500.0,1537,[已隱蔽],,31.0
CUS_00368,2500.0,2023-11-13,1,0.0,,2500.0,880,[已隱蔽],,31.0
CUS_00233,2500.0,2021-02-06,1,0.0,,2500.0,1890,[已隱蔽],,31.0
CUS_00157,2500.0,2024-09-20,1,0.0,,2500.0,568,[已隱蔽],,31.0
CUS_00185,2500.0,2025-02-08,1,0.0,,2500.0,427,[已隱蔽],,31.0
CUS_00655,2500.0,2022-07-15,1,0.0,,2500.0,1366,[已隱蔽],,31.0
CUS_00407,2500.0,2025-01-18,1,0.0,,2500.0,448,[已隱蔽],,31.0
CUS_00511,2500.0,2022-11-16,1,0.0,,2500.0,1242,[已隱蔽],,31.0
CUS_00703,2500.0,2021-03-05,1,0.0,,2500.0,1863,[已隱蔽],,31.0
CUS_00688,2500.0,2023-11-28,1,0.0,,2500.0,865,[已隱蔽],,31.0
CUS_00039,2500.0,2023-07-26,1,0.0,,2500.0,990,[已隱蔽],,31.0
CUS_00400,2499.0,2024-02-08,1,0.0,,2499.0,793,[已隱蔽],,31.0
CUS_00310,2450.0,2020-12-03,1,0.0,,2450.0,1955,[已隱蔽],,31.0
CUS_00383,2400.0,2020-10-23,1,0.0,,2400.0,1996,[已隱蔽],,31.0
CUS_00004,2350.0,2020-10-27,1,0.0,,2350.0,1992,[已隱蔽],,31.0
CUS_00420,2350.0,2021-05-12,1,0.0,,2350.0,1795,[已隱蔽],,31.0
CUS_00049,2350.0,2021-12-22,1,0.0,,2350.0,1571,[已隱蔽],,31.0
CUS_00045,2300.0,2021-04-29,1,0.0,,2300.0,1808,[已隱蔽],,31.0
CUS_00401,2300.0,2022-01-24,1,0.0,,2300.0,1538,[已隱蔽],,31.0
CUS_00445,2300.0,2023-08-04,1,0.0,,2300.0,981,[已隱蔽],,31.0
CUS_00663,2300.0,2021-01-11,1,0.0,,2300.0,1916,[已隱蔽],,31.0
CUS_00125,2300.0,2021-04-17,1,0.0,,2300.0,1820,[已隱蔽],,31.0
CUS_00627,2299.0,2023-10-28,1,0.0,,2299.0,896,[已隱蔽],,31.0
CUS_00470,2200.0,2022-08-24,1,0.0,,2200.0,1326,[已隱蔽],,31.0
CUS_00661,2180.0,2024-07-16,2,0.0,,2180.0,634,[已隱蔽],,31.0
CUS_00440,2150.0,2025-03-21,1,0.0,,2150.0,386,[已隱蔽],,31.0
CUS_00382,2100.0,2021-03-15,1,0.0,,2100.0,1853,[已隱蔽],,31.0
CUS_00409,2100.0,2023-02-03,1,0.0,,2100.0,1163,[已隱蔽],,31.0
CUS_00447,2000.0,2023-05-12,1,0.0,,2000.0,1065,[已隱蔽],,31.0
CUS_00154,2000.0,2020-08-17,1,0.0,,2000.0,2063,[已隱蔽],,31.0
CUS_00508,2000.0,2023-01-10,1,0.0,,2000.0,1187,[已隱蔽],,31.0
CUS_00007,2000.0,2023-01-09,1,0.0,,2000.0,1188,[已隱蔽],,31.0
CUS_00147,2000.0,2023-05-20,1,0.0,,2000.0,1057,[已隱蔽],,31.0
CUS_00228,2000.0,2023-09-06,1,0.0,,2000.0,948,[已隱蔽],,31.0
CUS_00676,2000.0,2025-03-31,2,0.0,,2000.0,376,[已隱蔽],,31.0
CUS_00593,2000.0,2024-08-30,1,0.0,,2000.0,589,[已隱蔽],,31.0
CUS_00073,2000.0,2023-01-06,1,0.0,,2000.0,1191,[已隱蔽],,31.0
CUS_00473,2000.0,2024-01-24,1,0.0,,2000.0,808,[已隱蔽],,31.0
CUS_00434,2000.0,2021-02-09,1,0.0,,2000.0,1887,[已隱蔽],,31.0
CUS_00650,2000.0,2022-12-14,1,0.0,,2000.0,1214,[已隱蔽],,31.0
CUS_00698,2000.0,2021-05-24,1,0.0,,2000.0,1783,[已隱蔽],,31.0
CUS_00050,2000.0,2021-08-20,1,0.0,,2000.0,1695,[已隱蔽],,31.0
CUS_00336,1999.0,2021-11-18,1,0.0,,1999.0,1605,[已隱蔽],,31.0
CUS_00104,1999.0,2021-02-10,1,0.0,,1999.0,1886,[已隱蔽],,31.0
CUS_00610,1998.0,2020-12-12,1,0.0,,1998.0,1946,[已隱蔽],,31.0
CUS_00721,1900.0,2024-01-10,1,0.0,,1900.0,822,[已隱蔽],,31.0
CUS_00168,1900.0,2023-11-10,1,0.0,,1900.0,883,[已隱蔽],,31.0
CUS_00093,1800.0,2023-07-20,1,0.0,,1800.0,996,[已隱蔽],,31.0
CUS_00210,1800.0,2023-02-20,1,0.0,,1800.0,1146,[已隱蔽],,31.0
CUS_00141,1780.0,2021-12-20,1,0.0,,1780.0,1573,[已隱蔽],,31.0
CUS_00515,1750.0,2025-03-13,1,0.0,,1750.0,394,[已隱蔽],,31.0
CUS_00348,1700.0,2020-09-12,1,0.0,,1700.0,2037,[已隱蔽],,31.0
CUS_00152,1700.0,2024-07-15,1,0.0,,1700.0,635,[已隱蔽],,31.0
CUS_00454,1600.0,2023-05-09,1,0.0,,1600.0,1068,[已隱蔽],,31.0
CUS_00178,1600.0,2021-11-15,1,0.0,,1600.0,1608,[已隱蔽],,31.0
CUS_00029,1500.0,2024-05-11,1,0.0,,1500.0,700,[已隱蔽],,31.0
CUS_00023,1500.0,2023-02-16,1,0.0,,1500.0,1150,[已隱蔽],,31.0
CUS_00325,1500.0,2024-08-21,1,0.0,,1500.0,598,[已隱蔽],,31.0
CUS_00673,1500.0,2024-02-03,1,0.0,,1500.0,798,[已隱蔽],,31.0
CUS_00539,1500.0,2024-04-08,1,0.0,,1500.0,733,[已隱蔽],,31.0
CUS_00564,1500.0,2020-08-25,1,0.0,,1500.0,2055,[已隱蔽],,25.0
CUS_00469,1500.0,2022-11-02,1,0.0,,1500.0,1256,[已隱蔽],,31.0
CUS_00481,1500.0,2023-06-08,1,0.0,,1500.0,1038,[已隱蔽],,31.0
CUS_00466,1500.0,2023-05-27,1,0.0,,1500.0,1050,[已隱蔽],,31.0
CUS_00070,1500.0,2022-04-20,1,0.0,,1500.0,1452,[已隱蔽],,31.0
CUS_00327,1500.0,2022-01-19,1,0.0,,1500.0,1543,[已隱蔽],,31.0
CUS_00690,1400.0,2022-07-25,1,0.0,,1400.0,1356,[已隱蔽],,31.0
CUS_00003,1400.0,2022-08-24,1,0.0,,1400.0,1326,[已隱蔽],,31.0
CUS_00608,1400.0,2021-09-04,1,0.0,,1400.0,1680,[已隱蔽],,31.0
CUS_00186,1200.0,2024-12-23,1,0.0,,1200.0,474,[已隱蔽],,31.0
CUS_00506,1200.0,2025-02-14,1,0.0,,1200.0,421,[已隱蔽],,31.0
CUS_00285,1200.0,2020-10-16,1,0.0,,1200.0,2003,[已隱蔽],,31.0
CUS_00169,1200.0,2022-08-16,1,0.0,,1200.0,1334,[已隱蔽],,31.0
CUS_00566,1200.0,2022-06-02,1,0.0,,1200.0,1409,[已隱蔽],,31.0
CUS_00307,1200.0,2023-08-10,1,0.0,,1200.0,975,[已隱蔽],,31.0
CUS_00585,1100.0,2021-11-05,1,0.0,,1100.0,1618,[已隱蔽],,31.0
CUS_00621,1000.0,2022-01-14,1,0.0,,1000.0,1548,[已隱蔽],,31.0
CUS_00218,1000.0,2022-08-17,1,0.0,,1000.0,1333,[已隱蔽],,31.0
CUS_00295,1000.0,2023-07-24,1,0.0,,1000.0,992,[已隱蔽],,31.0
CUS_00535,1000.0,2024-03-27,1,0.0,,1000.0,745,[已隱蔽],,31.0
CUS_00667,1000.0,2023-07-15,1,0.0,,1000.0,1001,[已隱蔽],,31.0
CUS_00501,1000.0,2022-01-11,1,0.0,,1000.0,1551,[已隱蔽],,31.0
CUS_00684,1000.0,2023-09-08,1,0.0,,1000.0,946,[已隱蔽],,31.0
CUS_00653,1000.0,2021-02-03,1,0.0,,1000.0,1893,[已隱蔽],,31.0
CUS_00134,950.0,2021-06-22,1,0.0,,950.0,1754,[已隱蔽],,31.0
CUS_00687,900.0,2022-01-22,1,0.0,,900.0,1540,[已隱蔽],,31.0
CUS_00080,900.0,2023-03-04,1,0.0,,900.0,1134,[已隱蔽],,31.0
CUS_00589,900.0,2021-11-17,1,0.0,,900.0,1606,[已隱蔽],,31.0
CUS_00461,900.0,2021-07-30,1,0.0,,900.0,1716,[已隱蔽],,31.0
CUS_00222,900.0,2024-11-11,1,0.0,,900.0,516,[已隱蔽],,31.0
CUS_00480,810.0,2022-05-27,1,0.0,,810.0,1415,[已隱蔽],,31.0
CUS_00713,800.0,2022-06-14,1,0.0,,800.0,1397,[已隱蔽],,31.0
CUS_00315,800.0,2021-03-05,1,0.0,,800.0,1863,[已隱蔽],,31.0
CUS_00122,800.0,2024-05-17,1,0.0,,800.0,694,[已隱蔽],,31.0
CUS_00645,750.0,2024-01-08,1,0.0,,750.0,824,[已隱蔽],,31.0
CUS_00563,700.0,2024-06-13,1,0.0,,700.0,667,[已隱蔽],,31.0
CUS_00394,700.0,2021-03-01,1,0.0,,700.0,1867,[已隱蔽],,31.0
CUS_00707,600.0,2023-10-23,1,0.0,,600.0,901,[已隱蔽],,31.0
CUS_00569,600.0,2021-01-07,1,0.0,,600.0,1920,[已隱蔽],,31.0
CUS_00082,550.0,2021-10-06,2,0.0,,550.0,1648,[已隱蔽],,31.0
CUS_00697,550.0,2020-09-08,1,0.0,,550.0,2041,[已隱蔽],,31.0
CUS_00595,400.0,2021-11-08,1,0.0,,400.0,1615,[已隱蔽],,31.0
CUS_00574,350.0,2025-02-24,1,0.0,,350.0,411,[已隱蔽],,31.0
CUS_00716,300.0,2024-11-13,1,0.0,,300.0,514,[已隱蔽],,31.0
CUS_00422,300.0,2024-10-22,1,0.0,,300.0,536,[已隱蔽],,31.0
CUS_00695,200.0,2021-01-05,1,0.0,,200.0,1922,[已隱蔽],,31.0
CUS_00586,200.0,2024-12-13,1,0.0,,200.0,484,[已隱蔽],,31.0
