cusno,cusnm,revenue,margin,orders,margin_rate
CUS_00694,[已隱蔽],953244.5,576857.25,186,0.6051514065908589
CUS_00091,[已隱蔽],230550.0,140580.0,24,0.6097592713077423
CUS_00086,[已隱蔽],210750.0,123907.9,34,0.5879378410438908
CUS_00076,[已隱蔽],212750.0,101488.8,86,0.4770331374853114
CUS_00019,[已隱蔽],166600.0,84579.0,16,0.5076770708283314
CUS_00472,[已隱蔽],135950.0,72826.0,16,0.5356822361162192
CUS_00615,[已隱蔽],120250.0,72021.2,22,0.5989288981288982
CUS_00199,[已隱蔽],101450.0,60924.0,12,0.600532281912272
CUS_00558,[已隱蔽],99900.0,57785.8,16,0.5784364364364365
CUS_00733,[已隱蔽],86300.0,52187.0,36,0.6047161066048667
CUS_00333,[已隱蔽],116750.0,51498.5,11,0.44110064239828695
CUS_00026,[已隱蔽],76650.0,50405.2,6,0.6576020874103066
CUS_00674,[已隱蔽],76750.0,49970.0,6,0.6510749185667752
CUS_00254,[已隱蔽],82350.0,43897.5,17,0.5330601092896174
CUS_00682,[已隱蔽],97660.0,43853.6,97,0.4490436207249641
CUS_00561,[已隱蔽],76100.0,43207.0,16,0.5677660972404731
CUS_00555,[已隱蔽],86200.0,40446.4,23,0.469215777262181
CUS_00031,[已隱蔽],74150.0,39553.9,12,0.5334308833445718
CUS_00066,[已隱蔽],88200.0,38594.8,11,0.43758276643990934
CUS_00630,[已隱蔽],84960.0,37055.0,39,0.4361464218455744
CUS_00365,[已隱蔽],49350.0,31595.5,15,0.6402330293819656
CUS_00171,[已隱蔽],61150.0,31460.0,7,0.5144726083401472
CUS_00656,[已隱蔽],61100.0,31072.0,45,0.508543371522095
CUS_00197,[已隱蔽],47050.0,29431.6,11,0.625538788522848
CUS_00622,[已隱蔽],38710.0,23938.0,6,0.6183931800568329
CUS_00032,[已隱蔽],54450.0,23347.0,7,0.4287786960514233
CUS_00471,[已隱蔽],36500.0,23320.0,5,0.6389041095890411
CUS_00533,[已隱蔽],47035.0,23315.0,37,0.4956946954395663
CUS_00132,[已隱蔽],43330.0,22077.0,18,0.5095084237249019
CUS_00231,[已隱蔽],33250.0,21869.0,10,0.6577142857142857
CUS_00021,[已隱蔽],38250.0,20581.6,9,0.538081045751634
CUS_00731,[已隱蔽],34950.0,20376.0,5,0.5830042918454935
CUS_00158,[已隱蔽],28450.0,19003.0,4,0.6679437609841827
CUS_00058,[已隱蔽],28700.0,18978.0,6,0.6612543554006969
CUS_00177,[已隱蔽],28950.0,18927.0,2,0.6537823834196891
CUS_00494,[已隱蔽],31000.0,17500.0,1,0.5645161290322581
CUS_00283,[已隱蔽],30700.0,17260.0,3,0.5622149837133551
CUS_00085,[已隱蔽],26150.0,17210.0,6,0.6581261950286806
CUS_00478,[已隱蔽],32700.0,17207.0,5,0.5262079510703364
CUS_00054,[已隱蔽],39750.0,17200.0,5,0.4327044025157233
CUS_00396,[已隱蔽],34500.0,16800.0,6,0.48695652173913045
CUS_00189,[已隱蔽],35300.0,16664.5,3,0.47208215297450423
CUS_00262,[已隱蔽],29500.0,16250.0,2,0.5508474576271186
CUS_00389,[已隱蔽],23570.0,16185.0,10,0.6866779804836657
CUS_00308,[已隱蔽],31820.0,15536.0,2,0.48824638592080455
CUS_00047,[已隱蔽],32700.0,15520.0,3,0.4746177370030581
CUS_00020,[已隱蔽],27800.0,15164.0,3,0.5454676258992806
CUS_00495,[已隱蔽],23700.0,15070.0,5,0.6358649789029536
CUS_00107,[已隱蔽],33250.0,15035.0,1,0.45218045112781957
CUS_00557,[已隱蔽],31300.0,14830.0,9,0.47380191693290735
CUS_00079,[已隱蔽],30250.0,14704.4,2,0.48609586776859504
CUS_00503,[已隱蔽],29900.0,14699.2,2,0.4916120401337793
CUS_00691,[已隱蔽],28300.0,14545.0,6,0.5139575971731449
CUS_00340,[已隱蔽],26300.0,14450.0,2,0.5494296577946768
CUS_00217,[已隱蔽],23450.0,14412.0,3,0.6145842217484009
CUS_00442,[已隱蔽],27600.0,14260.0,5,0.5166666666666667
CUS_00321,[已隱蔽],26000.0,14200.0,3,0.5461538461538461
CUS_00181,[已隱蔽],30850.0,13975.0,5,0.4529983792544571
CUS_00159,[已隱蔽],26050.0,13959.0,3,0.5358541266794625
CUS_00133,[已隱蔽],33400.0,13845.0,5,0.4145209580838323
CUS_00074,[已隱蔽],28190.0,13710.4,42,0.4863568641362185
CUS_00044,[已隱蔽],22100.0,13677.0,6,0.618868778280543
CUS_00006,[已隱蔽],24000.0,13620.0,3,0.5675
CUS_00236,[已隱蔽],18550.0,13619.800000000001,8,0.7342210242587601
CUS_00334,[已隱蔽],19000.0,13528.6,4,0.7120315789473685
CUS_00636,[已隱蔽],21900.0,13430.0,4,0.6132420091324201
CUS_00678,[已隱蔽],18000.0,13380.0,6,0.7433333333333333
CUS_00665,[已隱蔽],39000.0,13360.0,2,0.3425641025641026
CUS_00444,[已隱蔽],20600.0,13010.0,2,0.6315533980582524
CUS_00272,[已隱蔽],26300.0,12820.0,3,0.4874524714828897
CUS_00430,[已隱蔽],29000.0,12700.0,2,0.4379310344827586
CUS_00443,[已隱蔽],22200.0,12646.4,3,0.5696576576576576
CUS_00450,[已隱蔽],21150.0,12604.0,3,0.5959338061465721
CUS_00116,[已隱蔽],24300.0,12325.0,1,0.507201646090535
CUS_00161,[已隱蔽],22650.0,12208.0,5,0.5389845474613687
CUS_00683,[已隱蔽],23550.0,12040.0,3,0.5112526539278132
CUS_00148,[已隱蔽],26000.0,12000.0,2,0.46153846153846156
CUS_00499,[已隱蔽],23500.0,11971.0,5,0.5094042553191489
CUS_00479,[已隱蔽],22300.0,11760.0,1,0.5273542600896861
CUS_00598,[已隱蔽],23650.0,11670.0,25,0.493446088794926
CUS_00013,[已隱蔽],17300.0,11653.7,5,0.6736242774566474
CUS_00556,[已隱蔽],28600.0,11500.0,7,0.4020979020979021
CUS_00532,[已隱蔽],28000.0,11481.0,3,0.4100357142857143
CUS_00072,[已隱蔽],23900.0,11215.0,3,0.4692468619246862
CUS_00009,[已隱蔽],16450.0,11042.0,7,0.6712462006079027
CUS_00291,[已隱蔽],23000.0,11000.0,1,0.4782608695652174
CUS_00370,[已隱蔽],23140.0,10874.0,8,0.4699222126188418
CUS_00121,[已隱蔽],17800.0,10657.0,2,0.5987078651685394
CUS_00084,[已隱蔽],19509.0,10655.0,17,0.5461581834025322
CUS_00119,[已隱蔽],18099.0,10619.0,4,0.5867174982043207
CUS_00538,[已隱蔽],13450.0,10560.0,3,0.7851301115241636
CUS_00108,[已隱蔽],18500.0,10520.0,2,0.5686486486486486
CUS_00182,[已隱蔽],13750.0,10500.7,4,0.7636872727272728
CUS_00151,[已隱蔽],25300.0,10355.0,2,0.40928853754940714
CUS_00576,[已隱蔽],15450.0,10293.0,4,0.6662135922330097
CUS_00180,[已隱蔽],20500.0,10240.0,5,0.4995121951219512
CUS_00517,[已隱蔽],18000.0,10100.0,1,0.5611111111111111
CUS_00028,[已隱蔽],23800.0,10016.0,3,0.42084033613445376
CUS_00371,[已隱蔽],18000.0,10000.0,1,0.5555555555555556
CUS_00311,[已隱蔽],24500.0,10000.0,1,0.40816326530612246
CUS_00150,[已隱蔽],15600.0,9941.0,2,0.6372435897435897
CUS_00292,[已隱蔽],15700.0,9930.0,1,0.632484076433121
CUS_00554,[已隱蔽],21050.0,9890.0,9,0.469833729216152
CUS_00482,[已隱蔽],15850.0,9880.0,5,0.6233438485804417
CUS_00723,[已隱蔽],14650.0,9752.0,5,0.6656655290102389
CUS_00035,[已隱蔽],26700.0,9720.0,5,0.36404494382022473
CUS_00356,[已隱蔽],15000.0,9680.0,2,0.6453333333333333
CUS_00448,[已隱蔽],13460.0,9610.0,3,0.7139673105497771
CUS_00547,[已隱蔽],22900.0,9560.0,3,0.41746724890829695
CUS_00183,[已隱蔽],15700.0,9460.0,3,0.6025477707006369
CUS_00675,[已隱蔽],21300.0,9450.0,2,0.44366197183098594
CUS_00043,[已隱蔽],19000.0,9400.0,1,0.49473684210526314
CUS_00404,[已隱蔽],16000.0,9350.0,1,0.584375
CUS_00594,[已隱蔽],18550.0,9350.0,8,0.5040431266846361
CUS_00067,[已隱蔽],23000.0,9324.8,5,0.4054260869565217
CUS_00081,[已隱蔽],20000.0,9276.0,1,0.4638
CUS_00693,[已隱蔽],15850.0,9248.0,10,0.5834700315457413
CUS_00706,[已隱蔽],14450.0,9210.4,8,0.6373979238754325
CUS_00704,[已隱蔽],19470.0,8960.2,15,0.4602054442732409
CUS_00618,[已隱蔽],23200.0,8923.4,12,0.38462931034482756
CUS_00529,[已隱蔽],14000.0,8922.0,4,0.6372857142857142
CUS_00502,[已隱蔽],21000.0,8875.0,2,0.4226190476190476
CUS_00298,[已隱蔽],17800.0,8800.0,3,0.4943820224719101
CUS_00602,[已隱蔽],12450.0,8790.0,2,0.7060240963855422
CUS_00518,[已隱蔽],12800.0,8450.0,2,0.66015625
CUS_00451,[已隱蔽],14950.0,8410.0,2,0.5625418060200669
CUS_00413,[已隱蔽],15900.0,8400.0,2,0.5283018867924528
CUS_00664,[已隱蔽],13250.0,8360.0,3,0.630943396226415
CUS_00022,[已隱蔽],21100.0,8270.0,2,0.3919431279620853
CUS_00490,[已隱蔽],12300.0,8251.0,2,0.6708130081300813
CUS_00437,[已隱蔽],12300.0,8250.0,1,0.6707317073170732
CUS_00016,[已隱蔽],14650.0,8200.0,2,0.5597269624573379
CUS_00335,[已隱蔽],20300.0,8200.0,2,0.4039408866995074
CUS_00712,[已隱蔽],16000.0,8150.0,2,0.509375
CUS_00381,[已隱蔽],19500.0,8100.0,2,0.4153846153846154
CUS_00239,[已隱蔽],13300.0,8052.0,2,0.6054135338345865
CUS_00046,[已隱蔽],15500.0,7972.0,4,0.5143225806451613
CUS_00730,[已隱蔽],11700.0,7938.5,4,0.6785042735042736
CUS_00553,[已隱蔽],12000.0,7800.0,1,0.65
CUS_00306,[已隱蔽],13500.0,7800.0,2,0.5777777777777777
CUS_00309,[已隱蔽],13800.0,7760.0,4,0.5623188405797102
CUS_00671,[已隱蔽],19400.0,7760.0,1,0.4
CUS_00002,[已隱蔽],12700.0,7690.0,1,0.6055118110236221
CUS_00303,[已隱蔽],9900.0,7690.0,3,0.7767676767676768
CUS_00415,[已隱蔽],9600.0,7560.0,3,0.7875
CUS_00391,[已隱蔽],10900.0,7546.0,3,0.6922935779816514
CUS_00424,[已隱蔽],12250.0,7543.4,3,0.6157877551020408
CUS_00536,[已隱蔽],9600.0,7492.0,2,0.7804166666666666
CUS_00112,[已隱蔽],12376.0,7353.0,3,0.5941338073691015
CUS_00411,[已隱蔽],9900.0,7310.0,2,0.7383838383838384
CUS_00512,[已隱蔽],10950.0,7292.0,4,0.6659360730593608
CUS_00571,[已隱蔽],10700.0,7259.0,2,0.6784112149532711
CUS_00572,[已隱蔽],14250.0,7255.0,7,0.5091228070175439
CUS_00491,,10000.0,7231.8,2,0.72318
CUS_00064,[已隱蔽],14200.0,7230.0,2,0.5091549295774648
CUS_00367,[已隱蔽],9880.0,7180.0,7,0.7267206477732794
CUS_00514,[已隱蔽],12650.0,7175.0,3,0.567193675889328
CUS_00042,[已隱蔽],12100.0,7060.0,2,0.5834710743801653
CUS_00530,[已隱蔽],12700.0,7050.0,4,0.5551181102362205
CUS_00344,[已隱蔽],17000.0,7000.0,1,0.4117647058823529
CUS_00215,[已隱蔽],16500.0,7000.0,1,0.42424242424242425
CUS_00624,[已隱蔽],17500.0,6900.0,3,0.3942857142857143
CUS_00395,[已隱蔽],9000.0,6847.7,1,0.7608555555555555
CUS_00521,[已隱蔽],18100.0,6820.0,1,0.37679558011049724
CUS_00317,[已隱蔽],11750.0,6780.0,1,0.5770212765957446
CUS_00211,[已隱蔽],11700.0,6759.0,2,0.5776923076923077
CUS_00097,[已隱蔽],10200.0,6700.0,3,0.6568627450980392
CUS_00672,[已隱蔽],10500.0,6700.0,1,0.638095238095238
CUS_00260,[已隱蔽],11900.0,6650.0,3,0.5588235294117647
CUS_00416,[已隱蔽],10800.0,6636.4,2,0.6144814814814814
CUS_00537,[已隱蔽],10100.0,6632.0,1,0.6566336633663367
CUS_00331,[已隱蔽],10900.0,6614.0,4,0.606788990825688
CUS_00355,[已隱蔽],16350.0,6550.0,5,0.40061162079510704
CUS_00592,[已隱蔽],10800.0,6440.0,2,0.5962962962962963
CUS_00322,[已隱蔽],9000.0,6350.0,3,0.7055555555555556
CUS_00541,[已隱蔽],11000.0,6349.0,1,0.5771818181818181
CUS_00531,[已隱蔽],10150.0,6330.0,3,0.6236453201970443
CUS_00528,[已隱蔽],9150.0,6310.0,1,0.6896174863387978
CUS_00436,[已隱蔽],12500.0,6200.0,2,0.496
CUS_00375,[已隱蔽],12000.0,6200.0,1,0.5166666666666667
CUS_00666,[已隱蔽],16999.0,6129.0,1,0.36055062062474263
CUS_00679,[已隱蔽],15700.0,6110.0,1,0.389171974522293
CUS_00051,[已隱蔽],8600.0,6073.0,1,0.7061627906976744
CUS_00094,[已隱蔽],9770.0,6061.0,3,0.6203684749232344
CUS_00219,[已隱蔽],8000.0,6009.0,3,0.751125
CUS_00240,[已隱蔽],10000.0,6000.0,1,0.6
CUS_00357,[已隱蔽],10000.0,6000.0,1,0.6
CUS_00542,[已隱蔽],12000.0,6000.0,1,0.5
CUS_00216,[已隱蔽],14700.0,6000.0,1,0.40816326530612246
CUS_00179,[已隱蔽],14000.0,5990.0,2,0.4278571428571429
CUS_00641,[已隱蔽],8000.0,5909.0,1,0.738625
CUS_00165,[已隱蔽],14000.0,5800.0,1,0.4142857142857143
CUS_00393,[已隱蔽],9400.0,5796.4,2,0.6166382978723404
CUS_00193,[已隱蔽],10140.0,5790.0,1,0.5710059171597633
CUS_00214,[已隱蔽],10299.0,5783.0,2,0.5615108262938149
CUS_00588,[已隱蔽],16350.0,5762.0,13,0.3524159021406728
CUS_00266,[已隱蔽],11500.0,5750.0,1,0.5
CUS_00105,[已隱蔽],17600.0,5700.0,1,0.32386363636363635
CUS_00027,[已隱蔽],8000.0,5700.0,1,0.7125
CUS_00281,[已隱蔽],8400.0,5660.0,2,0.6738095238095239
CUS_00429,[已隱蔽],8000.0,5659.0,1,0.707375
CUS_00510,[已隱蔽],8600.0,5650.0,1,0.6569767441860465
CUS_00005,[已隱蔽],8500.0,5650.0,1,0.6647058823529411
CUS_00098,[已隱蔽],15500.0,5600.0,1,0.36129032258064514
CUS_00277,[已隱蔽],11000.0,5550.0,1,0.5045454545454545
CUS_00190,[已隱蔽],7000.0,5550.0,1,0.7928571428571428
CUS_00326,[已隱蔽],15155.0,5525.0,3,0.3645661497855493
CUS_00591,[已隱蔽],15000.0,5500.0,1,0.36666666666666664
CUS_00419,[已隱蔽],8300.0,5489.0,1,0.6613253012048192
CUS_00463,[已隱蔽],6800.0,5474.0,1,0.805
CUS_00366,[已隱蔽],8200.0,5442.0,1,0.6636585365853659
CUS_00163,[已隱蔽],8500.0,5421.0,2,0.6377647058823529
CUS_00643,[已隱蔽],7500.0,5409.0,1,0.7212
CUS_00722,[已隱蔽],10300.0,5400.0,3,0.5242718446601942
CUS_00089,[已隱蔽],11700.0,5370.0,2,0.45897435897435895
CUS_00692,[已隱蔽],10650.0,5360.0,1,0.5032863849765258
CUS_00173,[已隱蔽],9100.0,5350.0,2,0.5879120879120879
CUS_00323,[已隱蔽],8000.0,5300.0,1,0.6625
CUS_00634,[已隱蔽],7150.0,5280.0,2,0.7384615384615385
CUS_00221,[已隱蔽],7500.0,5263.7,3,0.7018266666666666
CUS_00229,[已隱蔽],7000.0,5258.8,2,0.7512571428571428
CUS_00030,[已隱蔽],10800.0,5201.8,2,0.48164814814814816
CUS_00103,[已隱蔽],7500.0,5200.0,1,0.6933333333333334
CUS_00041,[已隱蔽],10750.0,5200.0,1,0.48372093023255813
CUS_00241,[已隱蔽],7500.0,5200.0,1,0.6933333333333334
CUS_00166,[已隱蔽],8500.0,5200.0,1,0.611764705882353
CUS_00520,[已隱蔽],6450.0,5182.0,5,0.8034108527131782
CUS_00268,[已隱蔽],7650.0,5152.8,3,0.6735686274509805
CUS_00110,[已隱蔽],6820.0,5114.0,3,0.7498533724340176
CUS_00015,[已隱蔽],6850.0,5100.0,1,0.7445255474452555
CUS_00720,[已隱蔽],11200.0,5050.0,3,0.45089285714285715
CUS_00614,[已隱蔽],6900.0,4997.0,1,0.7242028985507246
CUS_00453,[已隱蔽],9150.0,4975.0,1,0.5437158469945356
CUS_00386,[已隱蔽],7500.0,4960.0,1,0.6613333333333333
CUS_00606,[已隱蔽],8800.0,4910.0,2,0.5579545454545455
CUS_00372,[已隱蔽],16500.0,4900.0,1,0.296969696969697
CUS_00689,[已隱蔽],8400.0,4890.0,2,0.5821428571428572
CUS_00267,[已隱蔽],6700.0,4880.0,1,0.7283582089552239
CUS_00297,[已隱蔽],8200.0,4875.0,2,0.5945121951219512
CUS_00114,[已隱蔽],5000.0,4870.0,1,0.974
CUS_00273,[已隱蔽],8000.0,4835.0,1,0.604375
CUS_00498,[已隱蔽],10190.0,4801.2,4,0.47116781157998033
CUS_00642,[已隱蔽],6300.0,4800.0,2,0.7619047619047619
CUS_00192,[已隱蔽],11600.0,4785.0,1,0.4125
CUS_00433,[已隱蔽],7050.0,4780.0,2,0.6780141843971631
CUS_00360,[已隱蔽],7750.0,4768.7,2,0.6153161290322581
CUS_00071,[已隱蔽],13340.0,4760.0,2,0.3568215892053973
CUS_00385,[已隱蔽],7800.0,4760.0,1,0.6102564102564103
CUS_00438,[已隱蔽],6000.0,4720.0,1,0.7866666666666666
CUS_00349,[已隱蔽],7000.0,4700.0,1,0.6714285714285714
CUS_00062,[已隱蔽],7000.0,4700.0,1,0.6714285714285714
CUS_00350,[已隱蔽],6150.0,4698.0,1,0.7639024390243903
CUS_00388,[已隱蔽],9249.0,4644.0,2,0.5021083360363282
CUS_00376,[已隱蔽],7750.0,4610.0,4,0.5948387096774194
CUS_00699,[已隱蔽],7800.0,4600.0,3,0.5897435897435898
CUS_00613,[已隱蔽],5900.0,4550.0,1,0.7711864406779662
CUS_00379,[已隱蔽],6050.0,4550.0,2,0.7520661157024794
CUS_00280,[已隱蔽],5500.0,4550.0,1,0.8272727272727273
CUS_00609,[已隱蔽],7000.0,4530.0,2,0.6471428571428571
CUS_00149,[已隱蔽],6800.0,4506.0,2,0.6626470588235294
CUS_00184,[已隱蔽],8800.0,4502.8,2,0.5116818181818182
CUS_00252,[已隱蔽],6000.0,4500.0,4,0.75
CUS_00522,[已隱蔽],7200.0,4495.0,1,0.6243055555555556
CUS_00362,[已隱蔽],7500.0,4490.0,1,0.5986666666666667
CUS_00342,[已隱蔽],7950.0,4415.0,3,0.5553459119496855
CUS_00497,                                                            ,7450.0,4410.0,1,0.5919463087248322
CUS_00258,[已隱蔽],6850.0,4400.0,4,0.6423357664233577
CUS_00500,[已隱蔽],8600.0,4370.0,1,0.5081395348837209
CUS_00235,[已隱蔽],6667.0,4367.0,1,0.6550172491375431
CUS_00220,[已隱蔽],6150.0,4360.0,1,0.7089430894308943
CUS_00208,[已隱蔽],5000.0,4350.0,1,0.87
CUS_00087,[已隱蔽],6400.0,4295.0,1,0.67109375
CUS_00205,[已隱蔽],6000.0,4250.0,3,0.7083333333333334
CUS_00299,[已隱蔽],6500.0,4232.0,2,0.6510769230769231
CUS_00681,[已隱蔽],8500.0,4225.0,2,0.4970588235294118
CUS_00008,[已隱蔽],7800.0,4220.0,2,0.541025641025641
CUS_00167,[已隱蔽],6000.0,4200.0,1,0.7
CUS_00248,[已隱蔽],6800.0,4160.0,1,0.611764705882353
CUS_00017,[已隱蔽],8500.0,4150.0,1,0.48823529411764705
CUS_00135,[已隱蔽],11320.0,4122.0,5,0.3641342756183746
CUS_00550,[已隱蔽],8150.0,4085.0,2,0.5012269938650307
CUS_00120,[已隱蔽],7150.0,4080.0,2,0.5706293706293706
CUS_00496,[已隱蔽],8500.0,4050.0,1,0.4764705882352941
CUS_00549,[已隱蔽],8530.0,4045.0,12,0.4742086752637749
CUS_00330,[已隱蔽],8000.0,4000.0,1,0.5
CUS_00206,[已隱蔽],11500.0,4000.0,1,0.34782608695652173
CUS_00318,[已隱蔽],6000.0,4000.0,1,0.6666666666666666
CUS_00462,[已隱蔽],7800.0,4000.0,1,0.5128205128205128
CUS_00294,[已隱蔽],10000.0,4000.0,1,0.4
CUS_00313,[已隱蔽],7000.0,4000.0,1,0.5714285714285714
CUS_00390,[已隱蔽],5800.0,3970.0,1,0.6844827586206896
CUS_00153,[已隱蔽],10800.0,3950.0,2,0.36574074074074076
CUS_00191,[已隱蔽],11800.0,3950.0,1,0.3347457627118644
CUS_00259,[已隱蔽],5250.0,3910.0,1,0.7447619047619047
CUS_00012,[已隱蔽],10400.0,3850.0,2,0.3701923076923077
CUS_00455,[已隱蔽],5760.0,3850.0,1,0.6684027777777778
CUS_00057,[已隱蔽],5350.0,3820.0,2,0.7140186915887851
CUS_00196,[已隱蔽],7100.0,3811.0,2,0.5367605633802817
CUS_00257,[已隱蔽],7500.0,3760.0,2,0.5013333333333333
CUS_00287,[已隱蔽],5900.0,3750.0,2,0.635593220338983
CUS_00290,[已隱蔽],4000.0,3750.0,1,0.9375
CUS_00460,[已隱蔽],6500.0,3740.0,2,0.5753846153846154
CUS_00117,[已隱蔽],6000.0,3740.0,1,0.6233333333333333
CUS_00126,[已隱蔽],6700.0,3712.0,3,0.5540298507462686
CUS_00251,[已隱蔽],10500.0,3700.0,1,0.3523809523809524
CUS_00398,[已隱蔽],9500.0,3700.0,1,0.3894736842105263
CUS_00269,[已隱蔽],7300.0,3700.0,1,0.5068493150684932
CUS_00417,[已隱蔽],5100.0,3700.0,1,0.7254901960784313
CUS_00038,[已隱蔽],12500.0,3700.0,1,0.296
CUS_00384,[已隱蔽],5399.0,3699.0,2,0.6851268753472866
CUS_00014,[已隱蔽],4950.0,3690.0,2,0.7454545454545455
CUS_00423,[已隱蔽],6000.0,3645.0,1,0.6075
CUS_00055,[已隱蔽],10500.0,3600.0,1,0.34285714285714286
CUS_00175,[已隱蔽],5400.0,3595.0,1,0.6657407407407407
CUS_00136,[已隱蔽],4800.0,3590.0,1,0.7479166666666667
CUS_00201,[已隱蔽],4900.0,3580.0,1,0.7306122448979592
CUS_00202,[已隱蔽],4850.0,3568.0,1,0.7356701030927835
CUS_00702,[已隱蔽],5850.0,3510.0,1,0.6
CUS_00279,[已隱蔽],5500.0,3500.0,1,0.6363636363636364
CUS_00540,[已隱蔽],6400.0,3465.0,1,0.54140625
CUS_00063,[已隱蔽],4500.0,3450.0,1,0.7666666666666667
CUS_00244,[已隱蔽],5000.0,3450.0,1,0.69
CUS_00669,[已隱蔽],6650.0,3412.0,2,0.5130827067669173
CUS_00075,[已隱蔽],4250.0,3410.0,1,0.8023529411764706
CUS_00475,[已隱蔽],4000.0,3390.0,1,0.8475
CUS_00457,[已隱蔽],5500.0,3380.0,1,0.6145454545454545
CUS_00265,[已隱蔽],5850.0,3365.0,3,0.5752136752136752
CUS_00346,[已隱蔽],5500.0,3360.0,1,0.610909090909091
CUS_00513,[已隱蔽],7700.0,3340.0,1,0.43376623376623374
CUS_00435,[已隱蔽],4565.0,3337.0,1,0.7309967141292443
CUS_00088,[已隱蔽],5675.0,3335.0,1,0.5876651982378854
CUS_00160,[已隱蔽],6800.0,3290.0,2,0.4838235294117647
CUS_00363,[已隱蔽],5300.0,3230.0,1,0.6094339622641509
CUS_00484,[已隱蔽],5550.0,3210.0,2,0.5783783783783784
CUS_00635,[已隱蔽],5500.0,3200.0,1,0.5818181818181818
CUS_00623,[已隱蔽],5500.0,3200.0,1,0.5818181818181818
CUS_00476,[已隱蔽],11000.0,3190.0,1,0.29
CUS_00579,[已隱蔽],5200.0,3180.0,1,0.6115384615384616
CUS_00223,[已隱蔽],4600.0,3175.0,2,0.6902173913043478
CUS_00263,[已隱蔽],4500.0,3175.0,1,0.7055555555555556
CUS_00714,[已隱蔽],4300.0,3150.0,1,0.7325581395348837
CUS_00670,[已隱蔽],10000.0,3150.0,1,0.315
CUS_00068,[已隱蔽],3700.0,3130.0,1,0.845945945945946
CUS_00648,[已隱蔽],9000.0,3110.0,7,0.34555555555555556
CUS_00037,[已隱蔽],3800.0,3090.0,1,0.8131578947368421
CUS_00204,[已隱蔽],3800.0,3078.0,2,0.81
CUS_00301,[已隱蔽],6200.0,3070.0,2,0.49516129032258066
CUS_00274,[已隱蔽],4100.0,3033.8,1,0.7399512195121951
CUS_00056,[已隱蔽],4262.0,3012.0,1,0.7067104645706241
CUS_00339,[已隱蔽],4200.0,2986.0,1,0.710952380952381
CUS_00638,[已隱蔽],6100.0,2980.0,5,0.4885245901639344
CUS_00131,[已隱蔽],4500.0,2950.0,3,0.6555555555555556
CUS_00668,[已隱蔽],3500.0,2950.0,1,0.8428571428571429
CUS_00631,[已隱蔽],8800.0,2950.0,2,0.3352272727272727
CUS_00607,[已隱蔽],6650.0,2945.0,2,0.44285714285714284
CUS_00647,[已隱蔽],11500.0,2890.0,3,0.25130434782608696
CUS_00427,[已隱蔽],5400.0,2880.0,2,0.5333333333333333
CUS_00256,[已隱蔽],5120.0,2861.4,2,0.5588671875
CUS_00246,[已隱蔽],4500.0,2850.0,2,0.6333333333333333
CUS_00493,[已隱蔽],3800.0,2840.0,1,0.7473684210526316
CUS_00271,[已隱蔽],4300.0,2835.0,1,0.6593023255813953
CUS_00077,[已隱蔽],6300.0,2820.0,4,0.44761904761904764
CUS_00203,[已隱蔽],4500.0,2810.0,1,0.6244444444444445
CUS_00527,[已隱蔽],4700.0,2800.0,1,0.5957446808510638
CUS_00329,[已隱蔽],4000.0,2800.0,1,0.7
CUS_00096,[已隱蔽],4000.0,2800.0,1,0.7
CUS_00052,[已隱蔽],4000.0,2780.0,2,0.695
CUS_00392,[已隱蔽],3500.0,2775.0,1,0.7928571428571428
CUS_00288,[已隱蔽],4350.0,2767.0,1,0.6360919540229885
CUS_00544,                                                            ,4000.0,2760.0,1,0.69
CUS_00347,[已隱蔽],5800.0,2750.0,2,0.47413793103448276
CUS_00224,[已隱蔽],6500.0,2730.0,1,0.42
CUS_00604,[已隱蔽],4455.0,2715.0,1,0.6094276094276094
CUS_00351,[已隱蔽],3450.0,2715.0,1,0.7869565217391304
CUS_00270,[已隱蔽],4799.0,2711.0,2,0.5649093561158575
CUS_00275,[已隱蔽],4200.0,2710.0,3,0.6452380952380953
CUS_00551,[已隱蔽],7500.0,2700.0,1,0.36
CUS_00300,[已隱蔽],4300.0,2655.0,1,0.6174418604651163
CUS_00524,[已隱蔽],3500.0,2650.0,1,0.7571428571428571
CUS_00640,[已隱蔽],3760.0,2645.0,1,0.7034574468085106
CUS_00010,[已隱蔽],8800.0,2630.0,1,0.2988636363636364
CUS_00718,[已隱蔽],6500.0,2630.0,4,0.4046153846153846
CUS_00354,[已隱蔽],4100.0,2625.0,2,0.6402439024390244
CUS_00464,[已隱蔽],3700.0,2610.0,1,0.7054054054054054
CUS_00657,[已隱蔽],5000.0,2600.0,1,0.52
CUS_00118,[已隱蔽],3850.0,2590.0,1,0.6727272727272727
CUS_00685,[已隱蔽],3300.0,2580.0,1,0.7818181818181819
CUS_00483,[已隱蔽],3550.0,2575.0,1,0.7253521126760564
CUS_00230,[已隱蔽],4850.0,2570.0,1,0.5298969072164949
CUS_00059,[已隱蔽],4000.0,2550.0,2,0.6375
CUS_00504,[已隱蔽],3000.0,2550.0,1,0.85
CUS_00213,[已隱蔽],4200.0,2540.0,1,0.6047619047619047
CUS_00113,[已隱蔽],4000.0,2530.0,1,0.6325
CUS_00316,[已隱蔽],4290.0,2525.0,1,0.5885780885780886
CUS_00432,[已隱蔽],3730.0,2524.7,1,0.6768632707774799
CUS_00162,[已隱蔽],5200.0,2505.0,2,0.48173076923076924
CUS_00099,[已隱蔽],4800.0,2500.0,2,0.5208333333333334
CUS_00449,[已隱蔽],7500.0,2500.0,1,0.3333333333333333
CUS_00345,[已隱蔽],8499.0,2499.0,1,0.2940345923049771
CUS_00146,[已隱蔽],3000.0,2460.0,1,0.82
CUS_00421,[已隱蔽],4700.0,2460.0,1,0.5234042553191489
CUS_00083,[已隱蔽],4952.0,2452.0,1,0.49515347334410337
CUS_00232,[已隱蔽],3200.0,2410.0,1,0.753125
CUS_00526,[已隱蔽],4200.0,2400.0,1,0.5714285714285714
CUS_00410,[已隱蔽],4400.0,2394.5,2,0.5442045454545454
CUS_00652,[已隱蔽],4000.0,2390.0,2,0.5975
CUS_00048,[已隱蔽],3250.0,2350.0,1,0.7230769230769231
CUS_00467,[已隱蔽],3500.0,2350.0,1,0.6714285714285714
CUS_00646,,4400.0,2341.0,3,0.5320454545454546
CUS_00106,[已隱蔽],4200.0,2340.0,1,0.5571428571428572
CUS_00399,[已隱蔽],3800.0,2325.0,1,0.6118421052631579
CUS_00373,[已隱蔽],3800.0,2318.0,1,0.61
CUS_00726,[已隱蔽],6500.0,2300.0,1,0.35384615384615387
CUS_00492,[已隱蔽],4225.0,2295.0,2,0.5431952662721894
CUS_00249,[已隱蔽],3900.0,2275.0,1,0.5833333333333334
CUS_00431,[已隱蔽],3700.0,2270.0,3,0.6135135135135135
CUS_00320,[已隱蔽],3950.0,2270.0,1,0.5746835443037974
CUS_00293,[已隱蔽],4200.0,2265.0,1,0.5392857142857143
CUS_00282,[已隱蔽],3800.0,2250.0,3,0.5921052631578947
CUS_00227,[已隱蔽],3000.0,2250.0,1,0.75
CUS_00458,[已隱蔽],3550.0,2235.0,1,0.6295774647887324
CUS_00570,[已隱蔽],3000.0,2200.0,2,0.7333333333333333
CUS_00408,[已隱蔽],2900.0,2200.0,1,0.7586206896551724
CUS_00452,[已隱蔽],3300.0,2200.0,1,0.6666666666666666
CUS_00402,[已隱蔽],2950.0,2200.0,1,0.7457627118644068
CUS_00060,[已隱蔽],3499.0,2199.0,1,0.6284652757930838
CUS_00238,[已隱蔽],4000.0,2190.0,1,0.5475
CUS_00337,[已隱蔽],7350.0,2150.0,1,0.2925170068027211
CUS_00552,[已隱蔽],4300.0,2150.0,1,0.5
CUS_00155,[已隱蔽],3200.0,2147.6,1,0.671125
CUS_00001,[已隱蔽],2950.0,2138.5,1,0.7249152542372881
CUS_00582,[已隱蔽],3050.0,2135.0,1,0.7
CUS_00519,[已隱蔽],2890.0,2131.4,1,0.7375086505190311
CUS_00276,[已隱蔽],3100.0,2130.0,1,0.6870967741935484
CUS_00226,[已隱蔽],3500.0,2100.0,1,0.6
CUS_00516,[已隱蔽],4000.0,2100.0,1,0.525
CUS_00069,[已隱蔽],3000.0,2100.0,1,0.7
CUS_00312,[已隱蔽],3000.0,2100.0,1,0.7
CUS_00364,[已隱蔽],3000.0,2100.0,2,0.7
CUS_00100,                                                            ,3450.0,2100.0,1,0.6086956521739131
CUS_00405,[已隱蔽],3449.0,2099.0,1,0.6085821977384749
CUS_00587,[已隱蔽],13300.0,2080.0,3,0.15639097744360902
CUS_00369,[已隱蔽],3000.0,2078.0,1,0.6926666666666667
CUS_00677,[已隱蔽],4300.0,2060.0,1,0.4790697674418605
CUS_00124,[已隱蔽],5749.0,2054.0,1,0.357279526874239
CUS_00439,[已隱蔽],6500.0,2050.0,1,0.3153846153846154
CUS_00284,[已隱蔽],2500.0,2050.0,1,0.82
CUS_00511,[已隱蔽],2500.0,2050.0,1,0.82
CUS_00625,[已隱蔽],2650.0,2020.0,1,0.7622641509433963
CUS_00289,[已隱蔽],3450.0,2020.0,1,0.5855072463768116
CUS_00187,[已隱蔽],3300.0,2010.0,1,0.6090909090909091
CUS_00176,[已隱蔽],5000.0,2000.0,1,0.4
CUS_00164,[已隱蔽],2000.0,2000.0,1,1.0
CUS_00580,[已隱蔽],6500.0,2000.0,1,0.3076923076923077
CUS_00261,[已隱蔽],3000.0,2000.0,1,0.6666666666666666
CUS_00102,[已隱蔽],3400.0,2000.0,1,0.5882352941176471
CUS_00488,[已隱蔽],3500.0,2000.0,1,0.5714285714285714
CUS_00468,[已隱蔽],3500.0,2000.0,1,0.5714285714285714
CUS_00018,[已隱蔽],2000.0,2000.0,1,1.0
CUS_00304,[已隱蔽],4600.0,2000.0,1,0.43478260869565216
CUS_00568,[已隱蔽],4000.0,2000.0,1,0.5
CUS_00378,[已隱蔽],3500.0,2000.0,1,0.5714285714285714
CUS_00626,[已隱蔽],4200.0,1975.0,1,0.47023809523809523
CUS_00138,[已隱蔽],4400.0,1965.0,2,0.4465909090909091
CUS_00565,[已隱蔽],3500.0,1930.0,1,0.5514285714285714
CUS_00575,[已隱蔽],5000.0,1920.0,2,0.384
CUS_00711,[已隱蔽],2750.0,1915.0,1,0.6963636363636364
CUS_00195,[已隱蔽],3200.0,1910.0,1,0.596875
CUS_00328,[已隱蔽],7500.0,1900.0,1,0.25333333333333335
CUS_00034,[已隱蔽],3000.0,1900.0,1,0.6333333333333333
CUS_00036,[已隱蔽],5000.0,1900.0,1,0.38
CUS_00137,[已隱蔽],5750.0,1890.0,4,0.32869565217391306
CUS_00111,[已隱蔽],3000.0,1880.0,1,0.6266666666666667
CUS_00486,[已隱蔽],2800.0,1880.0,1,0.6714285714285714
CUS_00383,[已隱蔽],2400.0,1875.0,1,0.78125
CUS_00198,[已隱蔽],3000.0,1870.0,1,0.6233333333333333
CUS_00688,[已隱蔽],2500.0,1870.0,1,0.748
CUS_00617,[已隱蔽],3650.0,1860.0,3,0.5095890410958904
CUS_00686,[已隱蔽],4000.0,1850.0,2,0.4625
CUS_00352,[已隱蔽],7700.0,1840.0,4,0.23896103896103896
CUS_00332,[已隱蔽],3500.0,1825.0,1,0.5214285714285715
CUS_00601,[已隱蔽],3000.0,1820.0,1,0.6066666666666667
CUS_00477,[已隱蔽],2550.0,1810.0,1,0.7098039215686275
CUS_00425,[已隱蔽],4500.0,1800.0,1,0.4
CUS_00701,[已隱蔽],5600.0,1800.0,1,0.32142857142857145
CUS_00600,[已隱蔽],7000.0,1800.0,1,0.2571428571428571
CUS_00637,[已隱蔽],2600.0,1800.0,1,0.6923076923076923
CUS_00045,[已隱蔽],2300.0,1790.0,1,0.7782608695652173
CUS_00212,[已隱蔽],3000.0,1770.0,2,0.59
CUS_00728,[已隱蔽],2500.0,1770.0,2,0.708
CUS_00374,[已隱蔽],3000.0,1750.0,1,0.5833333333333334
CUS_00680,[已隱蔽],3000.0,1750.0,1,0.5833333333333334
CUS_00061,[已隱蔽],2750.0,1750.0,1,0.6363636363636364
CUS_00507,[已隱蔽],3100.0,1742.0,1,0.5619354838709677
CUS_00509,[已隱蔽],2575.0,1702.4,2,0.661126213592233
CUS_00447,[已隱蔽],2000.0,1700.0,1,0.85
CUS_00474,[已隱蔽],2800.0,1700.0,1,0.6071428571428571
CUS_00039,[已隱蔽],2500.0,1700.0,1,0.68
CUS_00233,[已隱蔽],2500.0,1700.0,1,0.68
CUS_00662,[已隱蔽],5500.0,1700.0,1,0.3090909090909091
CUS_00007,[已隱蔽],2000.0,1690.0,1,0.845
CUS_00143,[已隱蔽],2575.0,1675.0,1,0.6504854368932039
CUS_00090,[已隱蔽],3000.0,1670.0,1,0.5566666666666666
CUS_00470,[已隱蔽],2200.0,1660.0,1,0.7545454545454545
CUS_00024,[已隱蔽],5400.0,1650.0,1,0.3055555555555556
CUS_00154,[已隱蔽],2000.0,1620.0,1,0.81
CUS_00428,[已隱蔽],2650.0,1618.7,1,0.6108301886792453
CUS_00724,[已隱蔽],3400.0,1604.0,1,0.4717647058823529
CUS_00676,[已隱蔽],2000.0,1600.0,2,0.8
CUS_00698,[已隱蔽],2000.0,1600.0,1,0.8
CUS_00092,[已隱蔽],3500.0,1600.0,1,0.45714285714285713
CUS_00426,[已隱蔽],2800.0,1600.0,1,0.5714285714285714
CUS_00209,[已隱蔽],1850.0,1600.0,1,0.8648648648648649
CUS_00465,[已隱蔽],3500.0,1600.0,1,0.45714285714285713
CUS_00459,[已隱蔽],3900.0,1560.0,1,0.4
CUS_00420,[已隱蔽],2350.0,1550.0,1,0.6595744680851063
CUS_00473,[已隱蔽],2000.0,1550.0,1,0.775
CUS_00593,[已隱蔽],2000.0,1550.0,1,0.775
CUS_00441,[已隱蔽],4200.0,1550.0,1,0.36904761904761907
CUS_00250,[已隱蔽],3000.0,1550.0,1,0.5166666666666667
CUS_00534,[已隱蔽],2499.0,1549.0,1,0.6198479391756703
CUS_00310,[已隱蔽],2450.0,1548.0,1,0.6318367346938776
CUS_00314,[已隱蔽],2600.0,1545.0,1,0.5942307692307692
CUS_00125,[已隱蔽],2300.0,1540.0,1,0.6695652173913044
CUS_00170,[已隱蔽],2700.0,1520.0,1,0.562962962962963
CUS_00053,[已隱蔽],2800.0,1500.0,1,0.5357142857142857
CUS_00597,[已隱蔽],3500.0,1500.0,1,0.42857142857142855
CUS_00406,[已隱蔽],6000.0,1500.0,1,0.25
CUS_00255,[已隱蔽],3500.0,1500.0,1,0.42857142857142855
CUS_00237,[已隱蔽],3300.0,1500.0,1,0.45454545454545453
CUS_00663,[已隱蔽],2300.0,1500.0,1,0.6521739130434783
CUS_00338,[已隱蔽],2800.0,1490.0,1,0.5321428571428571
CUS_00401,[已隱蔽],2300.0,1485.0,1,0.6456521739130435
CUS_00659,[已隱蔽],2700.0,1480.0,2,0.5481481481481482
CUS_00336,[已隱蔽],1999.0,1479.0,1,0.7398699349674838
CUS_00078,[已隱蔽],3700.0,1470.0,1,0.3972972972972973
CUS_00725,[已隱蔽],2950.0,1470.0,1,0.49830508474576274
CUS_00696,[已隱蔽],4200.0,1470.0,1,0.35
CUS_00073,[已隱蔽],2000.0,1450.0,1,0.725
CUS_00508,[已隱蔽],2000.0,1450.0,1,0.725
CUS_00548,[已隱蔽],3500.0,1440.0,1,0.4114285714285714
CUS_00412,[已隱蔽],2000.0,1400.0,1,0.7
CUS_00348,[已隱蔽],1700.0,1400.0,1,0.8235294117647058
CUS_00145,[已隱蔽],2600.0,1400.0,1,0.5384615384615384
CUS_00140,[已隱蔽],2600.0,1400.0,1,0.5384615384615384
CUS_00487,[已隱蔽],3100.0,1375.0,1,0.4435483870967742
CUS_00004,[已隱蔽],2350.0,1370.0,1,0.5829787234042553
CUS_00093,[已隱蔽],1800.0,1365.0,1,0.7583333333333333
CUS_00454,[已隱蔽],1600.0,1346.0,1,0.84125
CUS_00156,[已隱蔽],1450.0,1330.0,2,0.9172413793103448
CUS_00011,[已隱蔽],4250.0,1320.0,1,0.31058823529411766
CUS_00577,[已隱蔽],3649.0,1319.0,2,0.3614688955878323
CUS_00632,[已隱蔽],1600.0,1314.0,1,0.82125
CUS_00456,[已隱蔽],3000.0,1300.0,1,0.43333333333333335
CUS_00633,[已隱蔽],2000.0,1300.0,1,0.65
CUS_00611,[已隱蔽],2800.0,1300.0,1,0.4642857142857143
CUS_00368,[已隱蔽],2500.0,1300.0,1,0.52
CUS_00407,[已隱蔽],2500.0,1300.0,1,0.52
CUS_00200,[已隱蔽],3800.0,1300.0,1,0.34210526315789475
CUS_00409,[已隱蔽],2100.0,1290.0,1,0.6142857142857143
CUS_00003,[已隱蔽],1400.0,1290.0,1,0.9214285714285714
CUS_00210,[已隱蔽],1800.0,1280.0,1,0.7111111111111111
CUS_00382,[已隱蔽],2100.0,1279.0,1,0.6090476190476191
CUS_00729,[已隱蔽],2100.0,1275.0,1,0.6071428571428571
CUS_00325,[已隱蔽],1500.0,1250.0,1,0.8333333333333334
CUS_00129,[已隱蔽],3150.0,1250.0,1,0.3968253968253968
CUS_00469,[已隱蔽],1500.0,1240.0,1,0.8266666666666667
CUS_00152,[已隱蔽],1700.0,1230.0,1,0.7235294117647059
CUS_00434,[已隱蔽],2000.0,1220.0,1,0.61
CUS_00545,[已隱蔽],1500.0,1210.0,1,0.8066666666666666
CUS_00033,[已隱蔽],2500.0,1200.0,1,0.48
CUS_00655,[已隱蔽],2500.0,1200.0,1,0.48
CUS_00128,[已隱蔽],2900.0,1200.0,1,0.41379310344827586
CUS_00324,[已隱蔽],1900.0,1200.0,1,0.631578947368421
CUS_00305,[已隱蔽],7700.0,1200.0,1,0.15584415584415584
CUS_00101,[已隱蔽],4000.0,1182.0,1,0.2955
CUS_00612,[已隱蔽],2900.0,1180.0,1,0.4068965517241379
CUS_00732,[已隱蔽],1800.0,1170.0,1,0.65
CUS_00440,[已隱蔽],2150.0,1150.0,1,0.5348837209302325
CUS_00721,[已隱蔽],1900.0,1120.0,1,0.5894736842105263
CUS_00023,[已隱蔽],1500.0,1100.0,1,0.7333333333333333
CUS_00414,[已隱蔽],1500.0,1100.0,1,0.7333333333333333
CUS_00194,[已隱蔽],4000.0,1100.0,1,0.275
CUS_00466,[已隱蔽],1500.0,1100.0,1,0.7333333333333333
CUS_00505,[已隱蔽],3500.0,1100.0,1,0.3142857142857143
CUS_00234,[已隱蔽],3000.0,1100.0,1,0.36666666666666664
CUS_00481,[已隱蔽],1500.0,1100.0,1,0.7333333333333333
CUS_00610,[已隱蔽],1998.0,1098.0,1,0.5495495495495496
CUS_00178,[已隱蔽],1600.0,1090.0,1,0.68125
CUS_00515,[已隱蔽],1750.0,1060.0,1,0.6057142857142858
CUS_00539,[已隱蔽],1500.0,1050.0,1,0.7
CUS_00485,[已隱蔽],1300.0,1050.0,1,0.8076923076923077
CUS_00307,[已隱蔽],1200.0,1036.4,1,0.8636666666666667
CUS_00661,[已隱蔽],2180.0,1016.0,2,0.46605504587155966
CUS_00327,[已隱蔽],1500.0,1010.0,1,0.6733333333333333
CUS_00070,[已隱蔽],1500.0,1000.0,1,0.6666666666666666
CUS_00115,[已隱蔽],3500.0,1000.0,1,0.2857142857142857
CUS_00562,[已隱蔽],5500.0,1000.0,1,0.18181818181818182
CUS_00506,[已隱蔽],1200.0,1000.0,1,0.8333333333333334
CUS_00157,[已隱蔽],2500.0,1000.0,1,0.4
CUS_00142,[已隱蔽],3500.0,1000.0,1,0.2857142857142857
CUS_00147,[已隱蔽],2000.0,1000.0,1,0.5
CUS_00361,[已隱蔽],2500.0,1000.0,1,0.4
CUS_00186,[已隱蔽],1200.0,1000.0,1,0.8333333333333334
CUS_00050,[已隱蔽],2000.0,1000.0,1,0.5
CUS_00616,[已隱蔽],2200.0,1000.0,1,0.45454545454545453
CUS_00319,[已隱蔽],12500.0,1000.0,1,0.08
CUS_00703,[已隱蔽],2500.0,1000.0,1,0.4
CUS_00029,[已隱蔽],1500.0,1000.0,1,0.6666666666666666
CUS_00543,[已隱蔽],1749.0,995.0,1,0.5688965122927387
CUS_00380,[已隱蔽],2900.0,990.0,1,0.3413793103448276
CUS_00168,[已隱蔽],1900.0,980.0,1,0.5157894736842106
CUS_00285,[已隱蔽],1200.0,940.0,1,0.7833333333333333
CUS_00489,[已隱蔽],3000.0,940.0,1,0.31333333333333335
CUS_00690,[已隱蔽],1400.0,920.0,1,0.6571428571428571
CUS_00705,[已隱蔽],2400.0,920.0,2,0.38333333333333336
CUS_00049,[已隱蔽],2350.0,920.0,1,0.39148936170212767
CUS_00608,[已隱蔽],1400.0,900.0,1,0.6428571428571429
CUS_00228,[已隱蔽],2000.0,900.0,1,0.45
CUS_00418,[已隱蔽],2900.0,900.0,1,0.3103448275862069
CUS_00065,[已隱蔽],4300.0,900.0,1,0.20930232558139536
CUS_00104,[已隱蔽],1999.0,899.0,1,0.4497248624312156
CUS_00040,[已隱蔽],1000.0,850.0,1,0.85
CUS_00295,[已隱蔽],1000.0,850.0,1,0.85
CUS_00144,[已隱蔽],3000.0,846.0,1,0.282
CUS_00253,[已隱蔽],1000.0,830.0,1,0.83
CUS_00621,[已隱蔽],1000.0,810.0,1,0.81
CUS_00734,[已隱蔽],2500.0,800.0,1,0.32
CUS_00446,[已隱蔽],1000.0,800.0,1,0.8
CUS_00122,[已隱蔽],800.0,800.0,1,1.0
CUS_00400,[已隱蔽],2499.0,799.0,1,0.3197278911564626
CUS_00627,[已隱蔽],2299.0,799.0,1,0.3475424097433667
CUS_00660,[已隱蔽],2571.0,771.0,1,0.2998833138856476
CUS_00535,[已隱蔽],1000.0,760.0,1,0.76
CUS_00501,[已隱蔽],1000.0,760.0,1,0.76
CUS_00185,[已隱蔽],2500.0,750.0,1,0.3
CUS_00667,[已隱蔽],1000.0,740.0,1,0.74
CUS_00141,[已隱蔽],1780.0,740.0,1,0.4157303370786517
CUS_00710,[已隱蔽],2800.0,700.0,1,0.25
CUS_00700,[已隱蔽],2800.0,700.0,1,0.25
CUS_00247,[已隱蔽],3500.0,700.0,1,0.2
CUS_00218,[已隱蔽],1000.0,700.0,1,0.7
CUS_00109,[已隱蔽],1150.0,700.0,1,0.6086956521739131
CUS_00358,[已隱蔽],1209.0,669.0,1,0.5533498759305211
CUS_00684,[已隱蔽],1000.0,652.0,1,0.652
CUS_00403,[已隱蔽],1000.0,650.0,1,0.65
CUS_00589,[已隱蔽],900.0,640.0,1,0.7111111111111111
CUS_00242,[已隱蔽],1299.0,639.0,1,0.49191685912240185
CUS_00315,[已隱蔽],800.0,630.0,1,0.7875
CUS_00585,[已隱蔽],1100.0,620.0,1,0.5636363636363636
CUS_00566,[已隱蔽],1200.0,600.0,1,0.5
CUS_00169,[已隱蔽],1200.0,600.0,1,0.5
CUS_00628,[已隱蔽],2700.0,600.0,1,0.2222222222222222
CUS_00225,[已隱蔽],950.0,600.0,1,0.631578947368421
CUS_00222,[已隱蔽],900.0,600.0,1,0.6666666666666666
CUS_00687,[已隱蔽],900.0,550.0,1,0.6111111111111112
CUS_00139,[已隱蔽],4000.0,550.0,1,0.1375
CUS_00564,[已隱蔽],1500.0,500.0,1,0.3333333333333333
CUS_00719,[已隱蔽],3500.0,500.0,1,0.14285714285714285
CUS_00461,[已隱蔽],900.0,500.0,1,0.5555555555555556
CUS_00445,[已隱蔽],2300.0,500.0,1,0.21739130434782608
CUS_00130,[已隱蔽],3500.0,500.0,1,0.14285714285714285
CUS_00546,[已隱蔽],4990.0,490.0,1,0.09819639278557114
CUS_00245,[已隱蔽],4990.0,490.0,1,0.09819639278557114
CUS_00394,[已隱蔽],700.0,490.0,1,0.7
CUS_00480,[已隱蔽],810.0,485.0,1,0.5987654320987654
CUS_00080,[已隱蔽],900.0,480.0,1,0.5333333333333333
CUS_00605,[已隱蔽],600.0,460.0,1,0.7666666666666667
CUS_00560,[已隱蔽],2300.0,450.0,1,0.1956521739130435
CUS_00207,[已隱蔽],650.0,450.0,1,0.6923076923076923
CUS_00286,[已隱蔽],799.0,449.0,1,0.5619524405506884
CUS_00569,[已隱蔽],600.0,410.0,1,0.6833333333333333
CUS_00653,[已隱蔽],1000.0,400.0,1,0.4
CUS_00644,[已隱蔽],3000.0,400.0,1,0.13333333333333333
CUS_00025,[已隱蔽],800.0,400.0,1,0.5
CUS_00650,[已隱蔽],2000.0,400.0,1,0.2
CUS_00713,[已隱蔽],800.0,400.0,1,0.5
CUS_00639,[已隱蔽],850.0,390.0,2,0.4588235294117647
CUS_00563,[已隱蔽],700.0,350.0,1,0.5
CUS_00377,[已隱蔽],1300.0,350.0,1,0.2692307692307692
CUS_00134,[已隱蔽],950.0,350.0,1,0.3684210526315789
CUS_00082,[已隱蔽],550.0,338.2,2,0.6149090909090908
CUS_00707,[已隱蔽],600.0,320.0,1,0.5333333333333333
CUS_00095,[已隱蔽],300.0,300.0,1,1.0
CUS_00422,[已隱蔽],300.0,300.0,1,1.0
CUS_00645,[已隱蔽],750.0,300.0,1,0.4
CUS_00697,[已隱蔽],550.0,280.0,1,0.509090909090909
CUS_00595,[已隱蔽],400.0,260.0,1,0.65
CUS_00574,[已隱蔽],350.0,200.0,1,0.5714285714285714
CUS_00586,[已隱蔽],200.0,165.0,1,0.825
CUS_00716,[已隱蔽],300.0,162.0,1,0.54
CUS_00695,[已隱蔽],200.0,118.0,1,0.59
CUS_00573,[已隱蔽],150.0,65.0,1,0.43333333333333335
CUS_00620,[已隱蔽],3000.0,0.0,1,0.0
CUS_00673,[已隱蔽],1500.0,-2360.0,1,-1.5733333333333333
