prdno,prdnm,classno,qty,safeqty,pcost,qty_sold_1y
EY,工資                                                          ,A01,-668.0,0.0,0.0,49.0
SAXO1040,SAXO 10W/40機油                                               ,A01,-31.0,0.0,120.0,36.0
UJGY,英文數字                                                        ,A01,-66.0,0.0,35.0,36.0
G18.52Q,G18.5燈泡                                                     ,A01,-48.0,0.0,5.0,31.0
2VY,單芯座                                                         ,A01,-9.0,0.0,16.0,30.0
MISSIONCVT,MISSION CVT-F自排油X+++                                        ,A01,-70.0,0.0,230.0,22.0
832YW,8#端子頭                                                       ,A01,-20.0,0.0,15.0,20.0
16322T,1632電池                                                      ,A01,-49.0,0.0,45.0,20.0
SAXOC35W30FHU,SAXO C3 5W30柴油共用遊                                           ,A01,-28.0,0.0,220.0,19.0
RSEN02F,RSEN安定器                                                     ,A01,-7.0,0.0,400.0,12.0
2TXWSDXU,倒車雷達內崁兩眼-禾麟                                                 ,A01,0.0,0.0,380.0,10.0
12FVRU5XR,八大全效機油精                                                     ,A01,-31.0,0.0,120.0,9.0
SAXOQUYFRR,SAXO噴油嘴清潔劑                                                  ,A01,-10.0,0.0,80.0,7.0
ZEROFV1UUR,ZERO全效保養汽車精[車牌]                                            ,A01,-9.0,0.0,180.0,7.0
UTEY,驗車工資                                                        ,A01,-8.0,0.0,0.0,6.0
2QG,電瓶水                                                         ,A01,-30.0,0.0,15.0,6.0
CHEERS1540RU,CHEERS 15/40機油                                              ,A01,-9.0,0.0,104.2,5.0
ZV5G539HNF,發現者F-539測速器                                                 ,A01,0.0,0.0,1900.0,5.0
NOIDNRMG24,NOID三節雨刷 24吋                                                ,A01,-4.0,0.0,100.0,5.0
2055516BSNH100,205/55-16 BS NH100輪胎                                        ,A01,0.0,0.0,2700.0,4.0
BCF-16162CVF,[車牌]點火線圈                                                ,A01,0.0,0.0,1800.0,4.0
BCF-1616CVN,[車牌]火星塞                                                 ,A01,0.0,0.0,450.0,4.0
RSENT1018RMU,RSEN T10 魚眼 18晶CANBUS                                       ,A01,-1.0,0.0,150.0,4.0
ZWUV,豐田油芯                                                        ,A01,-31.0,0.0,80.0,4.0
VTRXFV,行車記錄器線                                                      ,A01,-49.0,0.0,150.0,4.0
WISHUV,WISH油芯                                                      ,A01,-23.0,0.0,65.0,4.0
5SR,助黏劑                                                         ,A01,-2.0,0.0,100.0,4.0
RSEND48000K,RSEN D4 8000K燈泡                                             ,A01,-6.0,0.0,500.0,4.0
FCOUSUV,FCOUS油芯                                                     ,A01,-17.0,0.0,250.0,4.0
K00374,彩繪貼紙/火貼紙                                                    ,A01,0.0,0.0,50.0,3.0
ZEROVRMG20,ZERO矽膠雨刷20吋                                                 ,A01,-3.0,0.0,350.0,3.0
NXUR,三菱油芯                                                        ,A01,-12.0,0.0,45.0,3.0
H00861,鶴/一對 立體 貼紙                                                  ,A01,-1.0,0.0,30.0,3.0
CLA2500UV,CLA-250專用油芯                                                 ,A01,-4.0,0.0,300.0,3.0
1VNV,保險絲(小)                                                      ,A01,-22.0,1.0,2.0,3.0
AXZ7328EY,工資                                                          ,A01,-4.0,0.0,0.0,3.0
RSEND46000K,RSEN D4 6000K燈泡                                             ,A01,0.0,0.0,500.0,3.0
PF154QGW,PF-154噴水頭                                                   ,A01,-4.0,0.0,63.0,3.0
CLA250XFXJ,CLA-250冷氣濾網(W17)                                            ,A01,-5.0,0.0,500.0,3.0
SENFINECOFURFFVR,西德SENFINECO汽油進氣系統清洗劑9921                                    ,A01,-1.0,0.0,400.0,3.0
ZEROVRMG24,ZERO矽膠雨刷24吋                                                 ,A01,-5.0,0.0,415.0,3.0
4RR2F,4角繼電器                                                       ,A01,-11.0,0.0,35.0,3.0
2MT,電源夾 (JK-40-S27)小                                            ,A01,-23.0,0.0,80.0,3.0
E00472,德國國旗                                                        ,A01,0.0,0.0,15.0,3.0
RSENH76000K,RSEN H7 6000K燈泡                                             ,A01,0.0,0.0,150.0,3.0
C00436,普利司通                                                        ,A01,0.0,0.0,10.0,3.0
ZEROAMN+RFC,ZERO鉬元素+噴油嘴除扣劑                                              ,A01,-8.0,0.0,320.0,3.0
RSEND243000K2Q,RSEN D2H 4300K燈泡                                            ,A01,-2.0,0.0,250.0,3.0
F00533,邊條                                                          ,A01,0.0,0.0,20.0,3.0
DIY4BTX,DIY(四入)窗簾                                                   ,A01,-4.0,0.0,100.0,2.0
RSENH112TY,RSEN H11陶瓷座                                                 ,A01,-3.0,0.0,90.0,2.0
CLA250DFV,CLA-250空氣芯                                                  ,A01,-8.0,0.0,350.0,2.0
82VADFV2.0,8代喜美2.0空氣芯                                                  ,A01,-4.0,0.0,200.0,2.0
3M2CM,3M膠*2CM                                                     ,A01,-8.0,0.0,90.0,2.0
VBDUMN,向日葵釉元素                                                      ,A01,-3.0,0.0,300.0,2.0
LEDXG2W1.5M,LED流水燈條1.5MM                                                ,A01,-4.0,0.0,240.0,2.0
TYPERH7CR2Q,TYPE-R H7黃金燈泡                                               ,A01,-3.0,0.0,200.0,2.0
82VAXFXJ,8代喜美冷氣濾網                                                    ,A01,-5.0,0.0,200.0,2.0
E00948,德國國旗/二入                                                     ,A01,0.0,0.0,15.0,2.0
ZINGERDFV,ZINGER空氣芯                                                   ,A01,-8.0,0.0,150.0,2.0
IX35XFXJ,IX35冷氣濾網                                                    ,A01,-2.0,0.0,250.0,2.0
WF55D23L2Q,湯淺55D23L電瓶                                                  ,A01,-2.0,0.0,1850.0,2.0
NO771WVG,NO-77備長炭香水                                                  ,A01,-1.0,0.0,75.0,2.0
USB095,USB安卓                                                       ,A01,-4.0,0.0,0.0,2.0
MIOD22GPSVTRXF,MIO D22 GPS行車紀錄器                                            ,A01,0.0,0.0,2000.0,2.0
64GRUD,64G記憶卡                                                      ,A01,-3.0,0.0,0.0,2.0
RSEN90066000K2Q,R[車牌] 6000K燈泡                                           ,A01,-2.0,0.0,150.0,2.0
LEO694Y,車身貼線/螢光黃                                                    ,A01,0.0,0.0,30.0,2.0
FCOUSDFV,FCOUS空氣芯                                                    ,A01,-2.0,0.0,0.0,2.0
C55GXCMR,黑珍珠朔料還原劑                                                    ,A01,0.0,0.0,105.0,2.0
VAXMG1,西米露雨刷臂                                                      ,A01,0.0,0.0,700.0,2.0
Z10CVU,Z10後顯影                                                      ,A01,-1.0,0.0,800.0,2.0
08ALTISTA1E2,08ALTIS長毛避光墊                                                ,A01,-2.0,0.0,220.0,2.0
CLA25022545R17XW,CLA250 225/45R/17 馬牌輪胎                                      ,A01,0.0,0.0,4200.0,2.0
SOLIOCGTV,SOLIO後煞車線                                                   ,A01,0.0,0.0,950.0,2.0
PNS-TAIR002,手持式無線胎壓偵測打氣機                                                ,A01,0.0,0.0,660.0,2.0
NO16375TGGD,NO-1637(直插式)雙孔+USB 12V/12V插座                                ,A01,-12.0,0.0,150.0,2.0
10WISHGTQ,10WISH煞車盤                                                   ,A01,0.0,0.0,700.0,2.0
E00678,龍/二入                                                        ,A01,0.0,0.0,15.0,2.0
2TVUAHDVTA,AHD倒車顯影(帶燈小草帽)寶馬頭                                           ,A01,-2.0,0.0,600.0,2.0
F00428,EASYRIDERS/紅                                                ,A01,0.0,0.0,20.0,2.0
H355W2Q,H3 55W燈泡                                                    ,A01,-1.0,0.0,25.0,2.0
82VAUV,8代喜美油芯                                                      ,A01,-8.0,0.0,80.0,2.0
IX35DFV,IX35 空氣芯                                                    ,A01,-2.0,0.0,200.0,2.0
1GW117FWQ,賓士W117前碟盤                                                   ,A01,0.0,0.0,3400.0,2.0
1GW117FE5V,賓士W117前感知線                                                  ,A01,-1.0,0.0,900.0,2.0
AFLS150JV2,AFL-S150微笑燈                                                 ,A01,-4.0,0.0,410.0,2.0
SENFINECORU5X,西德SENFINECO機油止漏劑                                            ,A01,-4.0,0.0,160.0,2.0
1GW117FXXQ,賓士W117前來令片                                                  ,A01,-1.0,0.0,2500.0,2.0
PNSTPC004,PNS-TPC004停車告示牌                                             ,A01,-3.0,0.0,70.0,2.0
ZEROVRMG16,ZERO矽膠雨刷16吋                                                 ,A01,-1.0,0.0,325.0,2.0
ABROUFFVR,ABRO引擎清洗劑                                                   ,A01,-5.0,0.0,95.0,2.0
DH26TGGW,DH-26 1.2車身飾條                                               ,A01,-2.0,0.0,290.0,2.0
ZEROVRMG18,ZERO矽膠雨刷18吋                                                 ,A01,-3.0,0.0,325.0,2.0
RSENGVR,RSEN水箱精                                                     ,A01,-4.0,0.0,80.0,2.0
XGRUV,菱帥機油芯                                                       ,A01,-21.0,0.0,60.0,2.0
12VACGRU,2009年八代喜美(右)後視鏡                                             ,A01,0.0,0.0,2100.0,1.0
5ED2R,中古擴大機                                                       ,A01,-1.0,0.0,0.0,1.0
ANW-01955EXW,[車牌]中古輪胎                                                ,A01,0.0,0.0,500.0,1.0
CLA250RUT,CLA(W117)機油尺                                                ,A01,0.0,0.0,1300.0,1.0
ANW-0195TUYT,[車牌]賓士250抽油總成                                           ,A01,0.0,0.0,8500.0,1.0
KMWTV,鱷魚頭出線                                                       ,A01,-1.0,0.0,40.0,1.0
06YARISCXXQ,06YARIS後來令片                                                 ,A01,0.0,0.0,600.0,1.0
T5EY,拆裝工資                                                        ,A01,-1.0,0.0,0.0,1.0
8391-M8EB5,8391-M8八代喜美隔熱紙                                              ,A01,0.0,0.0,2000.0,1.0
SIENTAJ1G,SIENTA外把手/後                                                 ,A01,0.0,0.0,350.0,1.0
19ALTIS8C05R,19ALTIS 10吋 8核3+32主機                                        ,A01,0.0,0.0,5800.0,1.0
NV5RW,三星轉接頭                                                       ,A01,-1.0,0.0,450.0,1.0
FCOUS2Q,FCOUS E46電瓶                                                 ,A01,0.0,0.0,5500.0,1.0
R48JE,R-48尾管                                                      ,A01,-1.0,0.0,350.0,1.0
08ALTISUC2S1,08ALTIS(右後)擋泥板                                              ,A01,0.0,0.0,400.0,1.0
0769-T9F1EDF,0769-T9前保桿烤漆                                                ,A01,0.0,0.0,4000.0,1.0
GS125D31L2Q,GS 125D31L電瓶                                                ,A01,0.0,0.0,3500.0,1.0
CROSS4QFMT,CROSS(四片)晴雨窗                                                ,A01,0.0,0.0,700.0,1.0
AVA7H055R,AVA 7吋安卓主機2+32                                              ,A01,0.0,0.0,5800.0,1.0
ZWHILUXTA1E2,豐田 HILUX長毛避光墊                                               ,A01,-1.0,0.0,300.0,1.0
ABT-D2330WR2F22M,ABT-D2330台極電啟動電源                                            ,A01,0.0,0.0,2600.0,1.0
01-08ALTISDFV,01-08ALTIS空氣芯                                               ,A01,-1.0,0.0,75.0,1.0
18BMWX25MW2,18BMWX25專用踏墊+後箱                                             ,A01,0.0,0.0,750.0,1.0
YARISCXXQ,YARIS後來令片                                                   ,A01,0.0,0.0,1600.0,1.0
YARISGTUEC,YARIS煞車油更換                                                  ,A01,0.0,0.0,800.0,1.0
08WISHA1E,08WISH面板框                                                   ,A01,0.0,0.0,500.0,1.0
LEO695Y,車身貼線/螢光黃                                                    ,A01,0.0,0.0,40.0,1.0
JX5E9006CR2Q,未來之光9006黃金燈泡                                                ,A01,-1.0,0.0,170.0,1.0
BG1UW,瑞獅5人布椅套                                                     ,A01,0.0,0.0,2600.0,1.0
10WISHXXQ,10WISH來令片                                                   ,A01,0.0,0.0,900.0,1.0
VUXXQ,雄鷹來令片                                                       ,A01,0.0,0.0,400.0,1.0
10WISHUNR2TZ,10WISH壓縮機電池閥                                                ,A01,0.0,0.0,2200.0,1.0
10WISHZ2REY,10WISH發電機拆裝工資                                               ,A01,0.0,0.0,600.0,1.0
XTRAILS51UW,X-TRAIL 牛仔布椅套套                                              ,A01,0.0,0.0,4800.0,1.0
08ALTISQGWYT,08ALTIS噴水桶總成                                                ,A01,0.0,0.0,700.0,1.0
ELANTRAJU,ELANTRA尾翼                                                   ,A01,0.0,0.0,2300.0,1.0
ZNT62-QUW,2016 T6第二排皮椅套                                               ,A01,-1.0,0.0,700.0,1.0
COROLLACROSSXC,COROLLA CROSS輪弧                                             ,A01,0.0,0.0,1100.0,1.0
10WISHUNR2TZT5EY,10WISH壓縮機電池閥拆裝工資                                            ,A01,0.0,0.0,600.0,1.0
10WISH2QT5EY,10WISH碟盤拆裝工資                                                ,A01,0.0,0.0,600.0,1.0
TEANAXXQ,Teana來令片                                                    ,A01,0.0,0.0,600.0,1.0
01ALTISQUW,01ALTIS皮椅套                                                  ,A01,-1.0,0.0,2200.0,1.0
10WISHZ2R,10WISH發電機                                                   ,A01,0.0,0.0,4800.0,1.0
JK40USBDT,JK-40-W-1置物箱USB貼式充電3.0/12                                   ,A01,0.0,0.0,200.0,1.0
929TX,929粗蠟                                                       ,A01,-5.0,0.0,58.0,1.0
UZ2ES5JR,椅縫多功能飲料置物架                                                  ,A01,0.0,0.0,80.0,1.0
H11OSARM2Q,H11 OSARM燈泡                                                 ,A01,-4.0,0.0,120.0,1.0
ERQ602Q,國際牌60電瓶                                                     ,A01,-1.0,0.0,1900.0,1.0
13ALTISTA1E2,13ALTIS長毛避光墊                                                ,A01,-1.0,0.0,220.0,1.0
BW2,軟條燈                                                         ,A01,-6.0,0.0,68.0,1.0
VBDGVR,向日葵水箱精                                                      ,A01,-5.0,0.0,60.0,1.0
ID6HW5,ID-6吋同軸喇叭                                                   ,A01,0.0,0.0,700.0,1.0
AV5F2,AV轉換附啟動                                                     ,A01,-8.0,0.0,250.0,1.0
AVVCV4.5M,AV訊號線4.5M                                                   ,A01,-2.0,0.0,130.0,1.0
07CRV4+645R,07CRV 4+64安卓主機                                              ,A01,0.0,0.0,6000.0,1.0
08GOLF10055R,05-08GOLF 4+6410吋安卓主機                                       ,A01,0.0,0.0,6500.0,1.0
G2DE,水滴開關                                                        ,A01,-7.0,0.0,80.0,1.0
ZGR2F,風扇繼電器                                                       ,A01,-1.0,0.0,0.0,1.0
510Z2F,510防盜器                                                      ,A01,0.0,0.0,850.0,1.0
GN7440T20,T20 G7440 5630雙芯(紅)                                         ,A01,-1.5,0.0,240.0,1.0
W2XEUA,特多龍汽車隔音棉                                                    ,A01,-3.0,0.0,300.0,1.0
GN119WFQW2L,GN-119透氣方向盤套 2L                                             ,A01,-1.0,0.0,148.0,1.0
VR1RUV,新尖兵機油芯                                                      ,A01,-8.0,0.0,50.0,1.0
RSENH72HY,RSEN H7陶瓷座                                                  ,A01,-0.5,0.0,50.0,1.0
32G,32G卡片                                                       ,A01,-37.0,0.0,250.0,1.0
NHGX,三彩水蠟                                                        ,A01,0.0,0.0,85.0,1.0
12VAXXQ,8喜美來令片                                                      ,A01,0.0,0.0,500.0,1.0
SIENTA054+645R,SINEATA 4+64安卓主機                                            ,A01,0.0,0.0,6000.0,1.0
2020RAV4FMTNQ,[車牌]4(四片)晴雨窗                                             ,A01,-1.0,0.0,1200.0,1.0
97EAXFMT,97冠美麗晴雨窗                                                    ,A01,-1.0,0.0,300.0,1.0
2010LRXUSRX450,[車牌]USRX450專用踏墊                                          ,A01,0.0,0.0,700.0,1.0
REDGD1005,[車牌]A(US)-U14路數位H265                                     ,A01,0.0,0.0,2400.0,1.0
COWD2T,WD 2TB SATA紫標監控硬碟(陞泰)                                       ,A01,0.0,0.0,3500.0,1.0
YARISCROSS055R4+64,YARIS CORSS 4+64 安卓主機                                       ,A01,0.0,0.0,6000.0,1.0
LIVINARC2D,14LIVINA(R)後燈殼                                              ,A01,0.0,0.0,1100.0,1.0
AZE-7328XA,[車牌]冷媒                                                  ,A01,0.0,0.0,800.0,1.0
SOLIOCXXQ,SOLIO後來令片                                                   ,A01,0.0,0.0,1050.0,1.0
AZE-7328XFHX,[車牌]冷氣測漏                                                ,A01,0.0,0.0,0.0,1.0
TURBO900622,TU[車牌]LED大燈                                             ,A01,-1.0,0.0,1200.0,1.0
AZE-7328EZR,[車牌]鼓風機                                                 ,A01,0.0,0.0,3000.0,1.0
180TA1E2DZ,180(咖啡)長毛避光墊                                                ,A01,-1.0,0.0,350.0,1.0
EUX1,高音喇叭                                                        ,A01,-1.0,0.0,0.0,1.0
CARDIO84+645R,CARDIO 8核4+64安卓主機                                           ,A01,0.0,0.0,6000.0,1.0
CLARF2E,CLA250進氣導管                                                  ,A01,-1.0,0.0,2300.0,1.0
09ALTIS1UW,2835156 09ALTIS布椅套                                          ,A01,0.0,0.0,3150.0,1.0
0760-T9XW2J,0760-T9輪胎定位                                                 ,A01,0.0,0.0,400.0,1.0
AYJ-7187YQU,[車牌]自排油                                                 ,A01,0.0,0.0,4500.0,1.0
C13.12UTY,C-1 3.1USB電壓插頭                                              ,A01,-4.0,0.0,0.0,1.0
CARDIOCA700.1A,CADIO 7吋 2+32安卓主機                                           ,A01,-1.0,0.0,7000.0,1.0
RSENHID5RF,RSEN HID轉接器                                                 ,A01,-2.0,0.0,100.0,1.0
FORTIS05+CR,FORTIS安卓+環景                                                 ,A01,0.0,0.0,16000.0,1.0
PNSS23TY,車用單孔插座+雙USB                                                 ,A01,-1.0,0.0,150.0,1.0
GPSWV,GPS天線                                                       ,A01,-5.0,0.0,500.0,1.0
055MVTRXF,安卓專用雙眼行車紀錄器                                                 ,A01,0.0,0.0,2000.0,1.0
NO2112GRR,NO-[車牌]手機架                                              ,A01,-11.0,0.0,200.0,1.0
12ELANTRATA1E2,12ELANTRA長毛避光墊                                              ,A01,-1.0,0.0,220.0,1.0
TYPERH3CR2Q,TYPE-R H3黃金燈泡                                               ,A01,0.0,0.0,170.0,1.0
USBW,USB頭                                                        ,A01,-2.0,0.0,0.0,1.0
ELANTRXFXJ,ELANTRA冷氣濾網                                                 ,A01,-1.0,0.0,200.0,1.0
02EAXXFXJ,02冠美麗冷氣濾網                                                   ,A01,-1.0,0.0,120.0,1.0
CORSS5W2,CORSS專用踏墊                                                   ,A01,0.0,0.0,250.0,1.0
TYPER9005T1E,TYPE-R 9005超白光                                              ,A01,0.0,0.0,200.0,1.0
JS033152,[車牌]5燈                                                    ,A01,-1.0,0.0,300.0,1.0
OBT2FHWWVGF,OBT抬頭顯示器(七彩)                                                ,A01,0.0,0.0,1000.0,1.0
YARISDFV,YARIS空氣芯                                                    ,A01,-7.0,0.0,150.0,1.0
FORTISDFV,FORTIS空氣芯                                                   ,A01,-1.0,0.0,180.0,1.0
2TVUAHDJE,AHD倒車顯影(8燈外掛)寶馬頭                                            ,A01,-1.0,0.0,450.0,1.0
2ZTERIOSQUW,大發TERIOS皮椅套                                                 ,A01,0.0,0.0,2450.0,1.0
19ALTIS5MW2,19ALTIS專用踏墊                                                 ,A01,0.0,0.0,250.0,1.0
J00353CMG,J00353 I30後雨刷                                               ,A01,-3.0,0.0,140.0,1.0
TAE0062FR,TA-E006極光數位打氣機                                              ,A01,-1.0,0.0,1300.0,1.0
5Y5T1CVU15A,追蹤者T1後顯影頭線組                                                 ,A01,0.0,0.0,250.0,1.0
XB572ZR2V,XB-572負極導線                                                  ,A01,-1.0,0.0,280.0,1.0
SPAGEGEARFMT,SPAGE GEAR(兩片)晴雨窗                                           ,A01,0.0,0.0,450.0,1.0
20322T,2032電池                                                      ,A01,-3.0,0.0,27.0,1.0
06EAX2+32105R,06冠美麗10吋安卓主機+框                                              ,A01,0.0,0.0,5700.0,1.0
V33GRR,V33手機架                                                      ,A01,-3.0,0.0,150.0,1.0
HNFVW,測速器線頭                                                       ,A01,-8.0,0.0,150.0,1.0
SF12501VNY,SF-1250保險絲座                                                 ,A01,-5.0,0.0,15.0,1.0
ESCAPE2.3DFV,RSCAPE2.3空氣芯                                                ,A01,-2.0,0.0,200.0,1.0
2TX2NU,倒車雷達(四眼)崁入                                                  ,A01,-1.0,0.0,580.0,1.0
ZINGERXXQ,ZINGER來令片                                                   ,A01,0.0,0.0,650.0,1.0
RSCUV,嘉年華油芯                                                       ,A01,-6.0,0.0,40.0,1.0
ZXDDFV,菲利卡空氣芯                                                      ,A01,0.0,0.0,150.0,1.0
RSENUEMG20H,RSEN硬骨20吋雨刷                                                 ,A01,-8.0,0.0,70.0,1.0
BCF1616EFDF,[車牌]鋼圈烤漆                                                ,A01,0.0,0.0,2400.0,1.0
E00729,AKRAPOVIC貼紙                                                 ,A01,0.0,0.0,15.0,1.0
RSEN90063000K2Q,R[車牌] 3000K燈泡                                           ,A01,0.0,0.0,200.0,1.0
ABTE069,ABT E069太極K3臭氧殺菌無限                                          ,A01,0.0,0.0,850.0,1.0
NOID36GS2,NOID 36MM室內燈                                                ,A01,-2.0,0.0,280.0,1.0
16G,16G                                                         ,A01,-34.0,0.0,180.0,1.0
SA6105UX,SA-610遮陽簾                                                   ,A01,-1.0,0.0,250.0,1.0
GVE0.9,水箱蓋0.9                                                      ,A01,-5.0,0.0,110.0,1.0
TURBOH1LED,TURBO H1 LED大燈                                              ,A01,-1.0,0.0,1200.0,1.0
TYPERH11T1E,TYPE-R H11超白光燈泡                                             ,A01,-3.0,0.0,200.0,1.0
02EAXDFV,02冠美麗空氣芯                                                    ,A01,-5.0,0.0,120.0,1.0
ABROZVQU,ABRO方向盤油(含止漏)                                               ,A01,-6.0,0.0,140.0,1.0
UR,羊角(4支)                                                      ,A01,0.0,0.0,762.0,1.0
1000APRTV,[車牌]救車線                                                   ,A01,-3.0,0.0,350.0,1.0
2TXWVTAVU,倒車顯影(帶燈小草帽)寶馬頭                                              ,A01,0.0,0.0,450.0,1.0
1G117CXXQ05EY,賓士W117後來令片安裝工資                                              ,A01,0.0,0.0,5900.0,1.0
H11LED3N,H11 LED 3色                                                  ,A01,-1.0,0.0,800.0,1.0
15XTRAILTA1E2,15 X-TRAIL長毛避光墊                                             ,A01,-2.0,0.0,300.0,1.0
TIERRATA1E2,TIERRA長毛避光墊                                                 ,A01,-2.0,0.0,300.0,1.0
1GW117CE5V,賓士W117後感知線                                                  ,A01,0.0,0.0,900.0,1.0
TIERRADFV,TIERRA空氣芯                                                   ,A01,-1.0,0.0,120.0,1.0
1GW117C2Q,賓士W117後碟盤                                                   ,A01,0.0,0.0,3400.0,1.0
H7OSRARN2Q,H7 OSRARN燈泡                                                 ,A01,0.0,0.0,75.0,1.0
1GW117CXXQ,賓士W117後來令片                                                  ,A01,0.0,0.0,1800.0,1.0
BCF-1616CVNEY,[車牌]火星塞工資                                               ,A01,-1.0,0.0,600.0,1.0
FORTISXFXJ,FORTIS冷氣濾網                                                  ,A01,-2.0,0.0,200.0,1.0
ZINGERUV,ZINGER油芯                                                    ,A01,-3.0,0.0,60.0,1.0
20PORTER,20PORTER 專用踏墊                                               ,A01,0.0,0.0,450.0,1.0
ABTA077,mini電動型萬用冷氣口手機架                                             ,A01,0.0,0.0,130.0,1.0
IX35RUV,IX35機油芯                                                     ,A01,0.0,0.0,100.0,1.0
13HXE,13吋輪蓋                                                       ,A01,-1.0,0.0,350.0,1.0
ABT-D007,補胎釘工具組                                                      ,A01,0.0,0.0,260.0,1.0
Z10CTUTV,Z10貨車專用延長線20米                                               ,A01,-1.0,0.0,200.0,1.0
Z10GUVTRXF20A,Z10雙眼行車紀錄器(15米)                                             ,A01,-1.0,0.0,2600.0,1.0
12EAXFM4Q,12冠美麗晴雨窗(四片)                                                ,A01,-1.0,0.0,700.0,1.0
FCOUS5MXFXJ,FCOUS冷氣濾網                                                   ,A01,-1.0,0.0,400.0,1.0
GN-091-W0F2,GN-091兒童安全帶                                                 ,A01,-1.0,0.0,100.0,1.0
YARISCORSS1E2,YARIS CORSS長毛避光墊                                            ,A01,-1.0,0.0,220.0,1.0
T101E,T10白光                                                       ,A01,-4.0,0.0,100.0,1.0
10WISHVBN,10WISH SC20HR11火星賽                                          ,A01,0.0,0.0,1000.0,1.0
5338-M3EB5,5338-M3隔熱紙                                                  ,A01,0.0,0.0,4500.0,1.0
10WISHXA,10WISH冷媒                                                    ,A01,0.0,0.0,800.0,1.0
10WISHXFFV,10WISH冷氣清洗                                                  ,A01,-1.0,0.0,1000.0,1.0
BSD-77GHZ,[車牌]盲點偵測                                                ,A01,0.0,0.0,4500.0,1.0
06YARISCYGTZ1,06YARIS(後左)分泵整理                                             ,A01,0.0,0.0,1400.0,1.0
DAW510*50,卡夢貼紙10*50cm                                                 ,A01,-21.0,0.0,20.0,1.0
VJ5UTZ,許文哲驗車費                                                      ,A01,-1.0,0.0,1050.0,1.0
ZINGERT2R,ZINGER RL-QPP車頂架                                            ,A01,0.0,0.0,3667.0,1.0
J00336,方格旗/立體                                                      ,A01,0.0,0.0,40.0,1.0
06YARISFXXQ,06YARIS(前)來令片                                               ,A01,0.0,0.0,600.0,1.0
X2VTRXF,追蹤者X2行車紀錄器                                                  ,A01,-3.0,0.0,1200.0,1.0
TYPER90062Q,TYPE-R9006黃金燈泡                                              ,A01,-1.5,0.0,200.0,1.0
IX35TA1E2,IX-35長毛避光墊                                                  ,A01,-1.0,0.0,220.0,1.0
GYQ2W,水鑽排檔頭                                                       ,A01,-3.0,0.0,450.0,1.0
CLA250YQU,CLA 250自排油                                                  ,A01,0.0,0.0,8500.0,1.0
XW2FRNO193841,NO:193841專業打氣機                                              ,A01,0.0,0.0,950.0,1.0
V38U1GRR,V38儀板手機架                                                    ,A01,0.0,0.0,150.0,1.0
ACP301,ACP-301室內鏡                                                  ,A01,-2.0,0.0,100.0,1.0
GARMINVQ2Y,GARMIN吸盤底座                                                  ,A01,-1.0,0.0,145.0,1.0
PNSSUNF002M,汽車前黨遮陽片-磁吸與後視鏡罩-M視鏡照-M                                      ,A01,0.0,0.0,140.0,1.0
06YARISCGTZ1,06YARIS後煞車分泵(整理)                                            ,A01,0.0,0.0,1400.0,1.0
XFFV,冷氣清洗                                                        ,A01,-2.0,0.0,0.0,1.0
PNSSUN15XL,後車箱防蚊網-XL                                                   ,A01,-1.0,0.0,530.0,1.0
0052DSGRR,005多功能手機架                                                   ,A01,-2.0,0.0,120.0,0.0
